k3,pkr,auc_mean,auc_std,auc_sem,pkr_bc_nunique,0hr_total_reads,site,pkr_regions,pkr_type,wt_aa,var_aa,wt_cat,var_cat,isr_kinase_conservation,elde_primate_positive_selection,vertebrate_positive_selection,pkr_conservation,jaquet_primate_positive_selection,vert_sele_analysis,elde_primate_sele_analysis,jaquet_primate_sele_analysis
K3Δ58,PKR-A488D,4.42674985762929,1.5874912136901689,0.44029084386988193,13,3187.0,488.0,Region 4,Variant,A,D,Non-Polar,Negative Charge,,,Vertebrate Positive Selection,,,Vertebrate Positive Selection,,
K3Δ58,PKR-A488G,4.936558036504256,1.7517998461659583,0.468188202468308,14,3970.0,488.0,Region 4,Variant,A,G,Non-Polar,Unique,,,Vertebrate Positive Selection,,,Vertebrate Positive Selection,,
K3Δ58,PKR-A488P,-6.406692020690209,0.347792576927749,0.11593085897591633,9,3073.0,488.0,Region 4,Variant,A,P,Non-Polar,Unique,,,Vertebrate Positive Selection,,,Vertebrate Positive Selection,,
K3Δ58,PKR-A488S,3.914159614502767,1.3717655267120337,0.31470459500897885,19,4567.0,488.0,Region 4,Variant,A,S,Non-Polar,Polar-Neutral,,,Vertebrate Positive Selection,,,Vertebrate Positive Selection,,
K3Δ58,PKR-A488T,3.998408030386108,1.9290332341271217,0.49807423933699835,15,3644.0,488.0,Region 4,Variant,A,T,Non-Polar,Polar-Neutral,,,Vertebrate Positive Selection,,,Vertebrate Positive Selection,,
K3Δ58,PKR-A488V,3.5657463472872157,1.0378085930271572,0.2035310102776826,26,7177.0,488.0,Region 4,Variant,A,V,Non-Polar,Non-Polar,,,Vertebrate Positive Selection,,,Vertebrate Positive Selection,,
K3Δ58,PKR-C485F,5.1334620021270725,1.7463598753587855,0.3242908876335838,29,4133.0,485.0,Region 4,Variant,C,F,Polar-Neutral,Aromatic,,,,,,,,
K3Δ58,PKR-C485G,4.424369669446872,1.5264954343307988,0.2741666735254761,31,5638.0,485.0,Region 4,Variant,C,G,Polar-Neutral,Unique,,,,,,,,
K3Δ58,PKR-C485R,4.593428815819653,1.616797908002569,0.2732887261969072,35,6507.0,485.0,Region 4,Variant,C,R,Polar-Neutral,Positive Charge,,,,,,,,
K3Δ58,PKR-C485S,4.299399076418154,1.4431210166927102,0.31491482361790357,21,3014.0,485.0,Region 4,Variant,C,S,Polar-Neutral,Polar-Neutral,,,,,,,,
K3Δ58,PKR-C485W,4.638165526265282,1.731015231720513,0.1855843127922712,87,13364.0,485.0,Region 4,Variant,C,W,Polar-Neutral,Aromatic,,,,,,,,
K3Δ58,PKR-C485Y,4.97012371391417,1.6050155929101688,0.36821583012118114,19,2794.0,485.0,Region 4,Variant,C,Y,Polar-Neutral,Aromatic,,,,,,,,
K3Δ58,PKR-D260A,4.8781271481613375,0.5930134599630706,0.26520368160995517,5,811.0,260.0,Region 1,Variant,D,A,Negative Charge,Non-Polar,,,,,,,,
K3Δ58,PKR-D260E,4.575777008716192,1.5361128772627846,0.2634411850697559,34,6618.0,260.0,Region 1,Variant,D,E,Negative Charge,Negative Charge,,,,,,,,
K3Δ58,PKR-D260G,4.4976163969954,1.5257583553628589,0.3252927743489195,22,5170.0,260.0,Region 1,Variant,D,G,Negative Charge,Unique,,,,,,,,
K3Δ58,PKR-D260H,4.622763070865033,1.2880772452749687,0.3572483503536389,13,2662.0,260.0,Region 1,Variant,D,H,Negative Charge,Positive Charge,,,,,,,,
K3Δ58,PKR-D260N,4.093920284217437,1.1198013024446904,0.25690003758955954,19,3223.0,260.0,Region 1,Variant,D,N,Negative Charge,Polar-Neutral,,,,,,,,
K3Δ58,PKR-D260V,3.9708664918031027,1.1386789429964215,0.17364691087479572,43,10735.0,260.0,Region 1,Variant,D,V,Negative Charge,Non-Polar,,,,,,,,
K3Δ58,PKR-D260Y,3.904310649729835,1.2416656436881828,0.23895866454229409,27,6270.0,260.0,Region 1,Variant,D,Y,Negative Charge,Aromatic,,,,,,,,
K3Δ58,PKR-D266A,4.145718193597814,1.2758055862893665,0.3094283052955367,17,4127.0,266.0,Region 1,Variant,D,A,Negative Charge,Non-Polar,Conserved Kinase Residue,,,,,,,
K3Δ58,PKR-D266E,4.154022854622495,1.1813107835149095,0.14019579705021043,71,20095.0,266.0,Region 1,Variant,D,E,Negative Charge,Negative Charge,Conserved Kinase Residue,,,,,,,
K3Δ58,PKR-D266G,4.42390315425324,1.3519889009027182,0.28190917348339883,23,6309.0,266.0,Region 1,Variant,D,G,Negative Charge,Unique,Conserved Kinase Residue,,,,,,,
K3Δ58,PKR-D266H,3.0771190338647343,0.7695685960566732,0.22215531804660132,12,3935.0,266.0,Region 1,Variant,D,H,Negative Charge,Positive Charge,Conserved Kinase Residue,,,,,,,
K3Δ58,PKR-D266N,3.6277509319676664,1.1224034264805454,0.26455302469713676,18,5735.0,266.0,Region 1,Variant,D,N,Negative Charge,Polar-Neutral,Conserved Kinase Residue,,,,,,,
K3Δ58,PKR-D266V,3.0277298824371606,0.7680634889613883,0.13794827491064865,31,9220.0,266.0,Region 1,Variant,D,V,Negative Charge,Non-Polar,Conserved Kinase Residue,,,,,,,
K3Δ58,PKR-D266Y,3.8066670828618046,1.3515018568775445,0.2164134972059483,39,13015.0,266.0,Region 1,Variant,D,Y,Negative Charge,Aromatic,Conserved Kinase Residue,,,,,,,
K3Δ58,PKR-D486A,3.7881587883693704,0.7746683627804622,0.2148543464218997,13,3347.0,486.0,Region 4,Variant,D,A,Negative Charge,Non-Polar,,,Vertebrate Positive Selection,,,Vertebrate Positive Selection,,
K3Δ58,PKR-D486E,4.673585824244832,1.6798855965980637,0.27617149086957765,37,7889.0,486.0,Region 4,Variant,D,E,Negative Charge,Negative Charge,,,Vertebrate Positive Selection,,,Vertebrate Positive Selection,,
K3Δ58,PKR-D486G,4.248201021232517,1.5469601391195493,0.3225634869781637,23,5476.0,486.0,Region 4,Variant,D,G,Negative Charge,Unique,,,Vertebrate Positive Selection,,,Vertebrate Positive Selection,,
K3Δ58,PKR-D486H,3.905789528902534,1.5058328085893753,0.31398784575093286,23,5745.0,486.0,Region 4,Variant,D,H,Negative Charge,Positive Charge,,,Vertebrate Positive Selection,,,Vertebrate Positive Selection,,
K3Δ58,PKR-D486N,4.308169853542088,1.3194910446854613,0.2950471671618904,20,6409.0,486.0,Region 4,Variant,D,N,Negative Charge,Polar-Neutral,,,Vertebrate Positive Selection,,,Vertebrate Positive Selection,,
K3Δ58,PKR-D486V,3.8358081863325184,1.0392276287355797,0.25980690718389493,16,4103.0,486.0,Region 4,Variant,D,V,Negative Charge,Non-Polar,,,Vertebrate Positive Selection,,,Vertebrate Positive Selection,,
K3Δ58,PKR-D486Y,3.570834387749761,0.9051573373656715,0.17751595869612488,26,8497.0,486.0,Region 4,Variant,D,Y,Negative Charge,Aromatic,,,Vertebrate Positive Selection,,,Vertebrate Positive Selection,,
K3Δ58,PKR-D497A,4.294870752622263,1.2198278379455394,0.33831937053469385,13,3018.0,497.0,Region 4,Variant,D,A,Negative Charge,Non-Polar,,,,,,,,
K3Δ58,PKR-D497E,4.024461627265829,1.288222268099564,0.15856919969315303,66,15077.0,497.0,Region 4,Variant,D,E,Negative Charge,Negative Charge,,,,,,,,
K3Δ58,PKR-D497G,3.9962138697763336,1.1393073946307637,0.24290115268452298,22,5585.0,497.0,Region 4,Variant,D,G,Negative Charge,Unique,,,,,,,,
K3Δ58,PKR-D497H,3.7683545449750486,1.3205933931093217,0.3812224755008541,12,2813.0,497.0,Region 4,Variant,D,H,Negative Charge,Positive Charge,,,,,,,,
K3Δ58,PKR-D497N,3.895573638075081,1.5754813560190868,0.42106510381953155,14,3015.0,497.0,Region 4,Variant,D,N,Negative Charge,Polar-Neutral,,,,,,,,
K3Δ58,PKR-D497V,3.9104602156208443,0.9082384988292426,0.16582090446780184,30,7964.0,497.0,Region 4,Variant,D,V,Negative Charge,Non-Polar,,,,,,,,
K3Δ58,PKR-D497Y,3.8424472759396675,1.3426062201308075,0.2633067429045399,26,5937.0,497.0,Region 4,Variant,D,Y,Negative Charge,Aromatic,,,,,,,,
K3Δ58,PKR-D500A,3.962064136220193,1.566716615103628,0.43452900691365465,13,2351.0,500.0,Region 4,Variant,D,A,Negative Charge,Non-Polar,,,Vertebrate Positive Selection,,,Vertebrate Positive Selection,,
K3Δ58,PKR-D500E,4.273227008435958,1.5923837877621996,0.20062149972332563,63,12582.0,500.0,Region 4,Variant,D,E,Negative Charge,Negative Charge,,,Vertebrate Positive Selection,,,Vertebrate Positive Selection,,
K3Δ58,PKR-D500G,4.129578617884142,1.3823530893802447,0.29471866891225934,22,4562.0,500.0,Region 4,Variant,D,G,Negative Charge,Unique,,,Vertebrate Positive Selection,,,Vertebrate Positive Selection,,
K3Δ58,PKR-D500H,3.948516108578263,1.350900030859056,0.30207042998074124,20,4430.0,500.0,Region 4,Variant,D,H,Negative Charge,Positive Charge,,,Vertebrate Positive Selection,,,Vertebrate Positive Selection,,
K3Δ58,PKR-D500N,4.135360861348144,1.5230880948535823,0.42242863254179625,13,2041.0,500.0,Region 4,Variant,D,N,Negative Charge,Polar-Neutral,,,Vertebrate Positive Selection,,,Vertebrate Positive Selection,,
K3Δ58,PKR-D500V,3.9842340303304997,1.358294277599971,0.2895893130060402,22,4333.0,500.0,Region 4,Variant,D,V,Negative Charge,Non-Polar,,,Vertebrate Positive Selection,,,Vertebrate Positive Selection,,
K3Δ58,PKR-D500Y,3.2439037598145304,2.119402354127608,0.547227334763268,15,2674.0,500.0,Region 4,Variant,D,Y,Negative Charge,Aromatic,,,Vertebrate Positive Selection,,,Vertebrate Positive Selection,,
K3Δ58,PKR-D505A,5.017122032937502,1.233615939846945,0.411205313282315,9,1786.0,505.0,Region 4,Variant,D,A,Negative Charge,Non-Polar,,,Vertebrate Positive Selection,,,Vertebrate Positive Selection,,
K3Δ58,PKR-D505E,4.565307362622615,1.5241935864051115,0.25763573891603936,35,6870.0,505.0,Region 4,Variant,D,E,Negative Charge,Negative Charge,,,Vertebrate Positive Selection,,,Vertebrate Positive Selection,,
K3Δ58,PKR-D505G,4.0085700615797535,1.705160009252566,0.3812853693202908,20,3554.0,505.0,Region 4,Variant,D,G,Negative Charge,Unique,,,Vertebrate Positive Selection,,,Vertebrate Positive Selection,,
K3Δ58,PKR-D505H,3.9305361134193597,1.3429222658680464,0.3165298136005665,18,3385.0,505.0,Region 4,Variant,D,H,Negative Charge,Positive Charge,,,Vertebrate Positive Selection,,,Vertebrate Positive Selection,,
K3Δ58,PKR-D505N,4.12566812074874,0.893257908728231,0.1949248562792892,21,4350.0,505.0,Region 4,Variant,D,N,Negative Charge,Polar-Neutral,,,Vertebrate Positive Selection,,,Vertebrate Positive Selection,,
K3Δ58,PKR-D505V,3.684576315146564,1.2695018857521672,0.2992244640481557,18,3307.0,505.0,Region 4,Variant,D,V,Negative Charge,Non-Polar,,,Vertebrate Positive Selection,,,Vertebrate Positive Selection,,
K3Δ58,PKR-D505Y,4.212932790438768,1.661936247188833,0.38127432379491344,19,3407.0,505.0,Region 4,Variant,D,Y,Negative Charge,Aromatic,,,Vertebrate Positive Selection,,,Vertebrate Positive Selection,,
K3Δ58,PKR-E269A,4.44797452607737,2.269267473995394,0.6293815565563876,13,2618.0,269.0,Region 1,Variant,E,A,Negative Charge,Non-Polar,,,Vertebrate Positive Selection,,,Vertebrate Positive Selection,,
K3Δ58,PKR-E269D,4.170212972473108,1.4184347532920905,0.1895463168682937,56,11986.0,269.0,Region 1,Variant,E,D,Negative Charge,Negative Charge,,,Vertebrate Positive Selection,,,Vertebrate Positive Selection,,
K3Δ58,PKR-E269G,3.9716633520782665,1.2779289445027378,0.3853100743318627,11,1748.0,269.0,Region 1,Variant,E,G,Negative Charge,Unique,,,Vertebrate Positive Selection,,,Vertebrate Positive Selection,,
K3Δ58,PKR-E269K,4.055097954091766,1.5745693180066582,0.27409733601836084,33,5920.0,269.0,Region 1,Variant,E,K,Negative Charge,Positive Charge,,,Vertebrate Positive Selection,,,Vertebrate Positive Selection,,
K3Δ58,PKR-E269Q,4.361055818448112,1.4232398194905065,0.31824609846653024,20,3821.0,269.0,Region 1,Variant,E,Q,Negative Charge,Polar-Neutral,,,Vertebrate Positive Selection,,,Vertebrate Positive Selection,,
K3Δ58,PKR-E269V,4.23451733464483,1.4477722125536046,0.2955252653780468,24,4609.0,269.0,Region 1,Variant,E,V,Negative Charge,Non-Polar,,,Vertebrate Positive Selection,,,Vertebrate Positive Selection,,
K3Δ58,PKR-E271A,3.4080544275394984,1.3969084845897266,0.3733394964294531,14,2740.0,271.0,Region 1,Variant,E,A,Negative Charge,Non-Polar,,,Vertebrate Positive Selection,,,Vertebrate Positive Selection,,
K3Δ58,PKR-E271D,4.1902158926773705,1.533962612275269,0.2031783114486614,57,10508.0,271.0,Region 1,Variant,E,D,Negative Charge,Negative Charge,,,Vertebrate Positive Selection,,,Vertebrate Positive Selection,,
K3Δ58,PKR-E271G,4.33299055711127,1.4388409710087513,0.276905073977655,27,5339.0,271.0,Region 1,Variant,E,G,Negative Charge,Unique,,,Vertebrate Positive Selection,,,Vertebrate Positive Selection,,
K3Δ58,PKR-E271K,4.168791453064767,1.5650323834557327,0.2857345132149266,30,4948.0,271.0,Region 1,Variant,E,K,Negative Charge,Positive Charge,,,Vertebrate Positive Selection,,,Vertebrate Positive Selection,,
K3Δ58,PKR-E271Q,4.246470975938526,1.0678064939622738,0.17554630624548193,37,7090.0,271.0,Region 1,Variant,E,Q,Negative Charge,Polar-Neutral,,,Vertebrate Positive Selection,,,Vertebrate Positive Selection,,
K3Δ58,PKR-E271V,4.541082588537361,1.4366741138328267,0.2500928621082479,33,6854.0,271.0,Region 1,Variant,E,V,Negative Charge,Non-Polar,,,Vertebrate Positive Selection,,,Vertebrate Positive Selection,,
K3Δ58,PKR-E375A,4.883289221632915,1.7096683930484846,0.3645025261284823,22,3584.0,375.0,Region 2,Variant,E,A,Negative Charge,Non-Polar,,,Vertebrate Positive Selection,,,Vertebrate Positive Selection,,
K3Δ58,PKR-E375D,4.650694606604025,1.696553839610425,0.1768779648913241,92,14617.0,375.0,Region 2,Variant,E,D,Negative Charge,Negative Charge,,,Vertebrate Positive Selection,,,Vertebrate Positive Selection,,
K3Δ58,PKR-E375G,4.617324332637404,1.4314798446616364,0.3200886241084258,20,3001.0,375.0,Region 2,Variant,E,G,Negative Charge,Unique,,,Vertebrate Positive Selection,,,Vertebrate Positive Selection,,
K3Δ58,PKR-E375K,4.697292566910017,1.7618382355232975,0.2626393373325585,45,7109.0,375.0,Region 2,Variant,E,K,Negative Charge,Positive Charge,,,Vertebrate Positive Selection,,,Vertebrate Positive Selection,,
K3Δ58,PKR-E375Q,4.327499741118346,1.3049172296655192,0.20379383271012227,41,7294.0,375.0,Region 2,Variant,E,Q,Negative Charge,Polar-Neutral,,,Vertebrate Positive Selection,,,Vertebrate Positive Selection,,
K3Δ58,PKR-E375V,4.039399633822363,1.6938253985278084,0.24448263745006385,48,9144.0,375.0,Region 2,Variant,E,V,Negative Charge,Non-Polar,,,Vertebrate Positive Selection,,,Vertebrate Positive Selection,,
K3Δ58,PKR-E379A,5.27670576562074,2.6268520167911653,0.7020557323277635,14,1490.0,379.0,Region 2,Variant,E,A,Negative Charge,Non-Polar,,,Vertebrate Positive Selection,,,Vertebrate Positive Selection,,
K3Δ58,PKR-E379D,4.298987073922714,1.9380545667235154,0.24814245986297948,61,7583.0,379.0,Region 2,Variant,E,D,Negative Charge,Negative Charge,,,Vertebrate Positive Selection,,,Vertebrate Positive Selection,,
K3Δ58,PKR-E379G,5.921267435285663,1.5001773075225733,0.3198388766242435,22,3212.0,379.0,Region 2,Variant,E,G,Negative Charge,Unique,,,Vertebrate Positive Selection,,,Vertebrate Positive Selection,,
K3Δ58,PKR-E379K,4.730074539859841,1.8761437345930791,0.2966443709584283,40,5975.0,379.0,Region 2,Variant,E,K,Negative Charge,Positive Charge,,,Vertebrate Positive Selection,,,Vertebrate Positive Selection,,
K3Δ58,PKR-E379Q,4.690525177367035,1.780818857087838,0.2747863153243172,42,6553.0,379.0,Region 2,Variant,E,Q,Negative Charge,Polar-Neutral,,,Vertebrate Positive Selection,,,Vertebrate Positive Selection,,
K3Δ58,PKR-E379V,4.875197284361147,1.857783132168548,0.3449816669876612,29,4175.0,379.0,Region 2,Variant,E,V,Negative Charge,Non-Polar,,,Vertebrate Positive Selection,,,Vertebrate Positive Selection,,
K3Δ58,PKR-E384A,5.502580005893132,2.4200115686894885,0.6248443002109116,15,1633.0,384.0,Region 2,Variant,E,A,Negative Charge,Non-Polar,,,,,,,,
K3Δ58,PKR-E384D,5.220845049016245,2.082033362937298,0.2582444555778049,65,7231.0,384.0,Region 2,Variant,E,D,Negative Charge,Negative Charge,,,,,,,,
K3Δ58,PKR-E384G,4.939303906008801,1.977186973472966,0.4795382784249613,17,1873.0,384.0,Region 2,Variant,E,G,Negative Charge,Unique,,,,,,,,
K3Δ58,PKR-E384K,4.384879870108866,1.7123067070188889,0.3495231429451341,24,3052.0,384.0,Region 2,Variant,E,K,Negative Charge,Positive Charge,,,,,,,,
K3Δ58,PKR-E384Q,4.728675873198009,2.053344546230048,0.38129650990619385,29,3178.0,384.0,Region 2,Variant,E,Q,Negative Charge,Polar-Neutral,,,,,,,,
K3Δ58,PKR-E384V,5.2914378409614855,2.116961859080492,0.4233923718160984,25,3027.0,384.0,Region 2,Variant,E,V,Negative Charge,Non-Polar,,,,,,,,
K3Δ58,PKR-E480*,-7.079346216605433,0.5054731777449162,0.08544056136445193,35,6078.0,480.0,Region 4,Nonsense,E,*,Negative Charge,Stop,Conserved Kinase Residue,,,Conserved PKR Residue,,Conserved PKR Residue,Conserved PKR Residue,Conserved PKR Residue
K3Δ58,PKR-E480A,4.384851208613505,1.8909864135988383,0.37085294703381977,26,5126.0,480.0,Region 4,Variant,E,A,Negative Charge,Non-Polar,Conserved Kinase Residue,,,Conserved PKR Residue,,Conserved PKR Residue,Conserved PKR Residue,Conserved PKR Residue
K3Δ58,PKR-E480D,4.899571734800525,1.7421515319455316,0.19357239243839242,81,13304.0,480.0,Region 4,Variant,E,D,Negative Charge,Negative Charge,Conserved Kinase Residue,,,Conserved PKR Residue,,Conserved PKR Residue,Conserved PKR Residue,Conserved PKR Residue
K3Δ58,PKR-E480G,4.687125219953459,1.8332033799539966,0.35952076179883374,26,5153.0,480.0,Region 4,Variant,E,G,Negative Charge,Unique,Conserved Kinase Residue,,,Conserved PKR Residue,,Conserved PKR Residue,Conserved PKR Residue,Conserved PKR Residue
K3Δ58,PKR-E480K,0.3384027138310473,0.9913374106548136,0.1700129633261388,34,6413.0,480.0,Region 4,Variant,E,K,Negative Charge,Positive Charge,Conserved Kinase Residue,,,Conserved PKR Residue,,Conserved PKR Residue,Conserved PKR Residue,Conserved PKR Residue
K3Δ58,PKR-E480Q,4.936082429377855,1.6128709619650619,0.28076479641788943,33,5180.0,480.0,Region 4,Variant,E,Q,Negative Charge,Polar-Neutral,Conserved Kinase Residue,,,Conserved PKR Residue,,Conserved PKR Residue,Conserved PKR Residue,Conserved PKR Residue
K3Δ58,PKR-E480V,4.057919926770509,1.2775364988731814,0.24586201384133444,27,5767.0,480.0,Region 4,Variant,E,V,Negative Charge,Non-Polar,Conserved Kinase Residue,,,Conserved PKR Residue,,Conserved PKR Residue,Conserved PKR Residue,Conserved PKR Residue
K3Δ58,PKR-E490A,4.467777246845979,0.9453807449669034,0.3342425677846437,8,2813.0,490.0,Region 4,Variant,E,A,Negative Charge,Non-Polar,Conserved Kinase Residue,,,Conserved PKR Residue,,Conserved PKR Residue,Conserved PKR Residue,Conserved PKR Residue
K3Δ58,PKR-E490D,3.8321058169578626,1.0095098409147407,0.13032716005650966,60,20187.0,490.0,Region 4,Variant,E,D,Negative Charge,Negative Charge,Conserved Kinase Residue,,,Conserved PKR Residue,,Conserved PKR Residue,Conserved PKR Residue,Conserved PKR Residue
K3Δ58,PKR-E490G,4.069260167996459,0.8523409893774037,0.1817197095145122,22,7403.0,490.0,Region 4,Variant,E,G,Negative Charge,Unique,Conserved Kinase Residue,,,Conserved PKR Residue,,Conserved PKR Residue,Conserved PKR Residue,Conserved PKR Residue
K3Δ58,PKR-E490K,0.6117412785145595,0.6005982137674122,0.1225965970130979,24,9055.0,490.0,Region 4,Variant,E,K,Negative Charge,Positive Charge,Conserved Kinase Residue,,,Conserved PKR Residue,,Conserved PKR Residue,Conserved PKR Residue,Conserved PKR Residue
K3Δ58,PKR-E490Q,4.651119232297409,1.070974455799468,0.267743613949867,16,5933.0,490.0,Region 4,Variant,E,Q,Negative Charge,Polar-Neutral,Conserved Kinase Residue,,,Conserved PKR Residue,,Conserved PKR Residue,Conserved PKR Residue,Conserved PKR Residue
K3Δ58,PKR-E490V,-0.45661414289737307,0.6179790698766582,0.11475583236708602,29,10215.0,490.0,Region 4,Variant,E,V,Negative Charge,Non-Polar,Conserved Kinase Residue,,,Conserved PKR Residue,,Conserved PKR Residue,Conserved PKR Residue,Conserved PKR Residue
K3Δ58,PKR-F263C,4.3826469718732595,1.2436276715245456,0.30162401462568506,17,3640.0,263.0,Region 1,Variant,F,C,Aromatic,Polar-Neutral,Conserved Kinase Residue,,,Conserved PKR Residue,,Conserved PKR Residue,Conserved PKR Residue,Conserved PKR Residue
K3Δ58,PKR-F263I,4.863045901871451,1.6572805293921475,0.30257664335406087,30,7124.0,263.0,Region 1,Variant,F,I,Aromatic,Non-Polar,Conserved Kinase Residue,,,Conserved PKR Residue,,Conserved PKR Residue,Conserved PKR Residue,Conserved PKR Residue
K3Δ58,PKR-F263L,4.250591305551264,1.2755469393205987,0.17357995246134908,54,11654.0,263.0,Region 1,Variant,F,L,Aromatic,Non-Polar,Conserved Kinase Residue,,,Conserved PKR Residue,,Conserved PKR Residue,Conserved PKR Residue,Conserved PKR Residue
K3Δ58,PKR-F263S,4.3610258333997525,0.7943273298122834,0.22030676285696796,13,3850.0,263.0,Region 1,Variant,F,S,Aromatic,Polar-Neutral,Conserved Kinase Residue,,,Conserved PKR Residue,,Conserved PKR Residue,Conserved PKR Residue,Conserved PKR Residue
K3Δ58,PKR-F263V,4.254399472544081,1.0845139392933503,0.2261367885884829,23,6801.0,263.0,Region 1,Variant,F,V,Aromatic,Non-Polar,Conserved Kinase Residue,,,Conserved PKR Residue,,Conserved PKR Residue,Conserved PKR Residue,Conserved PKR Residue
K3Δ58,PKR-F263Y,3.8251537846774566,1.2989143393090954,0.36025401944725954,13,3496.0,263.0,Region 1,Variant,F,Y,Aromatic,Aromatic,Conserved Kinase Residue,,,Conserved PKR Residue,,Conserved PKR Residue,Conserved PKR Residue,Conserved PKR Residue
K3Δ58,PKR-F267C,3.5826846890521535,1.395894096353298,0.22948357582600903,37,10268.0,267.0,Region 1,Variant,F,C,Aromatic,Polar-Neutral,Conserved Kinase Residue,,,Conserved PKR Residue,,Conserved PKR Residue,Conserved PKR Residue,Conserved PKR Residue
K3Δ58,PKR-F267I,-7.028693886627519,0.35885853826129943,0.06906235788871895,27,7603.0,267.0,Region 1,Variant,F,I,Aromatic,Non-Polar,Conserved Kinase Residue,,,Conserved PKR Residue,,Conserved PKR Residue,Conserved PKR Residue,Conserved PKR Residue
K3Δ58,PKR-F267L,4.123809560607338,1.3526121158654787,0.15940686657392736,72,21284.0,267.0,Region 1,Variant,F,L,Aromatic,Non-Polar,Conserved Kinase Residue,,,Conserved PKR Residue,,Conserved PKR Residue,Conserved PKR Residue,Conserved PKR Residue
K3Δ58,PKR-F267S,-6.5651659480347435,0.6397205129511455,0.15515501445716962,17,4925.0,267.0,Region 1,Variant,F,S,Aromatic,Polar-Neutral,Conserved Kinase Residue,,,Conserved PKR Residue,,Conserved PKR Residue,Conserved PKR Residue,Conserved PKR Residue
K3Δ58,PKR-F267V,-7.036499837251636,0.3855627278060853,0.06711785588036809,33,10828.0,267.0,Region 1,Variant,F,V,Aromatic,Non-Polar,Conserved Kinase Residue,,,Conserved PKR Residue,,Conserved PKR Residue,Conserved PKR Residue,Conserved PKR Residue
K3Δ58,PKR-F267Y,3.6297983632491992,1.0048399106005816,0.243709475778965,17,3486.0,267.0,Region 1,Variant,F,Y,Aromatic,Aromatic,Conserved Kinase Residue,,,Conserved PKR Residue,,Conserved PKR Residue,Conserved PKR Residue,Conserved PKR Residue
K3Δ58,PKR-F278C,3.1230082562581036,1.6303033804916467,0.1870086232335744,76,10378.0,278.0,Region 1,Variant,F,C,Aromatic,Polar-Neutral,Conserved Kinase Residue,,,Conserved PKR Residue,,Conserved PKR Residue,Conserved PKR Residue,Conserved PKR Residue
K3Δ58,PKR-F278I,1.6571469927893516,1.1891935333696317,0.14316207799878325,69,11172.0,278.0,Region 1,Variant,F,I,Aromatic,Non-Polar,Conserved Kinase Residue,,,Conserved PKR Residue,,Conserved PKR Residue,Conserved PKR Residue,Conserved PKR Residue
K3Δ58,PKR-F278L,2.7345663752470926,1.4573310010344103,0.11379843237421595,164,26359.0,278.0,Region 1,Variant,F,L,Aromatic,Non-Polar,Conserved Kinase Residue,,,Conserved PKR Residue,,Conserved PKR Residue,Conserved PKR Residue,Conserved PKR Residue
K3Δ58,PKR-F278S,2.978247136614596,1.3798786487927537,0.215500839531731,41,6511.0,278.0,Region 1,Variant,F,S,Aromatic,Polar-Neutral,Conserved Kinase Residue,,,Conserved PKR Residue,,Conserved PKR Residue,Conserved PKR Residue,Conserved PKR Residue
K3Δ58,PKR-F278V,1.0471296992634471,0.8637065275727449,0.09104266190282985,90,16130.0,278.0,Region 1,Variant,F,V,Aromatic,Non-Polar,Conserved Kinase Residue,,,Conserved PKR Residue,,Conserved PKR Residue,Conserved PKR Residue,Conserved PKR Residue
K3Δ58,PKR-F278Y,4.584199961245002,1.962561910116449,0.28626907633322757,47,6092.0,278.0,Region 1,Variant,F,Y,Aromatic,Aromatic,Conserved Kinase Residue,,,Conserved PKR Residue,,Conserved PKR Residue,Conserved PKR Residue,Conserved PKR Residue
K3Δ58,PKR-F489C,3.3464563304096346,1.2209036036787135,0.2664230085762891,21,5672.0,489.0,Region 4,Variant,F,C,Aromatic,Polar-Neutral,,Primate Positive Selection,,,Primate Positive Selection,,Primate Positive Selection,Primate Positive Selection
K3Δ58,PKR-F489I,4.128542838876037,1.6252283238933196,0.3250456647786639,25,5788.0,489.0,Region 4,Variant,F,I,Aromatic,Non-Polar,,Primate Positive Selection,,,Primate Positive Selection,,Primate Positive Selection,Primate Positive Selection
K3Δ58,PKR-F489L,3.125457149651931,0.9477089387081811,0.12664293396532708,56,12874.0,489.0,Region 4,Variant,F,L,Aromatic,Non-Polar,,Primate Positive Selection,,,Primate Positive Selection,,Primate Positive Selection,Primate Positive Selection
K3Δ58,PKR-F489S,4.445919050738489,1.2474476066259403,0.28618410813916595,19,5219.0,489.0,Region 4,Variant,F,S,Aromatic,Polar-Neutral,,Primate Positive Selection,,,Primate Positive Selection,,Primate Positive Selection,Primate Positive Selection
K3Δ58,PKR-F489V,3.3546686761873468,0.9771993564714894,0.19543987129429788,25,6646.0,489.0,Region 4,Variant,F,V,Aromatic,Non-Polar,,Primate Positive Selection,,,Primate Positive Selection,,Primate Positive Selection,Primate Positive Selection
K3Δ58,PKR-F489Y,3.751701401863481,1.4691765575640416,0.44297339929326435,11,2340.0,489.0,Region 4,Variant,F,Y,Aromatic,Aromatic,,Primate Positive Selection,,,Primate Positive Selection,,Primate Positive Selection,Primate Positive Selection
K3Δ58,PKR-F494C,4.298002531547892,1.5340471258721737,0.24255414778955423,40,6077.0,494.0,Region 4,Variant,F,C,Aromatic,Polar-Neutral,,,,,,,,
K3Δ58,PKR-F494I,4.487995025138984,1.7376663126753322,0.2681277331620796,42,6091.0,494.0,Region 4,Variant,F,I,Aromatic,Non-Polar,,,,,,,,
K3Δ58,PKR-F494L,4.705152907171895,1.688820139700585,0.22175294828574213,58,8812.0,494.0,Region 4,Variant,F,L,Aromatic,Non-Polar,,,,,,,,
K3Δ58,PKR-F494S,4.616337940871659,1.7915074318932342,0.3735551224401125,23,3158.0,494.0,Region 4,Variant,F,S,Aromatic,Polar-Neutral,,,,,,,,
K3Δ58,PKR-F494V,4.464256288715641,2.057538156553947,0.2701679958098681,58,8277.0,494.0,Region 4,Variant,F,V,Aromatic,Non-Polar,,,,,,,,
K3Δ58,PKR-F494Y,4.986737973561723,1.5160259581416804,0.2917593316771865,27,3837.0,494.0,Region 4,Variant,F,Y,Aromatic,Aromatic,,,,,,,,
K3Δ58,PKR-F495C,4.680070310360123,1.8166350658017303,0.27703425035084106,43,7103.0,495.0,Region 4,Variant,F,C,Aromatic,Polar-Neutral,Conserved Kinase Residue,,,,,,,
K3Δ58,PKR-F495I,4.396436214881991,1.5204211889855732,0.23744989673902425,41,5865.0,495.0,Region 4,Variant,F,I,Aromatic,Non-Polar,Conserved Kinase Residue,,,,,,,
K3Δ58,PKR-F495L,3.6452120000760475,1.5652522372716071,0.14470762052608988,117,21033.0,495.0,Region 4,Variant,F,L,Aromatic,Non-Polar,Conserved Kinase Residue,,,,,,,
K3Δ58,PKR-F495S,4.565299189330636,1.5758954739252191,0.3151790947850438,25,5017.0,495.0,Region 4,Variant,F,S,Aromatic,Polar-Neutral,Conserved Kinase Residue,,,,,,,
K3Δ58,PKR-F495V,4.434128864037808,1.5253904414783834,0.2616023025034497,34,5645.0,495.0,Region 4,Variant,F,V,Aromatic,Non-Polar,Conserved Kinase Residue,,,,,,,
K3Δ58,PKR-F495Y,4.582636796170686,1.813945573925726,0.378233798478547,23,3496.0,495.0,Region 4,Variant,F,Y,Aromatic,Aromatic,Conserved Kinase Residue,,,,,,,
K3Δ58,PKR-G264A,4.64051672969187,2.1475177121628324,0.5368794280407081,16,2117.0,264.0,Region 1,Variant,G,A,Unique,Non-Polar,,,,,,,,
K3Δ58,PKR-G264C,3.7481440715252643,0.8471674665171336,0.1806167107346205,22,6323.0,264.0,Region 1,Variant,G,C,Unique,Polar-Neutral,,,,,,,,
K3Δ58,PKR-G264D,4.397791720007795,1.093675021853217,0.228047006350582,23,5374.0,264.0,Region 1,Variant,G,D,Unique,Negative Charge,,,,,,,,
K3Δ58,PKR-G264R,4.8439645027134315,1.634255953956683,0.3566238863780365,21,3898.0,264.0,Region 1,Variant,G,R,Unique,Positive Charge,,,,,,,,
K3Δ58,PKR-G264S,4.8147559561520294,1.437919143679145,0.31377968186360783,21,4254.0,264.0,Region 1,Variant,G,S,Unique,Polar-Neutral,,,,,,,,
K3Δ58,PKR-G264V,4.42843271311885,1.5657809439541626,0.41847255964399765,14,3230.0,264.0,Region 1,Variant,G,V,Unique,Non-Polar,,,,,,,,
K3Δ58,PKR-G274A,4.360576889749489,0.8974091395923408,0.2837856874163786,10,2255.0,274.0,Region 1,Variant,G,A,Unique,Non-Polar,Conserved Kinase Residue,,,,,,,
K3Δ58,PKR-G274C,3.428680263284447,0.9706624318019563,0.21181590799916075,21,4331.0,274.0,Region 1,Variant,G,C,Unique,Polar-Neutral,Conserved Kinase Residue,,,,,,,
K3Δ58,PKR-G274D,4.014554265990967,1.430522056754211,0.2805484570005618,26,4874.0,274.0,Region 1,Variant,G,D,Unique,Negative Charge,Conserved Kinase Residue,,,,,,,
K3Δ58,PKR-G274R,2.153469700764002,1.200100435761136,0.3207403328811629,14,3916.0,274.0,Region 1,Variant,G,R,Unique,Positive Charge,Conserved Kinase Residue,,,,,,,
K3Δ58,PKR-G274S,3.443954303957426,0.7850997944565249,0.1457893718343383,29,7965.0,274.0,Region 1,Variant,G,S,Unique,Polar-Neutral,Conserved Kinase Residue,,,,,,,
K3Δ58,PKR-G274V,3.182912013779402,1.0703505564127735,0.233569640233316,21,5302.0,274.0,Region 1,Variant,G,V,Unique,Non-Polar,Conserved Kinase Residue,,,,,,,
K3Δ58,PKR-G276A,2.119490199310781,1.2754495806532082,0.2368450412071765,29,4575.0,276.0,Region 1,Variant,G,A,Unique,Non-Polar,Conserved Kinase Residue,,,Conserved PKR Residue,,Conserved PKR Residue,Conserved PKR Residue,Conserved PKR Residue
K3Δ58,PKR-G276C,-0.800162817401026,0.9121416940227446,0.10825130321400632,71,11964.0,276.0,Region 1,Variant,G,C,Unique,Polar-Neutral,Conserved Kinase Residue,,,Conserved PKR Residue,,Conserved PKR Residue,Conserved PKR Residue,Conserved PKR Residue
K3Δ58,PKR-G276D,-7.063746509224591,0.5274876289532342,0.07535537556474774,49,7594.0,276.0,Region 1,Variant,G,D,Unique,Negative Charge,Conserved Kinase Residue,,,Conserved PKR Residue,,Conserved PKR Residue,Conserved PKR Residue,Conserved PKR Residue
K3Δ58,PKR-G276R,-6.747573025425647,0.5114753501175419,0.08087135367017514,40,5998.0,276.0,Region 1,Variant,G,R,Unique,Positive Charge,Conserved Kinase Residue,,,Conserved PKR Residue,,Conserved PKR Residue,Conserved PKR Residue,Conserved PKR Residue
K3Δ58,PKR-G276S,-6.88494472183808,0.5608883194987301,0.0718143904194227,61,9700.0,276.0,Region 1,Variant,G,S,Unique,Polar-Neutral,Conserved Kinase Residue,,,Conserved PKR Residue,,Conserved PKR Residue,Conserved PKR Residue,Conserved PKR Residue
K3Δ58,PKR-G276V,-6.975613770839215,0.46074566582416054,0.06328828449452091,53,8602.0,276.0,Region 1,Variant,G,V,Unique,Non-Polar,Conserved Kinase Residue,,,Conserved PKR Residue,,Conserved PKR Residue,Conserved PKR Residue,Conserved PKR Residue
K3Δ58,PKR-G277A,4.888761510755038,1.6977086671958908,0.25307946572270523,45,6523.0,277.0,Region 1,Variant,G,A,Unique,Non-Polar,,,,Conserved PKR Residue,,Conserved PKR Residue,Conserved PKR Residue,Conserved PKR Residue
K3Δ58,PKR-G277E,-6.298651591061524,0.5627138623849958,0.08296763262552137,46,7192.0,277.0,Region 1,Variant,G,E,Unique,Negative Charge,,,,Conserved PKR Residue,,Conserved PKR Residue,Conserved PKR Residue,Conserved PKR Residue
K3Δ58,PKR-G277R,-5.467621796959626,0.5382527263700985,0.044244101564795885,148,25715.0,277.0,Region 1,Variant,G,R,Unique,Positive Charge,,,,Conserved PKR Residue,,Conserved PKR Residue,Conserved PKR Residue,Conserved PKR Residue
K3Δ58,PKR-G277V,-6.676733179801493,0.4094967184353165,0.0557254450839266,54,8840.0,277.0,Region 1,Variant,G,V,Unique,Non-Polar,,,,Conserved PKR Residue,,Conserved PKR Residue,Conserved PKR Residue,Conserved PKR Residue
K3Δ58,PKR-G372A,3.8077750421156225,1.3740694801571096,0.28651329252866903,23,4504.0,372.0,Region 2,Variant,G,A,Unique,Non-Polar,,,,,,,,
K3Δ58,PKR-G372E,3.1343964612698416,1.4195231696588797,0.2434462151735074,34,6031.0,372.0,Region 2,Variant,G,E,Unique,Negative Charge,,,,,,,,
K3Δ58,PKR-G372R,3.383813096964289,1.6446481424204613,0.24249013930499067,46,8152.0,372.0,Region 2,Variant,G,R,Unique,Positive Charge,,,,,,,,
K3Δ58,PKR-G372V,-1.041352827718502,0.9915910417706871,0.17809500854426863,31,5355.0,372.0,Region 2,Variant,G,V,Unique,Non-Polar,,,,,,,,
K3Δ58,PKR-G372W,2.47184247719151,1.1915336244942913,0.18385762985194246,42,8011.0,372.0,Region 2,Variant,G,W,Unique,Aromatic,,,,,,,,
K3Δ58,PKR-G383A,4.7873547445169935,1.9360628329821508,0.42248354677768346,21,2304.0,383.0,Region 2,Variant,G,A,Unique,Non-Polar,,,,,,,,
K3Δ58,PKR-G383C,5.155996152864167,1.793760635597399,0.38243105247986053,22,2689.0,383.0,Region 2,Variant,G,C,Unique,Polar-Neutral,,,,,,,,
K3Δ58,PKR-G383D,4.881715139018557,1.8820570358457704,0.4106985156660695,21,2164.0,383.0,Region 2,Variant,G,D,Unique,Negative Charge,,,,,,,,
K3Δ58,PKR-G383R,5.304107569524782,2.222609887654314,0.5238741744975454,18,2448.0,383.0,Region 2,Variant,G,R,Unique,Positive Charge,,,,,,,,
K3Δ58,PKR-G383S,4.505394603119928,2.009762008591648,0.44939644698074416,20,2552.0,383.0,Region 2,Variant,G,S,Unique,Polar-Neutral,,,,,,,,
K3Δ58,PKR-G383V,4.665759208487356,1.9893238752378404,0.3462968371381083,33,3303.0,383.0,Region 2,Variant,G,V,Unique,Non-Polar,,,,,,,,
K3Δ58,PKR-G450A,-4.694237288812086,0.5361070304914938,0.09787930461243367,30,5621.0,450.0,Region 3,Variant,G,A,Unique,Non-Polar,Conserved Kinase Residue,,,Conserved PKR Residue,,Conserved PKR Residue,Conserved PKR Residue,Conserved PKR Residue
K3Δ58,PKR-G450E,-6.921028466546135,0.40188968792654645,0.07462904150938988,29,5632.0,450.0,Region 3,Variant,G,E,Unique,Negative Charge,Conserved Kinase Residue,,,Conserved PKR Residue,,Conserved PKR Residue,Conserved PKR Residue,Conserved PKR Residue
K3Δ58,PKR-G450R,-7.067987141087413,0.48067754624204206,0.042321298123918286,129,23973.0,450.0,Region 3,Variant,G,R,Unique,Positive Charge,Conserved Kinase Residue,,,Conserved PKR Residue,,Conserved PKR Residue,Conserved PKR Residue,Conserved PKR Residue
K3Δ58,PKR-G450V,-6.463048904934378,0.44178454093750946,0.06985226922072145,40,7137.0,450.0,Region 3,Variant,G,V,Unique,Non-Polar,Conserved Kinase Residue,,,Conserved PKR Residue,,Conserved PKR Residue,Conserved PKR Residue,Conserved PKR Residue
K3Δ58,PKR-G501A,3.761093429266479,1.4051511429952366,0.4236690104594752,11,2187.0,501.0,Region 4,Variant,G,A,Unique,Non-Polar,,,,,,,,
K3Δ58,PKR-G501C,4.146064785243037,1.1993762478583025,0.26172535440679945,21,4637.0,501.0,Region 4,Variant,G,C,Unique,Polar-Neutral,,,,,,,,
K3Δ58,PKR-G501D,4.0500923430271,1.981482767565849,0.5116166506386344,15,3929.0,501.0,Region 4,Variant,G,D,Unique,Negative Charge,,,,,,,,
K3Δ58,PKR-G501R,4.709669892591863,1.6245038357356205,0.46895386343077006,12,2434.0,501.0,Region 4,Variant,G,R,Unique,Positive Charge,,,,,,,,
K3Δ58,PKR-G501S,4.397025930322241,1.6883927776247978,0.4094953976280607,17,3778.0,501.0,Region 4,Variant,G,S,Unique,Polar-Neutral,,,,,,,,
K3Δ58,PKR-G501V,3.7609818792600436,0.8454795789475119,0.16271262083322582,27,8308.0,501.0,Region 4,Variant,G,V,Unique,Non-Polar,,,,,,,,
K3Δ58,PKR-H483D,5.0276402897438786,1.8145914676066277,0.32077748295697395,32,5392.0,483.0,Region 4,Variant,H,D,Positive Charge,Negative Charge,,,Vertebrate Positive Selection,,,Vertebrate Positive Selection,,
K3Δ58,PKR-H483L,4.00247310124487,1.619256962058659,0.2956345215056048,30,4812.0,483.0,Region 4,Variant,H,L,Positive Charge,Non-Polar,,,Vertebrate Positive Selection,,,Vertebrate Positive Selection,,
K3Δ58,PKR-H483N,4.961143076004803,1.6706836479915586,0.34102687159924205,24,2888.0,483.0,Region 4,Variant,H,N,Positive Charge,Polar-Neutral,,,Vertebrate Positive Selection,,,Vertebrate Positive Selection,,
K3Δ58,PKR-H483P,1.2643983648987374,0.9866894424649397,0.18014402163008109,30,5754.0,483.0,Region 4,Variant,H,P,Positive Charge,Unique,,,Vertebrate Positive Selection,,,Vertebrate Positive Selection,,
K3Δ58,PKR-H483R,4.842656762538298,1.6216615005428636,0.3180339859888546,26,3358.0,483.0,Region 4,Variant,H,R,Positive Charge,Positive Charge,,,Vertebrate Positive Selection,,,Vertebrate Positive Selection,,
K3Δ58,PKR-H483Y,4.74920852804644,2.02645922148663,0.3527612711662009,33,4536.0,483.0,Region 4,Variant,H,Y,Positive Charge,Aromatic,,,Vertebrate Positive Selection,,,Vertebrate Positive Selection,,
K3Δ58,PKR-I270K,4.072051747088536,1.5861417553871784,0.36388587483489054,19,3054.0,270.0,Region 1,Variant,I,K,Non-Polar,Positive Charge,,,Vertebrate Positive Selection,,,Vertebrate Positive Selection,,
K3Δ58,PKR-I270L,4.334308565467176,1.5676842256399255,0.25431196296758773,38,7026.0,270.0,Region 1,Variant,I,L,Non-Polar,Non-Polar,,,Vertebrate Positive Selection,,,Vertebrate Positive Selection,,
K3Δ58,PKR-I270M,4.430074780910548,1.621827703249253,0.19524511161379504,69,14662.0,270.0,Region 1,Variant,I,M,Non-Polar,Non-Polar,,,Vertebrate Positive Selection,,,Vertebrate Positive Selection,,
K3Δ58,PKR-I270R,4.314511382482368,1.4181805440315611,0.2363634240052602,36,7860.0,270.0,Region 1,Variant,I,R,Non-Polar,Positive Charge,,,Vertebrate Positive Selection,,,Vertebrate Positive Selection,,
K3Δ58,PKR-I270T,4.414639130494419,1.9996723938053198,0.5163131919385815,15,2348.0,270.0,Region 1,Variant,I,T,Non-Polar,Polar-Neutral,,,Vertebrate Positive Selection,,,Vertebrate Positive Selection,,
K3Δ58,PKR-I270V,4.086885733127665,1.4978280115948521,0.27346472973787,30,6066.0,270.0,Region 1,Variant,I,V,Non-Polar,Non-Polar,,,Vertebrate Positive Selection,,,Vertebrate Positive Selection,,
K3Δ58,PKR-I273F,4.249940953674801,1.5213827175959915,0.28251367824070983,29,6751.0,273.0,Region 1,Variant,I,F,Non-Polar,Aromatic,Conserved Kinase Residue,,,,,,,
K3Δ58,PKR-I273L,3.921838297867619,1.0723661319326552,0.2768837446674693,15,3853.0,273.0,Region 1,Variant,I,L,Non-Polar,Non-Polar,Conserved Kinase Residue,,,,,,,
K3Δ58,PKR-I273M,3.7452338619863466,1.4610041478569076,0.19351472676427156,57,15483.0,273.0,Region 1,Variant,I,M,Non-Polar,Non-Polar,Conserved Kinase Residue,,,,,,,
K3Δ58,PKR-I273N,4.017151355065809,1.0281346091115984,0.1763236307986855,34,8881.0,273.0,Region 1,Variant,I,N,Non-Polar,Polar-Neutral,Conserved Kinase Residue,,,,,,,
K3Δ58,PKR-I273S,3.9853325018324997,1.0317533917911903,0.2502369537614329,17,4397.0,273.0,Region 1,Variant,I,S,Non-Polar,Polar-Neutral,Conserved Kinase Residue,,,,,,,
K3Δ58,PKR-I273T,3.966059878704136,0.6355417968675849,0.15888544921689624,16,3936.0,273.0,Region 1,Variant,I,T,Non-Polar,Polar-Neutral,Conserved Kinase Residue,,,,,,,
K3Δ58,PKR-I273V,4.528750097429474,2.0330360339702462,0.43344473881922563,22,3684.0,273.0,Region 1,Variant,I,V,Non-Polar,Non-Polar,Conserved Kinase Residue,,,,,,,
K3Δ58,PKR-I378F,4.143044372181897,1.5625280712746688,0.2720012240124719,33,5129.0,378.0,Region 2,Variant,I,F,Non-Polar,Aromatic,,,Vertebrate Positive Selection,,,Vertebrate Positive Selection,,
K3Δ58,PKR-I378L,5.130658985668259,1.4909214181366135,0.3727303545341534,16,2385.0,378.0,Region 2,Variant,I,L,Non-Polar,Non-Polar,,,Vertebrate Positive Selection,,,Vertebrate Positive Selection,,
K3Δ58,PKR-I378M,5.180432334729459,2.0139697491784583,0.2066289364411466,95,12369.0,378.0,Region 2,Variant,I,M,Non-Polar,Non-Polar,,,Vertebrate Positive Selection,,,Vertebrate Positive Selection,,
K3Δ58,PKR-I378N,4.554464237995067,1.4095752459462771,0.30052245219288204,22,2229.0,378.0,Region 2,Variant,I,N,Non-Polar,Polar-Neutral,,,Vertebrate Positive Selection,,,Vertebrate Positive Selection,,
K3Δ58,PKR-I378S,4.978854895394652,1.7969062413239243,0.33958336027449415,28,4165.0,378.0,Region 2,Variant,I,S,Non-Polar,Polar-Neutral,,,Vertebrate Positive Selection,,,Vertebrate Positive Selection,,
K3Δ58,PKR-I378T,4.7184171111049436,1.655492881592309,0.4138732203980772,16,1895.0,378.0,Region 2,Variant,I,T,Non-Polar,Polar-Neutral,,,Vertebrate Positive Selection,,,Vertebrate Positive Selection,,
K3Δ58,PKR-I378V,4.59516539456938,1.7913120411363825,0.3027869986225674,35,4075.0,378.0,Region 2,Variant,I,V,Non-Polar,Non-Polar,,,Vertebrate Positive Selection,,,Vertebrate Positive Selection,,
K3Δ58,PKR-I502F,4.321006915019742,1.440316510571584,0.2586884818953599,31,5810.0,502.0,Region 4,Variant,I,F,Non-Polar,Aromatic,,Primate Positive Selection,Vertebrate Positive Selection,,Primate Positive Selection,Vertebrate Positive Selection,Primate Positive Selection,Primate Positive Selection
K3Δ58,PKR-I502L,4.6614107880479,1.6904586360075415,0.45179407446095854,14,2522.0,502.0,Region 4,Variant,I,L,Non-Polar,Non-Polar,,Primate Positive Selection,Vertebrate Positive Selection,,Primate Positive Selection,Vertebrate Positive Selection,Primate Positive Selection,Primate Positive Selection
K3Δ58,PKR-I502M,4.489126979455222,1.5088470822329954,0.2053280806310027,54,10160.0,502.0,Region 4,Variant,I,M,Non-Polar,Non-Polar,,Primate Positive Selection,Vertebrate Positive Selection,,Primate Positive Selection,Vertebrate Positive Selection,Primate Positive Selection,Primate Positive Selection
K3Δ58,PKR-I502N,4.5732733969759805,1.831156920221648,0.33432198384569484,30,5843.0,502.0,Region 4,Variant,I,N,Non-Polar,Polar-Neutral,,Primate Positive Selection,Vertebrate Positive Selection,,Primate Positive Selection,Vertebrate Positive Selection,Primate Positive Selection,Primate Positive Selection
K3Δ58,PKR-I502S,4.332849825705917,1.7422641207069804,0.3416861057429796,26,4390.0,502.0,Region 4,Variant,I,S,Non-Polar,Polar-Neutral,,Primate Positive Selection,Vertebrate Positive Selection,,Primate Positive Selection,Vertebrate Positive Selection,Primate Positive Selection,Primate Positive Selection
K3Δ58,PKR-I502T,4.886283495699612,1.6385733967971512,0.34166617172266867,23,4683.0,502.0,Region 4,Variant,I,T,Non-Polar,Polar-Neutral,,Primate Positive Selection,Vertebrate Positive Selection,,Primate Positive Selection,Vertebrate Positive Selection,Primate Positive Selection,Primate Positive Selection
K3Δ58,PKR-I502V,4.138121071622856,1.4754846305962,0.3384993893429619,19,3169.0,502.0,Region 4,Variant,I,V,Non-Polar,Non-Polar,,Primate Positive Selection,Vertebrate Positive Selection,,Primate Positive Selection,Vertebrate Positive Selection,Primate Positive Selection,Primate Positive Selection
K3Δ58,PKR-I503F,4.331374379034443,1.9091702628879623,0.46304180301031206,17,2936.0,503.0,Region 4,Variant,I,F,Non-Polar,Aromatic,,,,,,,,
K3Δ58,PKR-I503L,4.271230088925113,1.3880855282646816,0.32717489663428917,18,2945.0,503.0,Region 4,Variant,I,L,Non-Polar,Non-Polar,,,,,,,,
K3Δ58,PKR-I503M,4.691816727464879,1.549275517313047,0.21082969380018948,54,11104.0,503.0,Region 4,Variant,I,M,Non-Polar,Non-Polar,,,,,,,,
K3Δ58,PKR-I503N,4.04308240558032,1.1454482401693482,0.2561300129726168,20,4140.0,503.0,Region 4,Variant,I,N,Non-Polar,Polar-Neutral,,,,,,,,
K3Δ58,PKR-I503S,4.0394650867034265,1.9756317718593626,0.42120610901532,22,4071.0,503.0,Region 4,Variant,I,S,Non-Polar,Polar-Neutral,,,,,,,,
K3Δ58,PKR-I503T,4.897082311956948,1.4030660704316782,0.3891405122927065,13,2861.0,503.0,Region 4,Variant,I,T,Non-Polar,Polar-Neutral,,,,,,,,
K3Δ58,PKR-I503V,4.3981760482348955,1.3608931777421602,0.36371400079351546,14,2935.0,503.0,Region 4,Variant,I,V,Non-Polar,Non-Polar,,,,,,,,
K3Δ58,PKR-I506K,4.897347470092496,1.8219401748430977,0.4294354175159195,18,3238.0,506.0,Region 4,Variant,I,K,Non-Polar,Positive Charge,,Primate Positive Selection,,,Primate Positive Selection,,Primate Positive Selection,Primate Positive Selection
K3Δ58,PKR-I506L,4.407967859803702,1.279217081250783,0.19978014385109744,41,7874.0,506.0,Region 4,Variant,I,L,Non-Polar,Non-Polar,,Primate Positive Selection,,,Primate Positive Selection,,Primate Positive Selection,Primate Positive Selection
K3Δ58,PKR-I506M,4.706261198936396,1.6063223451652522,0.23683930878648665,46,8733.0,506.0,Region 4,Variant,I,M,Non-Polar,Non-Polar,,Primate Positive Selection,,,Primate Positive Selection,,Primate Positive Selection,Primate Positive Selection
K3Δ58,PKR-I506R,4.748392412831362,1.5506984523817797,0.4144415942152289,14,2356.0,506.0,Region 4,Variant,I,R,Non-Polar,Positive Charge,,Primate Positive Selection,,,Primate Positive Selection,,Primate Positive Selection,Primate Positive Selection
K3Δ58,PKR-I506T,4.262206627930665,1.6073291177998674,0.37885110626495916,18,3224.0,506.0,Region 4,Variant,I,T,Non-Polar,Polar-Neutral,,Primate Positive Selection,,,Primate Positive Selection,,Primate Positive Selection,Primate Positive Selection
K3Δ58,PKR-I506V,4.2974150338238015,1.4921773541245695,0.3852785361408203,15,2685.0,506.0,Region 4,Variant,I,V,Non-Polar,Non-Polar,,Primate Positive Selection,,,Primate Positive Selection,,Primate Positive Selection,Primate Positive Selection
K3Δ58,PKR-K256E,4.956022869503429,1.829582275235142,0.24670082366574367,55,8720.0,256.0,Region 1,Variant,K,E,Positive Charge,Negative Charge,,,,,,,,
K3Δ58,PKR-K256M,4.545696543220111,1.7521233820072035,0.3253611439497475,29,4473.0,256.0,Region 1,Variant,K,M,Positive Charge,Non-Polar,,,,,,,,
K3Δ58,PKR-K256N,4.765115277393053,1.6354506334736676,0.15523010454200212,111,17342.0,256.0,Region 1,Variant,K,N,Positive Charge,Polar-Neutral,,,,,,,,
K3Δ58,PKR-K256Q,4.73663634439118,1.6848832588893372,0.2359308471334948,51,8901.0,256.0,Region 1,Variant,K,Q,Positive Charge,Polar-Neutral,,,,,,,,
K3Δ58,PKR-K256R,4.448820733769649,1.801656414355454,0.2780016202157373,42,6334.0,256.0,Region 1,Variant,K,R,Positive Charge,Positive Charge,,,,,,,,
K3Δ58,PKR-K256T,4.671720484451983,1.7070489392637511,0.30659504031095175,31,4676.0,256.0,Region 1,Variant,K,T,Positive Charge,Polar-Neutral,,,,,,,,
K3Δ58,PKR-K261E,4.58604977332979,1.2353016996298476,0.2118524937106553,34,7879.0,261.0,Region 1,Variant,K,E,Positive Charge,Negative Charge,,Primate Positive Selection,Vertebrate Positive Selection,,Primate Positive Selection,Vertebrate Positive Selection,Primate Positive Selection,Primate Positive Selection
K3Δ58,PKR-K261M,4.491158045775995,1.461401253158366,0.26681414397371833,30,5935.0,261.0,Region 1,Variant,K,M,Positive Charge,Non-Polar,,Primate Positive Selection,Vertebrate Positive Selection,,Primate Positive Selection,Vertebrate Positive Selection,Primate Positive Selection,Primate Positive Selection
K3Δ58,PKR-K261N,4.397362545761656,1.4558025622408237,0.18197532028010296,64,13880.0,261.0,Region 1,Variant,K,N,Positive Charge,Polar-Neutral,,Primate Positive Selection,Vertebrate Positive Selection,,Primate Positive Selection,Vertebrate Positive Selection,Primate Positive Selection,Primate Positive Selection
K3Δ58,PKR-K261Q,4.665159727708168,1.4359536469387117,0.20945536650208588,47,9543.0,261.0,Region 1,Variant,K,Q,Positive Charge,Polar-Neutral,,Primate Positive Selection,Vertebrate Positive Selection,,Primate Positive Selection,Vertebrate Positive Selection,Primate Positive Selection,Primate Positive Selection
K3Δ58,PKR-K261R,4.8223380016333195,1.31658956691858,0.3103231369358626,18,3720.0,261.0,Region 1,Variant,K,R,Positive Charge,Positive Charge,,Primate Positive Selection,Vertebrate Positive Selection,,Primate Positive Selection,Vertebrate Positive Selection,Primate Positive Selection,Primate Positive Selection
K3Δ58,PKR-K261T,4.500572673602606,1.272839522796293,0.3837755559500293,11,1973.0,261.0,Region 1,Variant,K,T,Positive Charge,Polar-Neutral,,Primate Positive Selection,Vertebrate Positive Selection,,Primate Positive Selection,Vertebrate Positive Selection,Primate Positive Selection,Primate Positive Selection
K3Δ58,PKR-K268E,4.5838926539887135,1.5277199339501442,0.23573230361237302,42,10726.0,268.0,Region 1,Variant,K,E,Positive Charge,Negative Charge,,,,,,,,
K3Δ58,PKR-K268I,4.397317401044119,1.4965971722792715,0.30549161854803203,24,4331.0,268.0,Region 1,Variant,K,I,Positive Charge,Non-Polar,,,,,,,,
K3Δ58,PKR-K268N,4.414052396998576,1.549515381248445,0.17433410077414008,79,15330.0,268.0,Region 1,Variant,K,N,Positive Charge,Polar-Neutral,,,,,,,,
K3Δ58,PKR-K268Q,4.342096613158236,1.6356023409861036,0.2726003901643506,36,5798.0,268.0,Region 1,Variant,K,Q,Positive Charge,Polar-Neutral,,,,,,,,
K3Δ58,PKR-K268R,4.402467719976086,1.7331345719839013,0.4474934222686646,15,2569.0,268.0,Region 1,Variant,K,R,Positive Charge,Positive Charge,,,,,,,,
K3Δ58,PKR-K268T,4.363882271220472,1.289305982683435,0.33289737327323543,15,3286.0,268.0,Region 1,Variant,K,T,Positive Charge,Polar-Neutral,,,,,,,,
K3Δ58,PKR-K371E,5.128630876515672,1.8844401642724085,0.3098000546439251,37,5028.0,371.0,Region 2,Variant,K,E,Positive Charge,Negative Charge,,,,,,,,
K3Δ58,PKR-K371I,4.568130168163845,1.5777122935386507,0.24059886916081896,43,6812.0,371.0,Region 2,Variant,K,I,Positive Charge,Non-Polar,,,,,,,,
K3Δ58,PKR-K371N,4.793246230354241,2.099800298269467,0.3030800668625833,48,6228.0,371.0,Region 2,Variant,K,N,Positive Charge,Polar-Neutral,,,,,,,,
K3Δ58,PKR-K371Q,4.840013786950597,1.9194177222302278,0.2961725845167322,42,5035.0,371.0,Region 2,Variant,K,Q,Positive Charge,Polar-Neutral,,,,,,,,
K3Δ58,PKR-K371R,4.346737917344331,1.2747442582647013,0.27177638903223555,22,2931.0,371.0,Region 2,Variant,K,R,Positive Charge,Positive Charge,,,,,,,,
K3Δ58,PKR-K371T,4.863007023174435,1.4950212134628977,0.33429690611072627,20,2902.0,371.0,Region 2,Variant,K,T,Positive Charge,Polar-Neutral,,,,,,,,
K3Δ58,PKR-K380E,4.711275187913237,1.6519258426648151,0.24095814899545556,47,5589.0,380.0,Region 2,Variant,K,E,Positive Charge,Negative Charge,,Primate Positive Selection,,,Primate Positive Selection,,Primate Positive Selection,Primate Positive Selection
K3Δ58,PKR-K380I,4.668710082866327,2.049365619621908,0.34640601458355963,35,3940.0,380.0,Region 2,Variant,K,I,Positive Charge,Non-Polar,,Primate Positive Selection,,,Primate Positive Selection,,Primate Positive Selection,Primate Positive Selection
K3Δ58,PKR-K380N,4.858897492271729,1.7868303565917896,0.20496349877985146,76,8139.0,380.0,Region 2,Variant,K,N,Positive Charge,Polar-Neutral,,Primate Positive Selection,,,Primate Positive Selection,,Primate Positive Selection,Primate Positive Selection
K3Δ58,PKR-K380Q,5.081566130583736,1.544042735347206,0.23017230109340464,45,5755.0,380.0,Region 2,Variant,K,Q,Positive Charge,Polar-Neutral,,Primate Positive Selection,,,Primate Positive Selection,,Primate Positive Selection,Primate Positive Selection
K3Δ58,PKR-K380R,4.294078919479708,1.5112224982414875,0.28062697287172217,29,4398.0,380.0,Region 2,Variant,K,R,Positive Charge,Positive Charge,,Primate Positive Selection,,,Primate Positive Selection,,Primate Positive Selection,Primate Positive Selection
K3Δ58,PKR-K380T,4.942979981168986,1.5221061441981454,0.4393941960439913,12,1203.0,380.0,Region 2,Variant,K,T,Positive Charge,Polar-Neutral,,Primate Positive Selection,,,Primate Positive Selection,,Primate Positive Selection,Primate Positive Selection
K3Δ58,PKR-K385E,5.411497011435169,1.8772864571527386,0.3427440464938368,30,2808.0,385.0,Region 2,Variant,K,E,Positive Charge,Negative Charge,,,Vertebrate Positive Selection,,,Vertebrate Positive Selection,,
K3Δ58,PKR-K385I,5.3583456123820765,1.6563510479302581,0.3703713537775069,20,1772.0,385.0,Region 2,Variant,K,I,Positive Charge,Non-Polar,,,Vertebrate Positive Selection,,,Vertebrate Positive Selection,,
K3Δ58,PKR-K385N,5.157326764872901,2.013483548113152,0.26906305681947784,56,5214.0,385.0,Region 2,Variant,K,N,Positive Charge,Polar-Neutral,,,Vertebrate Positive Selection,,,Vertebrate Positive Selection,,
K3Δ58,PKR-K385Q,5.049263199385922,1.609395850280843,0.30414722720731796,28,2895.0,385.0,Region 2,Variant,K,Q,Positive Charge,Polar-Neutral,,,Vertebrate Positive Selection,,,Vertebrate Positive Selection,,
K3Δ58,PKR-K385R,4.656632691593084,1.7921890988699778,0.49706382240794666,13,1380.0,385.0,Region 2,Variant,K,R,Positive Charge,Positive Charge,,,Vertebrate Positive Selection,,,Vertebrate Positive Selection,,
K3Δ58,PKR-K385T,6.034454303015734,1.8380621896063165,0.49124278350645423,14,1400.0,385.0,Region 2,Variant,K,T,Positive Charge,Polar-Neutral,,,Vertebrate Positive Selection,,,Vertebrate Positive Selection,,
K3Δ58,PKR-K449E,3.6298767612470235,1.3297763271515604,0.17930700337449143,55,9556.0,449.0,Region 3,Variant,K,E,Positive Charge,Negative Charge,,,Vertebrate Positive Selection,,Primate Positive Selection,Vertebrate Positive Selection,,Primate Positive Selection
K3Δ58,PKR-K449M,4.114107957164368,1.5288450621149807,0.20804946099751978,54,8435.0,449.0,Region 3,Variant,K,M,Positive Charge,Non-Polar,,,Vertebrate Positive Selection,,Primate Positive Selection,Vertebrate Positive Selection,,Primate Positive Selection
K3Δ58,PKR-K449N,4.081350428033123,1.5485791244770806,0.14020176634040266,122,19743.0,449.0,Region 3,Variant,K,N,Positive Charge,Polar-Neutral,,,Vertebrate Positive Selection,,Primate Positive Selection,Vertebrate Positive Selection,,Primate Positive Selection
K3Δ58,PKR-K449Q,3.744368670998945,1.2280590009122405,0.15350737511403006,64,10621.0,449.0,Region 3,Variant,K,Q,Positive Charge,Polar-Neutral,,,Vertebrate Positive Selection,,Primate Positive Selection,Vertebrate Positive Selection,,Primate Positive Selection
K3Δ58,PKR-K449R,4.422277649795382,1.802532997688602,0.30042216628143364,36,4515.0,449.0,Region 3,Variant,K,R,Positive Charge,Positive Charge,,,Vertebrate Positive Selection,,Primate Positive Selection,Vertebrate Positive Selection,,Primate Positive Selection
K3Δ58,PKR-K449T,3.8474438148563093,1.4684631158272474,0.24474385263787457,36,4684.0,449.0,Region 3,Variant,K,T,Positive Charge,Polar-Neutral,,,Vertebrate Positive Selection,,Primate Positive Selection,Vertebrate Positive Selection,,Primate Positive Selection
K3Δ58,PKR-K493E,4.452517487937766,1.5697582585383423,0.2079195606204109,57,8269.0,493.0,Region 4,Variant,K,E,Positive Charge,Negative Charge,,,Vertebrate Positive Selection,,,Vertebrate Positive Selection,,
K3Δ58,PKR-K493M,5.0098347671906955,1.552626261503075,0.2552501850548084,37,4040.0,493.0,Region 4,Variant,K,M,Positive Charge,Non-Polar,,,Vertebrate Positive Selection,,,Vertebrate Positive Selection,,
K3Δ58,PKR-K493N,5.1853601724729215,1.6867613984576646,0.19477042949164045,75,10174.0,493.0,Region 4,Variant,K,N,Positive Charge,Polar-Neutral,,,Vertebrate Positive Selection,,,Vertebrate Positive Selection,,
K3Δ58,PKR-K493Q,4.857274743149963,1.6891302144148288,0.27047730277063753,39,4524.0,493.0,Region 4,Variant,K,Q,Positive Charge,Polar-Neutral,,,Vertebrate Positive Selection,,,Vertebrate Positive Selection,,
K3Δ58,PKR-K493R,4.979600721631382,1.8931741850870656,0.3246766941707539,34,3883.0,493.0,Region 4,Variant,K,R,Positive Charge,Positive Charge,,,Vertebrate Positive Selection,,,Vertebrate Positive Selection,,
K3Δ58,PKR-K493T,4.511015634142608,1.7889888828943257,0.4338935368958264,17,2120.0,493.0,Region 4,Variant,K,T,Positive Charge,Polar-Neutral,,,Vertebrate Positive Selection,,,Vertebrate Positive Selection,,
K3Δ58,PKR-L272F,4.091667649527145,1.3650562996194517,0.1480611440123442,85,19843.0,272.0,Region 1,Variant,L,F,Non-Polar,Aromatic,,,Vertebrate Positive Selection,,,Vertebrate Positive Selection,,
K3Δ58,PKR-L272I,4.313430024139706,1.328621158941709,0.2605640467544629,26,4493.0,272.0,Region 1,Variant,L,I,Non-Polar,Non-Polar,,,Vertebrate Positive Selection,,,Vertebrate Positive Selection,,
K3Δ58,PKR-L272S,4.439703883383176,1.6329602913598622,0.22645084851133074,52,9042.0,272.0,Region 1,Variant,L,S,Non-Polar,Polar-Neutral,,,Vertebrate Positive Selection,,,Vertebrate Positive Selection,,
K3Δ58,PKR-L272V,4.158111179935066,1.529077758660396,0.2254502158498345,46,9279.0,272.0,Region 1,Variant,L,V,Non-Polar,Non-Polar,,,Vertebrate Positive Selection,,,Vertebrate Positive Selection,,
K3Δ58,PKR-L374F,4.358037383465832,1.4377599288446785,0.13964758923506224,106,18349.0,374.0,Region 2,Variant,L,F,Non-Polar,Aromatic,,,,Conserved PKR Residue,,Conserved PKR Residue,Conserved PKR Residue,Conserved PKR Residue
K3Δ58,PKR-L374M,4.980925773360261,2.0652406553982305,0.2920691344428477,50,7634.0,374.0,Region 2,Variant,L,M,Non-Polar,Non-Polar,,,,Conserved PKR Residue,,Conserved PKR Residue,Conserved PKR Residue,Conserved PKR Residue
K3Δ58,PKR-L374S,1.8393430232065837,1.3507987224434685,0.2059948739797378,43,7994.0,374.0,Region 2,Variant,L,S,Non-Polar,Polar-Neutral,,,,Conserved PKR Residue,,Conserved PKR Residue,Conserved PKR Residue,Conserved PKR Residue
K3Δ58,PKR-L374V,4.830687521902798,1.8563755219033178,0.32816392999163807,32,3755.0,374.0,Region 2,Variant,L,V,Non-Polar,Non-Polar,,,,Conserved PKR Residue,,Conserved PKR Residue,Conserved PKR Residue,Conserved PKR Residue
K3Δ58,PKR-L374W,2.8366022815737133,1.5397624007140256,0.20218070828928142,58,9971.0,374.0,Region 2,Variant,L,W,Non-Polar,Aromatic,,,,Conserved PKR Residue,,Conserved PKR Residue,Conserved PKR Residue,Conserved PKR Residue
K3Δ58,PKR-L452F,4.024308494385057,1.551890678216684,0.14864416833856195,109,21223.0,452.0,Region 3,Variant,L,F,Non-Polar,Aromatic,,,,,,,,
K3Δ58,PKR-L452M,4.069032151613698,1.376870219686994,0.19471885383089696,50,9110.0,452.0,Region 3,Variant,L,M,Non-Polar,Non-Polar,,,,,,,,
K3Δ58,PKR-L452S,3.8562636297546615,1.3233445345105102,0.21755650132960733,37,8626.0,452.0,Region 3,Variant,L,S,Non-Polar,Polar-Neutral,,,,,,,,
K3Δ58,PKR-L452V,4.44557726691429,1.5992679370918244,0.22394230413342417,51,10327.0,452.0,Region 3,Variant,L,V,Non-Polar,Non-Polar,,,,,,,,
K3Δ58,PKR-L452W,4.5436248233076215,1.8585272616369137,0.4155793295056676,20,3371.0,452.0,Region 3,Variant,L,W,Non-Polar,Aromatic,,,,,,,,
K3Δ58,PKR-L481F,4.812729946220233,1.826593504832957,0.3044322508054928,36,5894.0,481.0,Region 4,Variant,L,F,Non-Polar,Aromatic,Conserved Kinase Residue,,,,,,,
K3Δ58,PKR-L481H,4.437455159523021,1.5907557031226436,0.35570378877777054,20,3877.0,481.0,Region 4,Variant,L,H,Non-Polar,Positive Charge,Conserved Kinase Residue,,,,,,,
K3Δ58,PKR-L481I,5.372086087915893,1.409304821660922,0.3523262054152305,16,1612.0,481.0,Region 4,Variant,L,I,Non-Polar,Non-Polar,Conserved Kinase Residue,,,,,,,
K3Δ58,PKR-L481P,-6.83411871275062,0.5109548459141922,0.11722108095012419,19,3717.0,481.0,Region 4,Variant,L,P,Non-Polar,Unique,Conserved Kinase Residue,,,,,,,
K3Δ58,PKR-L481R,-7.149689384523435,0.5018049422022607,0.08605883760520612,34,6446.0,481.0,Region 4,Variant,L,R,Non-Polar,Positive Charge,Conserved Kinase Residue,,,,,,,
K3Δ58,PKR-L481V,4.843797604212182,1.9013918412017539,0.3728936192797637,26,2936.0,481.0,Region 4,Variant,L,V,Non-Polar,Non-Polar,Conserved Kinase Residue,,,,,,,
K3Δ58,PKR-L482F,4.796690140215863,1.7657488333856197,0.32789132675127747,29,3354.0,482.0,Region 4,Variant,L,F,Non-Polar,Aromatic,,,,,,,,
K3Δ58,PKR-L482H,4.036144186765103,1.6438788656744507,0.3771316763630107,19,2708.0,482.0,Region 4,Variant,L,H,Non-Polar,Positive Charge,,,,,,,,
K3Δ58,PKR-L482I,4.66399095914666,1.9516082238175605,0.3903216447635121,25,3072.0,482.0,Region 4,Variant,L,I,Non-Polar,Non-Polar,,,,,,,,
K3Δ58,PKR-L482P,-0.4475073151611109,1.1803315122577824,0.3154568658343849,14,2302.0,482.0,Region 4,Variant,L,P,Non-Polar,Unique,,,,,,,,
K3Δ58,PKR-L482R,5.148443204278574,1.7474303819593473,0.3302333017187887,28,4199.0,482.0,Region 4,Variant,L,R,Non-Polar,Positive Charge,,,,,,,,
K3Δ58,PKR-L482V,4.77396453535425,2.070428648705387,0.4140857297410774,25,2849.0,482.0,Region 4,Variant,L,V,Non-Polar,Non-Polar,,,,,,,,
K3Δ58,PKR-L498I,4.2901730028001275,1.422154359423577,0.27369373408080067,27,7061.0,498.0,Region 4,Variant,L,I,Non-Polar,Non-Polar,Conserved Kinase Residue,,,,,,,
K3Δ58,PKR-L498P,1.4728075111856525,1.207727404977532,0.36414351375818893,11,3416.0,498.0,Region 4,Variant,L,P,Non-Polar,Unique,Conserved Kinase Residue,,,,,,,
K3Δ58,PKR-L498Q,3.9647279608347947,1.27226118541199,0.2596992269839864,24,8401.0,498.0,Region 4,Variant,L,Q,Non-Polar,Polar-Neutral,Conserved Kinase Residue,,,,,,,
K3Δ58,PKR-L498R,2.579825927509029,0.6352665210775337,0.1420499124959168,20,6639.0,498.0,Region 4,Variant,L,R,Non-Polar,Positive Charge,Conserved Kinase Residue,,,,,,,
K3Δ58,PKR-L498V,4.251131018838287,1.5503529042403337,0.2658833295487967,34,7192.0,498.0,Region 4,Variant,L,V,Non-Polar,Non-Polar,Conserved Kinase Residue,,,,,,,
K3Δ58,PKR-M265I,4.344277203966559,1.4418909229965227,0.18614731772710577,60,13697.0,265.0,Region 1,Variant,M,I,Non-Polar,Non-Polar,,Primate Positive Selection,,,Primate Positive Selection,,Primate Positive Selection,Primate Positive Selection
K3Δ58,PKR-M265K,3.403324986666096,1.4829100497725551,0.30920812012767196,23,3779.0,265.0,Region 1,Variant,M,K,Non-Polar,Positive Charge,,Primate Positive Selection,,,Primate Positive Selection,,Primate Positive Selection,Primate Positive Selection
K3Δ58,PKR-M265L,4.520329064066947,1.591145360254623,0.28577814299703314,31,5114.0,265.0,Region 1,Variant,M,L,Non-Polar,Non-Polar,,Primate Positive Selection,,,Primate Positive Selection,,Primate Positive Selection,Primate Positive Selection
K3Δ58,PKR-M265R,4.564995264825891,1.2485294832419418,0.30281287859437417,17,3216.0,265.0,Region 1,Variant,M,R,Non-Polar,Positive Charge,,Primate Positive Selection,,,Primate Positive Selection,,Primate Positive Selection,Primate Positive Selection
K3Δ58,PKR-M265T,4.344463238075382,1.6127525886251803,0.3606224419054657,20,3990.0,265.0,Region 1,Variant,M,T,Non-Polar,Polar-Neutral,,Primate Positive Selection,,,Primate Positive Selection,,Primate Positive Selection,Primate Positive Selection
K3Δ58,PKR-M265V,4.734806498438906,1.488871800500435,0.3509304488170941,18,3794.0,265.0,Region 1,Variant,M,V,Non-Polar,Non-Polar,,Primate Positive Selection,,,Primate Positive Selection,,Primate Positive Selection,Primate Positive Selection
K3Δ58,PKR-M455I,4.011879476917703,1.5521569062728282,0.17140705586732097,82,21570.0,455.0,Region 3,Variant,M,I,Non-Polar,Non-Polar,,,,Conserved PKR Residue,,Conserved PKR Residue,Conserved PKR Residue,Conserved PKR Residue
K3Δ58,PKR-M455K,1.528276493311329,1.2387309814339067,0.20645516357231777,36,9394.0,455.0,Region 3,Variant,M,K,Non-Polar,Positive Charge,,,,Conserved PKR Residue,,Conserved PKR Residue,Conserved PKR Residue,Conserved PKR Residue
K3Δ58,PKR-M455L,3.9923426490294043,1.422044207391711,0.19912601822180095,51,12317.0,455.0,Region 3,Variant,M,L,Non-Polar,Non-Polar,,,,Conserved PKR Residue,,Conserved PKR Residue,Conserved PKR Residue,Conserved PKR Residue
K3Δ58,PKR-M455R,3.628084855755412,1.3189765966660678,0.18653145914578606,50,11685.0,455.0,Region 3,Variant,M,R,Non-Polar,Positive Charge,,,,Conserved PKR Residue,,Conserved PKR Residue,Conserved PKR Residue,Conserved PKR Residue
K3Δ58,PKR-M455T,4.146900789588054,1.6911419190790329,0.26739301554389533,40,8916.0,455.0,Region 3,Variant,M,T,Non-Polar,Polar-Neutral,,,,Conserved PKR Residue,,Conserved PKR Residue,Conserved PKR Residue,Conserved PKR Residue
K3Δ58,PKR-M455V,3.420546153925485,1.248037857685907,0.1860464992185931,45,10228.0,455.0,Region 3,Variant,M,V,Non-Polar,Non-Polar,,,,Conserved PKR Residue,,Conserved PKR Residue,Conserved PKR Residue,Conserved PKR Residue
K3Δ58,PKR-Q376*,-6.930638083636228,0.4622728262249789,0.08439908488169555,30,5119.0,376.0,Region 2,Nonsense,Q,*,Polar-Neutral,Stop,,Primate Positive Selection,,,,,Primate Positive Selection,
K3Δ58,PKR-Q376E,4.258429946671597,1.4290385048340242,0.3465927469709068,17,2304.0,376.0,Region 2,Variant,Q,E,Polar-Neutral,Negative Charge,,Primate Positive Selection,,,,,Primate Positive Selection,
K3Δ58,PKR-Q376H,4.705134357703204,1.6963611814634494,0.17981392560763407,89,11862.0,376.0,Region 2,Variant,Q,H,Polar-Neutral,Positive Charge,,Primate Positive Selection,,,,,Primate Positive Selection,
K3Δ58,PKR-Q376K,5.196939580643689,1.8734190847268932,0.4683547711817233,16,2100.0,376.0,Region 2,Variant,Q,K,Polar-Neutral,Positive Charge,,Primate Positive Selection,,,,,Primate Positive Selection,
K3Δ58,PKR-Q376L,5.331944101073701,1.7127829577677758,0.35713993484589124,23,2881.0,376.0,Region 2,Variant,Q,L,Polar-Neutral,Non-Polar,,Primate Positive Selection,,,,,Primate Positive Selection,
K3Δ58,PKR-Q376P,4.05780717408778,1.4025063407377947,0.3305739147309418,18,2569.0,376.0,Region 2,Variant,Q,P,Polar-Neutral,Unique,,Primate Positive Selection,,,,,Primate Positive Selection,
K3Δ58,PKR-Q376R,4.179571631891249,1.6197697868262304,0.2909192417767699,31,4185.0,376.0,Region 2,Variant,Q,R,Polar-Neutral,Positive Charge,,Primate Positive Selection,,,,,Primate Positive Selection,
K3Δ58,PKR-R262G,2.8005774261671643,1.0564624657860318,0.20718933570851253,26,7029.0,262.0,Region 1,Variant,R,G,Positive Charge,Unique,Conserved Kinase Residue,,,,,,,
K3Δ58,PKR-R262K,3.8747305878501557,1.5103159429259605,0.3775789857314901,16,3185.0,262.0,Region 1,Variant,R,K,Positive Charge,Positive Charge,Conserved Kinase Residue,,,,,,,
K3Δ58,PKR-R262M,3.7530893921276527,1.4735826448462521,0.28899333311395026,26,5807.0,262.0,Region 1,Variant,R,M,Positive Charge,Non-Polar,Conserved Kinase Residue,,,,,,,
K3Δ58,PKR-R262S,3.4818714891535527,1.213099799993437,0.1579321418722008,59,14612.0,262.0,Region 1,Variant,R,S,Positive Charge,Polar-Neutral,Conserved Kinase Residue,,,,,,,
K3Δ58,PKR-R262T,3.2201123143321544,1.1438287060089016,0.31724100383559384,13,3423.0,262.0,Region 1,Variant,R,T,Positive Charge,Polar-Neutral,Conserved Kinase Residue,,,,,,,
K3Δ58,PKR-R262W,3.127044643479607,1.3269195925855453,0.2047481382662838,42,11221.0,262.0,Region 1,Variant,R,W,Positive Charge,Aromatic,Conserved Kinase Residue,,,,,,,
K3Δ58,PKR-R381G,4.679625797501163,1.9886733967594208,0.25890322382064485,59,6179.0,381.0,Region 2,Variant,R,G,Positive Charge,Unique,,,,,,,,
K3Δ58,PKR-R381I,5.122363141196318,1.8822410435524275,0.3924743883105114,23,2361.0,381.0,Region 2,Variant,R,I,Positive Charge,Non-Polar,,,,,,,,
K3Δ58,PKR-R381K,5.899508885826428,1.9112208605591818,0.5517219391623359,12,1496.0,381.0,Region 2,Variant,R,K,Positive Charge,Positive Charge,,,,,,,,
K3Δ58,PKR-R381S,4.458639213951004,1.9421468481948736,0.3236911413658123,36,3443.0,381.0,Region 2,Variant,R,S,Positive Charge,Polar-Neutral,,,,,,,,
K3Δ58,PKR-R381T,6.4128743384711235,2.5664036039943268,0.9073606958229916,8,736.0,381.0,Region 2,Variant,R,T,Positive Charge,Polar-Neutral,,,,,,,,
K3Δ58,PKR-R382G,4.235362312431037,1.865890381052141,0.26931807844469674,48,5833.0,382.0,Region 2,Variant,R,G,Positive Charge,Unique,,,Vertebrate Positive Selection,,,Vertebrate Positive Selection,,
K3Δ58,PKR-R382I,5.31693343504942,2.128340233480728,0.41740186084934067,26,2578.0,382.0,Region 2,Variant,R,I,Positive Charge,Non-Polar,,,Vertebrate Positive Selection,,,Vertebrate Positive Selection,,
K3Δ58,PKR-R382K,4.846407948666302,1.3507136491478484,0.3746205631132034,13,1542.0,382.0,Region 2,Variant,R,K,Positive Charge,Positive Charge,,,Vertebrate Positive Selection,,,Vertebrate Positive Selection,,
K3Δ58,PKR-R382S,4.347807603606842,1.6512388911656326,0.24346189219250416,46,5081.0,382.0,Region 2,Variant,R,S,Positive Charge,Polar-Neutral,,,Vertebrate Positive Selection,,,Vertebrate Positive Selection,,
K3Δ58,PKR-R382T,4.817825184933761,2.048016027944848,0.5680174462867107,13,1376.0,382.0,Region 2,Variant,R,T,Positive Charge,Polar-Neutral,,,Vertebrate Positive Selection,,,Vertebrate Positive Selection,,
K3Δ58,PKR-R453*,-6.847388324725539,0.41967502916210786,0.05995357559458684,49,12002.0,453.0,Region 3,Nonsense,R,*,Positive Charge,Stop,,,,,,,,
K3Δ58,PKR-R453G,3.0782599350873663,1.0069828074406089,0.1518083701190546,44,11336.0,453.0,Region 3,Variant,R,G,Positive Charge,Unique,,,,,,,,
K3Δ58,PKR-R453L,2.611000624106183,1.1068816485486064,0.15653670393193286,50,11981.0,453.0,Region 3,Variant,R,L,Positive Charge,Non-Polar,,,,,,,,
K3Δ58,PKR-R453P,0.5189013385161446,0.8659501367826861,0.23143490899077446,14,3528.0,453.0,Region 3,Variant,R,P,Positive Charge,Unique,,,,,,,,
K3Δ58,PKR-R453Q,3.0678475557427904,1.0995254501808553,0.2344196136297834,22,4729.0,453.0,Region 3,Variant,R,Q,Positive Charge,Polar-Neutral,,,,,,,,
K3Δ58,PKR-R499G,4.34922097330458,1.13466073433128,0.1945927105545746,34,9951.0,499.0,Region 4,Variant,R,G,Positive Charge,Unique,Conserved Kinase Residue,,,,,,,
K3Δ58,PKR-R499L,4.317862025140889,1.2417743423305743,0.22671593954186592,30,10108.0,499.0,Region 4,Variant,R,L,Positive Charge,Non-Polar,Conserved Kinase Residue,,,,,,,
K3Δ58,PKR-R499P,3.272230913432272,0.5103187860305762,0.11136068883538518,21,8530.0,499.0,Region 4,Variant,R,P,Positive Charge,Unique,Conserved Kinase Residue,,,,,,,
K3Δ58,PKR-R499Q,4.089740474069463,0.8724301101442961,0.14962052952546992,34,10647.0,499.0,Region 4,Variant,R,Q,Positive Charge,Polar-Neutral,Conserved Kinase Residue,,,,,,,
K3Δ58,PKR-R499W,4.251203798310256,1.2043823726731673,0.1756772245501856,47,14554.0,499.0,Region 4,Variant,R,W,Positive Charge,Aromatic,Conserved Kinase Residue,,,,,,,
K3Δ58,PKR-S275*,-6.908133205967701,0.6222344351279249,0.07045417607492846,78,12381.0,275.0,Region 1,Nonsense,S,*,Polar-Neutral,Stop,,Primate Positive Selection,,,Primate Positive Selection,,Primate Positive Selection,Primate Positive Selection
K3Δ58,PKR-S275A,4.932954682761831,1.6355582236481874,0.276459798314496,35,4058.0,275.0,Region 1,Variant,S,A,Polar-Neutral,Non-Polar,,Primate Positive Selection,,,Primate Positive Selection,,Primate Positive Selection,Primate Positive Selection
K3Δ58,PKR-S275L,4.607794715453087,1.9916378212614205,0.23804625034040694,70,6989.0,275.0,Region 1,Variant,S,L,Polar-Neutral,Non-Polar,,Primate Positive Selection,,,Primate Positive Selection,,Primate Positive Selection,Primate Positive Selection
K3Δ58,PKR-S275P,1.5947646926998023,0.9194840355133677,0.19172567489990439,23,4269.0,275.0,Region 1,Variant,S,P,Polar-Neutral,Unique,,Primate Positive Selection,,,Primate Positive Selection,,Primate Positive Selection,Primate Positive Selection
K3Δ58,PKR-S275T,4.337473742694768,1.4117232731559752,0.20814724094351117,46,5458.0,275.0,Region 1,Variant,S,T,Polar-Neutral,Polar-Neutral,,Primate Positive Selection,,,Primate Positive Selection,,Primate Positive Selection,Primate Positive Selection
K3Δ58,PKR-S448C,4.007550586895421,1.3086782652806142,0.16108715888563752,66,9647.0,448.0,Region 3,Variant,S,C,Polar-Neutral,Polar-Neutral,,,Vertebrate Positive Selection,,,Vertebrate Positive Selection,,
K3Δ58,PKR-S448G,4.138777692319814,1.741891739167015,0.25142041612681537,48,6276.0,448.0,Region 3,Variant,S,G,Polar-Neutral,Unique,,,Vertebrate Positive Selection,,,Vertebrate Positive Selection,,
K3Δ58,PKR-S448I,2.176710535252139,1.338700747318729,0.2065660099080358,42,6827.0,448.0,Region 3,Variant,S,I,Polar-Neutral,Non-Polar,,,Vertebrate Positive Selection,,,Vertebrate Positive Selection,,
K3Δ58,PKR-S448N,4.349074754072119,2.0042853500405227,0.4091230338779044,24,2546.0,448.0,Region 3,Variant,S,N,Polar-Neutral,Polar-Neutral,,,Vertebrate Positive Selection,,,Vertebrate Positive Selection,,
K3Δ58,PKR-S448R,4.37841790171513,1.8553396905614046,0.19238976364282712,93,11840.0,448.0,Region 3,Variant,S,R,Polar-Neutral,Positive Charge,,,Vertebrate Positive Selection,,,Vertebrate Positive Selection,,
K3Δ58,PKR-S448T,4.254558135836039,1.2555204242073026,0.23727105774391727,28,5249.0,448.0,Region 3,Variant,S,T,Polar-Neutral,Polar-Neutral,,,Vertebrate Positive Selection,,,Vertebrate Positive Selection,,
K3Δ58,PKR-S492A,4.240623274157202,1.7072683341168613,0.2845447223528102,36,4178.0,492.0,Region 4,Variant,S,A,Polar-Neutral,Non-Polar,,Primate Positive Selection,,,Primate Positive Selection,,Primate Positive Selection,Primate Positive Selection
K3Δ58,PKR-S492L,4.774681566729937,1.616534910430585,0.17851641711211486,82,12904.0,492.0,Region 4,Variant,S,L,Polar-Neutral,Non-Polar,,Primate Positive Selection,,,Primate Positive Selection,,Primate Positive Selection,Primate Positive Selection
K3Δ58,PKR-S492P,-4.927293424744018,0.5537078388695026,0.1085910413548032,26,4638.0,492.0,Region 4,Variant,S,P,Polar-Neutral,Unique,,Primate Positive Selection,,,Primate Positive Selection,,Primate Positive Selection,Primate Positive Selection
K3Δ58,PKR-S492T,3.8316463822858116,1.4576997122555553,0.20614987029391643,50,7872.0,492.0,Region 4,Variant,S,T,Polar-Neutral,Polar-Neutral,,Primate Positive Selection,,,Primate Positive Selection,,Primate Positive Selection,Primate Positive Selection
K3Δ58,PKR-S504A,4.716541595600499,1.8625152414613342,0.319418728716977,34,6025.0,504.0,Region 4,Variant,S,A,Polar-Neutral,Non-Polar,,,Vertebrate Positive Selection,,,Vertebrate Positive Selection,,
K3Δ58,PKR-S504L,4.393445752058276,1.6299565669951797,0.23051066831236733,50,8839.0,504.0,Region 4,Variant,S,L,Polar-Neutral,Non-Polar,,,Vertebrate Positive Selection,,,Vertebrate Positive Selection,,
K3Δ58,PKR-S504P,4.721534639864392,1.3789024528457847,0.29398299073122963,22,4340.0,504.0,Region 4,Variant,S,P,Polar-Neutral,Unique,,,Vertebrate Positive Selection,,,Vertebrate Positive Selection,,
K3Δ58,PKR-S504T,4.173791817394251,1.494990518994069,0.4315665892885821,12,1962.0,504.0,Region 4,Variant,S,T,Polar-Neutral,Polar-Neutral,,,Vertebrate Positive Selection,,,Vertebrate Positive Selection,,
K3Δ58,PKR-T255A,4.645997918551396,1.7611554754442402,0.23327074130481673,57,9563.0,255.0,Region 1,Variant,T,A,Polar-Neutral,Non-Polar,,Primate Positive Selection,,,Primate Positive Selection,,Primate Positive Selection,Primate Positive Selection
K3Δ58,PKR-T255I,4.415660490505063,1.7107689603175162,0.28512816005291935,36,5657.0,255.0,Region 1,Variant,T,I,Polar-Neutral,Non-Polar,,Primate Positive Selection,,,Primate Positive Selection,,Primate Positive Selection,Primate Positive Selection
K3Δ58,PKR-T255K,4.5663744362411185,1.9237793421686584,0.2900206480640989,44,6534.0,255.0,Region 1,Variant,T,K,Polar-Neutral,Positive Charge,,Primate Positive Selection,,,Primate Positive Selection,,Primate Positive Selection,Primate Positive Selection
K3Δ58,PKR-T255P,4.518333142476089,1.8081557931149703,0.36163115862299405,25,3795.0,255.0,Region 1,Variant,T,P,Polar-Neutral,Unique,,Primate Positive Selection,,,Primate Positive Selection,,Primate Positive Selection,Primate Positive Selection
K3Δ58,PKR-T255R,4.4617401896610325,2.090607902794774,0.47961834625525906,19,2774.0,255.0,Region 1,Variant,T,R,Polar-Neutral,Positive Charge,,Primate Positive Selection,,,Primate Positive Selection,,Primate Positive Selection,Primate Positive Selection
K3Δ58,PKR-T255S,4.212853791182303,1.57467983228007,0.24013642315429637,43,6931.0,255.0,Region 1,Variant,T,S,Polar-Neutral,Polar-Neutral,,Primate Positive Selection,,,Primate Positive Selection,,Primate Positive Selection,Primate Positive Selection
K3Δ58,PKR-T258A,4.5549040831311896,1.217953698362698,0.23017161387564822,28,5862.0,258.0,Region 1,Variant,T,A,Polar-Neutral,Non-Polar,,,,,,,,
K3Δ58,PKR-T258I,4.066748317545384,1.0220939456310572,0.14908772468952367,47,9808.0,258.0,Region 1,Variant,T,I,Polar-Neutral,Non-Polar,,,,,,,,
K3Δ58,PKR-T258N,4.317973523184498,1.3480535872916433,0.22161864458410022,37,7675.0,258.0,Region 1,Variant,T,N,Polar-Neutral,Polar-Neutral,,,,,,,,
K3Δ58,PKR-T258P,5.372560039271201,2.25792567966684,0.4192862726643835,29,6283.0,258.0,Region 1,Variant,T,P,Polar-Neutral,Unique,,,,,,,,
K3Δ58,PKR-T258S,4.753585801531628,1.3316052608918723,0.2318027224743326,33,6736.0,258.0,Region 1,Variant,T,S,Polar-Neutral,Polar-Neutral,,,,,,,,
K3Δ58,PKR-T373A,4.238118778326621,1.5282339923833008,0.24471328778251555,39,6517.0,373.0,Region 2,Variant,T,A,Polar-Neutral,Non-Polar,,,,,,,,
K3Δ58,PKR-T373I,4.256014650894102,1.4167462950417191,0.20239232786310274,49,9741.0,373.0,Region 2,Variant,T,I,Polar-Neutral,Non-Polar,,,,,,,,
K3Δ58,PKR-T373N,4.440663578782586,1.821480472777277,0.2994495451210678,37,4563.0,373.0,Region 2,Variant,T,N,Polar-Neutral,Polar-Neutral,,,,,,,,
K3Δ58,PKR-T373P,3.440807457415711,1.1849542152874475,0.30595386278843745,15,3097.0,373.0,Region 2,Variant,T,P,Polar-Neutral,Unique,,,,,,,,
K3Δ58,PKR-T373S,3.342988292759167,1.7596469438895135,0.28928417559040287,37,5887.0,373.0,Region 2,Variant,T,S,Polar-Neutral,Polar-Neutral,,,,,,,,
K3Δ58,PKR-T451A,-1.847383212476943,0.7229615405604112,0.10899055308619049,44,6747.0,451.0,Region 3,Variant,T,A,Polar-Neutral,Non-Polar,Conserved Kinase Residue,,,Conserved PKR Residue,,Conserved PKR Residue,Conserved PKR Residue,Conserved PKR Residue
K3Δ58,PKR-T451I,-6.588002106338197,0.6334074130114709,0.0736321161254146,74,12292.0,451.0,Region 3,Variant,T,I,Polar-Neutral,Non-Polar,Conserved Kinase Residue,,,Conserved PKR Residue,,Conserved PKR Residue,Conserved PKR Residue,Conserved PKR Residue
K3Δ58,PKR-T451N,-5.792632567527687,0.46722849674997485,0.06743862459291555,48,7725.0,451.0,Region 3,Variant,T,N,Polar-Neutral,Polar-Neutral,Conserved Kinase Residue,,,Conserved PKR Residue,,Conserved PKR Residue,Conserved PKR Residue,Conserved PKR Residue
K3Δ58,PKR-T451P,-6.490452327813844,0.5590246269590772,0.09882252614326088,32,4253.0,451.0,Region 3,Variant,T,P,Polar-Neutral,Unique,Conserved Kinase Residue,,,Conserved PKR Residue,,Conserved PKR Residue,Conserved PKR Residue,Conserved PKR Residue
K3Δ58,PKR-T451S,1.0371679515780532,1.0870053551948755,0.17187063756080745,40,7207.0,451.0,Region 3,Variant,T,S,Polar-Neutral,Polar-Neutral,Conserved Kinase Residue,,,Conserved PKR Residue,,Conserved PKR Residue,Conserved PKR Residue,Conserved PKR Residue
K3Δ58,PKR-T487A,-5.022320588020066,0.43574775229550916,0.07585394730756628,33,10514.0,487.0,Region 4,Variant,T,A,Polar-Neutral,Non-Polar,Conserved Kinase Residue,,,,,,,
K3Δ58,PKR-T487I,-6.574492287583913,0.37708473834472384,0.07126231720414294,28,10001.0,487.0,Region 4,Variant,T,I,Polar-Neutral,Non-Polar,Conserved Kinase Residue,,,,,,,
K3Δ58,PKR-T487N,-6.277108382940891,0.3827180920901398,0.07654361841802795,25,8471.0,487.0,Region 4,Variant,T,N,Polar-Neutral,Polar-Neutral,Conserved Kinase Residue,,,,,,,
K3Δ58,PKR-T487P,-6.705246145483839,0.3701493705551549,0.08276791543900854,20,7215.0,487.0,Region 4,Variant,T,P,Polar-Neutral,Unique,Conserved Kinase Residue,,,,,,,
K3Δ58,PKR-T487S,4.134394428810628,1.065130943159861,0.2324306272414176,21,5076.0,487.0,Region 4,Variant,T,S,Polar-Neutral,Polar-Neutral,Conserved Kinase Residue,,,,,,,
K3Δ58,PKR-T491A,4.32854334896549,1.2786028804180758,0.27901402301449535,21,6573.0,491.0,Region 4,Variant,T,A,Polar-Neutral,Non-Polar,,,Vertebrate Positive Selection,,,Vertebrate Positive Selection,,
K3Δ58,PKR-T491I,4.377414745813316,1.3084664031715185,0.25661137394815914,26,7216.0,491.0,Region 4,Variant,T,I,Polar-Neutral,Non-Polar,,,Vertebrate Positive Selection,,,Vertebrate Positive Selection,,
K3Δ58,PKR-T491K,4.5298588299295295,2.070171044091082,0.6900570146970274,9,3534.0,491.0,Region 4,Variant,T,K,Polar-Neutral,Positive Charge,,,Vertebrate Positive Selection,,,Vertebrate Positive Selection,,
K3Δ58,PKR-T491P,-6.695872492360853,0.26189136969333393,0.07263559707929318,13,4471.0,491.0,Region 4,Variant,T,P,Polar-Neutral,Unique,,,Vertebrate Positive Selection,,,Vertebrate Positive Selection,,
K3Δ58,PKR-T491R,4.510136179647815,1.3347761765621518,0.2912720411866572,21,6298.0,491.0,Region 4,Variant,T,R,Polar-Neutral,Positive Charge,,,Vertebrate Positive Selection,,,Vertebrate Positive Selection,,
K3Δ58,PKR-T491S,3.8328303676072637,1.3489586254993904,0.28759894529054963,22,5768.0,491.0,Region 4,Variant,T,S,Polar-Neutral,Polar-Neutral,,,Vertebrate Positive Selection,,,Vertebrate Positive Selection,,
K3Δ58,PKR-T496A,4.677675968124041,1.7766653389178342,0.36266029366980285,24,2893.0,496.0,Region 4,Variant,T,A,Polar-Neutral,Non-Polar,,Primate Positive Selection,,,Primate Positive Selection,,Primate Positive Selection,Primate Positive Selection
K3Δ58,PKR-T496I,3.9151819950956015,1.5418099811950432,0.30237381462944807,26,3410.0,496.0,Region 4,Variant,T,I,Polar-Neutral,Non-Polar,,Primate Positive Selection,,,Primate Positive Selection,,Primate Positive Selection,Primate Positive Selection
K3Δ58,PKR-T496K,4.624373759859855,2.0058442944363453,0.360260270320923,31,4154.0,496.0,Region 4,Variant,T,K,Polar-Neutral,Positive Charge,,Primate Positive Selection,,,Primate Positive Selection,,Primate Positive Selection,Primate Positive Selection
K3Δ58,PKR-T496P,4.082142257198978,1.8883661446888527,0.4026010147893457,22,3302.0,496.0,Region 4,Variant,T,P,Polar-Neutral,Unique,,Primate Positive Selection,,,Primate Positive Selection,,Primate Positive Selection,Primate Positive Selection
K3Δ58,PKR-T496R,5.005834163603765,1.832023818603412,0.2933585917999102,39,4995.0,496.0,Region 4,Variant,T,R,Polar-Neutral,Positive Charge,,Primate Positive Selection,,,Primate Positive Selection,,Primate Positive Selection,Primate Positive Selection
K3Δ58,PKR-T496S,4.5976264688362845,1.7453104875005052,0.3808579723891116,21,2704.0,496.0,Region 4,Variant,T,S,Polar-Neutral,Polar-Neutral,,Primate Positive Selection,,,Primate Positive Selection,,Primate Positive Selection,Primate Positive Selection
K3Δ58,PKR-V259A,4.416058584567948,1.6165397174416665,0.2772342743679168,34,5656.0,259.0,Region 1,Variant,V,A,Non-Polar,Non-Polar,,Primate Positive Selection,,,Primate Positive Selection,,Primate Positive Selection,Primate Positive Selection
K3Δ58,PKR-V259E,4.5866272582258025,1.7689696689673116,0.24770529967045476,51,8915.0,259.0,Region 1,Variant,V,E,Non-Polar,Negative Charge,,Primate Positive Selection,,,Primate Positive Selection,,Primate Positive Selection,Primate Positive Selection
K3Δ58,PKR-V259G,4.854807909399774,1.7345384266432997,0.3401709724819505,26,4064.0,259.0,Region 1,Variant,V,G,Non-Polar,Unique,,Primate Positive Selection,,,Primate Positive Selection,,Primate Positive Selection,Primate Positive Selection
K3Δ58,PKR-V259L,4.305165339266523,1.5300041164479345,0.19431071709970194,62,9477.0,259.0,Region 1,Variant,V,L,Non-Polar,Non-Polar,,Primate Positive Selection,,,Primate Positive Selection,,Primate Positive Selection,Primate Positive Selection
K3Δ58,PKR-V259M,4.20995714578747,1.4641928514398306,0.21588345820430532,46,6669.0,259.0,Region 1,Variant,V,M,Non-Polar,Non-Polar,,Primate Positive Selection,,,Primate Positive Selection,,Primate Positive Selection,Primate Positive Selection
K3Δ58,PKR-V484A,4.533883711444181,1.6530115422257667,0.3017972364978186,30,3977.0,484.0,Region 4,Variant,V,A,Non-Polar,Non-Polar,,,,,,,,
K3Δ58,PKR-V484E,4.281422469529757,1.5593684214437846,0.3486853792314843,20,3824.0,484.0,Region 4,Variant,V,E,Non-Polar,Negative Charge,,,,,,,,
K3Δ58,PKR-V484G,4.73785708974765,1.721812921597931,0.33767529561477133,26,3570.0,484.0,Region 4,Variant,V,G,Non-Polar,Unique,,,,,,,,
K3Δ58,PKR-V484I,4.133272318974316,1.7910864345692585,0.36560398749295775,24,2918.0,484.0,Region 4,Variant,V,I,Non-Polar,Non-Polar,,,,,,,,
K3Δ58,PKR-V484L,4.679927335026778,1.6017854667257838,0.21404758655720266,56,9606.0,484.0,Region 4,Variant,V,L,Non-Polar,Non-Polar,,,,,,,,
K3Δ58,PKR-W377C,4.334205861995558,1.5736749489870185,0.2048750278464235,59,8154.0,377.0,Region 2,Variant,W,C,Aromatic,Polar-Neutral,,,,Conserved PKR Residue,,Conserved PKR Residue,Conserved PKR Residue,Conserved PKR Residue
K3Δ58,PKR-W377G,4.36200410900763,1.5987374871695466,0.2826195296286818,32,4322.0,377.0,Region 2,Variant,W,G,Aromatic,Unique,,,,Conserved PKR Residue,,Conserved PKR Residue,Conserved PKR Residue,Conserved PKR Residue
K3Δ58,PKR-W377L,4.436166076495201,1.767916112518096,0.29465268541968265,36,5026.0,377.0,Region 2,Variant,W,L,Aromatic,Non-Polar,,,,Conserved PKR Residue,,Conserved PKR Residue,Conserved PKR Residue,Conserved PKR Residue
K3Δ58,PKR-W377R,4.473320918999079,1.7001346878286563,0.2795004209617409,37,4791.0,377.0,Region 2,Variant,W,R,Aromatic,Positive Charge,,,,Conserved PKR Residue,,Conserved PKR Residue,Conserved PKR Residue,Conserved PKR Residue
K3Δ58,PKR-W377S,4.792936519509323,1.6932715134059078,0.3199982376130003,28,3787.0,377.0,Region 2,Variant,W,S,Aromatic,Polar-Neutral,,,,Conserved PKR Residue,,Conserved PKR Residue,Conserved PKR Residue,Conserved PKR Residue
K3Δ58,PKR-WT,4.581989180885331,1.67469073733743,0.09406000275889043,317,52512.0,,,WT,,,,,,,,,,,,
K3Δ58,PKR-Y257C,4.3212515751719005,1.3234173389820374,0.20668306437743336,41,7125.0,257.0,Region 1,Variant,Y,C,Aromatic,Polar-Neutral,,,,,,,,
K3Δ58,PKR-Y257D,4.839176451464056,1.6566169006015583,0.268738747884824,38,7418.0,257.0,Region 1,Variant,Y,D,Aromatic,Negative Charge,,,,,,,,
K3Δ58,PKR-Y257F,4.943880886867774,1.831768113166936,0.24262361365295898,57,7699.0,257.0,Region 1,Variant,Y,F,Aromatic,Aromatic,,,,,,,,
K3Δ58,PKR-Y257H,4.7617588992914,1.8160965177334352,0.3261805635772878,31,5557.0,257.0,Region 1,Variant,Y,H,Aromatic,Positive Charge,,,,,,,,
K3Δ58,PKR-Y257N,4.4784065481486035,1.4474946395867976,0.20268979155506944,51,8294.0,257.0,Region 1,Variant,Y,N,Aromatic,Polar-Neutral,,,,,,,,
K3Δ58,PKR-Y257S,4.475078220305261,1.6206545877504408,0.3118951208337063,27,5486.0,257.0,Region 1,Variant,Y,S,Aromatic,Polar-Neutral,,,,,,,,
K3Δ58,PKR-Y454C,1.587651838474881,0.5521564526547111,0.09333147504738677,35,7790.0,454.0,Region 3,Variant,Y,C,Aromatic,Polar-Neutral,Conserved Kinase Residue,,,Conserved PKR Residue,,Conserved PKR Residue,Conserved PKR Residue,Conserved PKR Residue
K3Δ58,PKR-Y454D,-6.766285252185315,0.414784939236074,0.07220478994794233,33,8517.0,454.0,Region 3,Variant,Y,D,Aromatic,Negative Charge,Conserved Kinase Residue,,,Conserved PKR Residue,,Conserved PKR Residue,Conserved PKR Residue,Conserved PKR Residue
K3Δ58,PKR-Y454F,4.4316985429398255,1.2584078950267203,0.24218071231467578,27,6886.0,454.0,Region 3,Variant,Y,F,Aromatic,Aromatic,Conserved Kinase Residue,,,Conserved PKR Residue,,Conserved PKR Residue,Conserved PKR Residue,Conserved PKR Residue
K3Δ58,PKR-Y454H,3.803047518821047,1.1365473156439665,0.21478725360371181,28,6425.0,454.0,Region 3,Variant,Y,H,Aromatic,Positive Charge,Conserved Kinase Residue,,,Conserved PKR Residue,,Conserved PKR Residue,Conserved PKR Residue,Conserved PKR Residue
K3Δ58,PKR-Y454N,-4.153721423103738,0.5881922773116365,0.09669821473086493,37,10148.0,454.0,Region 3,Variant,Y,N,Aromatic,Polar-Neutral,Conserved Kinase Residue,,,Conserved PKR Residue,,Conserved PKR Residue,Conserved PKR Residue,Conserved PKR Residue
K3Δ58,PKR-Y454S,-2.116634502056291,0.8192022491393417,0.19308782184323336,18,4445.0,454.0,Region 3,Variant,Y,S,Aromatic,Polar-Neutral,Conserved Kinase Residue,,,Conserved PKR Residue,,Conserved PKR Residue,Conserved PKR Residue,Conserved PKR Residue
MYXV M156R,PKR-A488D,4.622081214411157,0.8422163229946564,0.25393777597145895,11,4437.0,488.0,Region 4,Variant,A,D,Non-Polar,Negative Charge,,,Vertebrate Positive Selection,,,Vertebrate Positive Selection,,
MYXV M156R,PKR-A488G,4.682046313060818,0.6883409131995915,0.16694719362094312,17,6916.0,488.0,Region 4,Variant,A,G,Non-Polar,Unique,,,Vertebrate Positive Selection,,,Vertebrate Positive Selection,,
MYXV M156R,PKR-A488P,-6.6094537812762395,0.2631170297835358,0.08770567659451194,9,6724.0,488.0,Region 4,Variant,A,P,Non-Polar,Unique,,,Vertebrate Positive Selection,,,Vertebrate Positive Selection,,
MYXV M156R,PKR-A488S,4.925366133891601,0.5424057671907468,0.12784626537842297,18,6983.0,488.0,Region 4,Variant,A,S,Non-Polar,Polar-Neutral,,,Vertebrate Positive Selection,,,Vertebrate Positive Selection,,
MYXV M156R,PKR-A488T,5.154234898877828,0.5947503123376202,0.15356387032235083,15,5949.0,488.0,Region 4,Variant,A,T,Non-Polar,Polar-Neutral,,,Vertebrate Positive Selection,,,Vertebrate Positive Selection,,
MYXV M156R,PKR-A488V,4.743793733757676,0.610089965000658,0.12201799300013161,25,9066.0,488.0,Region 4,Variant,A,V,Non-Polar,Non-Polar,,,Vertebrate Positive Selection,,,Vertebrate Positive Selection,,
MYXV M156R,PKR-C485F,5.135069572485043,0.847070424203941,0.149742310274293,32,6871.0,485.0,Region 4,Variant,C,F,Polar-Neutral,Aromatic,,,,,,,,
MYXV M156R,PKR-C485G,4.710262031785855,0.6812559395574402,0.12437974850999534,30,7324.0,485.0,Region 4,Variant,C,G,Polar-Neutral,Unique,,,,,,,,
MYXV M156R,PKR-C485R,4.6990699363856665,0.5974651565223288,0.09692164676716566,38,9732.0,485.0,Region 4,Variant,C,R,Polar-Neutral,Positive Charge,,,,,,,,
MYXV M156R,PKR-C485S,5.124348628635118,0.9493637544640314,0.20240503253378334,22,4690.0,485.0,Region 4,Variant,C,S,Polar-Neutral,Polar-Neutral,,,,,,,,
MYXV M156R,PKR-C485W,5.0026106679567475,0.9279254548458602,0.09891718584887152,88,22391.0,485.0,Region 4,Variant,C,W,Polar-Neutral,Aromatic,,,,,,,,
MYXV M156R,PKR-C485Y,5.066493318185265,1.162148439417331,0.24232470089244862,23,4900.0,485.0,Region 4,Variant,C,Y,Polar-Neutral,Aromatic,,,,,,,,
MYXV M156R,PKR-D260A,5.427996208910452,0.5544628040156053,0.24796330415480736,5,1471.0,260.0,Region 1,Variant,D,A,Negative Charge,Non-Polar,,,,,,,,
MYXV M156R,PKR-D260E,4.920614910930281,0.9605378029156928,0.1753694073311255,30,10108.0,260.0,Region 1,Variant,D,E,Negative Charge,Negative Charge,,,,,,,,
MYXV M156R,PKR-D260G,5.119156643601421,0.8087702213095775,0.17648813137987265,21,7739.0,260.0,Region 1,Variant,D,G,Negative Charge,Unique,,,,,,,,
MYXV M156R,PKR-D260H,4.891669688241669,0.5809080981499328,0.16769372342064864,12,4021.0,260.0,Region 1,Variant,D,H,Negative Charge,Positive Charge,,,,,,,,
MYXV M156R,PKR-D260N,4.949290500721054,0.6277534661565297,0.1403699423437114,20,4106.0,260.0,Region 1,Variant,D,N,Negative Charge,Polar-Neutral,,,,,,,,
MYXV M156R,PKR-D260V,4.7183599983958535,0.5592981239178556,0.08431736468114664,44,17551.0,260.0,Region 1,Variant,D,V,Negative Charge,Non-Polar,,,,,,,,
MYXV M156R,PKR-D260Y,4.791120553321934,0.5372932152017472,0.10967451829197289,24,8970.0,260.0,Region 1,Variant,D,Y,Negative Charge,Aromatic,,,,,,,,
MYXV M156R,PKR-D266A,4.584839113619157,0.75654075805395,0.1783183667546531,18,4674.0,266.0,Region 1,Variant,D,A,Negative Charge,Non-Polar,Conserved Kinase Residue,,,,,,,
MYXV M156R,PKR-D266E,4.621683216310331,0.6151434188019717,0.07459709678306146,68,27957.0,266.0,Region 1,Variant,D,E,Negative Charge,Negative Charge,Conserved Kinase Residue,,,,,,,
MYXV M156R,PKR-D266G,5.0292580603423795,0.6165829990330869,0.13145593708654477,22,10005.0,266.0,Region 1,Variant,D,G,Negative Charge,Unique,Conserved Kinase Residue,,,,,,,
MYXV M156R,PKR-D266H,3.78058807491595,0.6614220553731385,0.19093610085881854,12,5105.0,266.0,Region 1,Variant,D,H,Negative Charge,Positive Charge,Conserved Kinase Residue,,,,,,,
MYXV M156R,PKR-D266N,4.349071519656928,0.37344183107816503,0.0880210837113639,18,9332.0,266.0,Region 1,Variant,D,N,Negative Charge,Polar-Neutral,Conserved Kinase Residue,,,,,,,
MYXV M156R,PKR-D266V,3.9386514682219924,0.7300510712182356,0.1332884799456794,30,13718.0,266.0,Region 1,Variant,D,V,Negative Charge,Non-Polar,Conserved Kinase Residue,,,,,,,
MYXV M156R,PKR-D266Y,4.2596279212962935,0.5946003434239958,0.09401456913690741,40,16734.0,266.0,Region 1,Variant,D,Y,Negative Charge,Aromatic,Conserved Kinase Residue,,,,,,,
MYXV M156R,PKR-D486A,5.066134781105267,0.5925274513395079,0.16433754676343,13,6033.0,486.0,Region 4,Variant,D,A,Negative Charge,Non-Polar,,,Vertebrate Positive Selection,,,Vertebrate Positive Selection,,
MYXV M156R,PKR-D486E,5.223987359627505,0.5829403801276702,0.09715673002127838,36,13094.0,486.0,Region 4,Variant,D,E,Negative Charge,Negative Charge,,,Vertebrate Positive Selection,,,Vertebrate Positive Selection,,
MYXV M156R,PKR-D486G,5.1040597031419415,0.5116946035572497,0.1066957004369071,23,8396.0,486.0,Region 4,Variant,D,G,Negative Charge,Unique,,,Vertebrate Positive Selection,,,Vertebrate Positive Selection,,
MYXV M156R,PKR-D486H,5.049106056394201,0.6030263531480283,0.12856565047247095,22,8049.0,486.0,Region 4,Variant,D,H,Negative Charge,Positive Charge,,,Vertebrate Positive Selection,,,Vertebrate Positive Selection,,
MYXV M156R,PKR-D486N,4.838619943123911,0.7209465158355132,0.1612085417549836,20,8671.0,486.0,Region 4,Variant,D,N,Negative Charge,Polar-Neutral,,,Vertebrate Positive Selection,,,Vertebrate Positive Selection,,
MYXV M156R,PKR-D486V,4.51626089175001,0.6095747667589018,0.15239369168972544,16,5282.0,486.0,Region 4,Variant,D,V,Negative Charge,Non-Polar,,,Vertebrate Positive Selection,,,Vertebrate Positive Selection,,
MYXV M156R,PKR-D486Y,4.974091293629289,0.7951860339545448,0.1559488116950261,26,10520.0,486.0,Region 4,Variant,D,Y,Negative Charge,Aromatic,,,Vertebrate Positive Selection,,,Vertebrate Positive Selection,,
MYXV M156R,PKR-D497A,4.953047651519688,0.5767519243192971,0.15414343556895596,14,5166.0,497.0,Region 4,Variant,D,A,Negative Charge,Non-Polar,,,,,,,,
MYXV M156R,PKR-D497E,5.084647270963072,0.6495203150500847,0.0787659077922341,68,21682.0,497.0,Region 4,Variant,D,E,Negative Charge,Negative Charge,,,,,,,,
MYXV M156R,PKR-D497G,4.874509948197276,0.6049131193949342,0.12613310464607203,23,9544.0,497.0,Region 4,Variant,D,G,Negative Charge,Unique,,,,,,,,
MYXV M156R,PKR-D497H,4.718964524814536,0.6180463465983246,0.17841461229010372,12,4165.0,497.0,Region 4,Variant,D,H,Negative Charge,Positive Charge,,,,,,,,
MYXV M156R,PKR-D497N,5.026771672607214,0.7393288836428809,0.19759395562412263,14,6750.0,497.0,Region 4,Variant,D,N,Negative Charge,Polar-Neutral,,,,,,,,
MYXV M156R,PKR-D497V,4.832444682072346,0.7023971031048095,0.12823957923226204,30,10712.0,497.0,Region 4,Variant,D,V,Negative Charge,Non-Polar,,,,,,,,
MYXV M156R,PKR-D497Y,4.83843178793549,0.6186691620225324,0.12373383240450649,25,8210.0,497.0,Region 4,Variant,D,Y,Negative Charge,Aromatic,,,,,,,,
MYXV M156R,PKR-D500A,5.1537504195744885,0.844136806985704,0.2436813063730337,12,3707.0,500.0,Region 4,Variant,D,A,Negative Charge,Non-Polar,,,Vertebrate Positive Selection,,,Vertebrate Positive Selection,,
MYXV M156R,PKR-D500E,5.222048767688463,0.8076625021589,0.10426878067392105,60,17372.0,500.0,Region 4,Variant,D,E,Negative Charge,Negative Charge,,,Vertebrate Positive Selection,,,Vertebrate Positive Selection,,
MYXV M156R,PKR-D500G,5.1048787516534615,1.1761151291578436,0.2507485880531235,22,6069.0,500.0,Region 4,Variant,D,G,Negative Charge,Unique,,,Vertebrate Positive Selection,,,Vertebrate Positive Selection,,
MYXV M156R,PKR-D500H,5.185402665927568,0.8856017772677596,0.18466073567489094,23,5071.0,500.0,Region 4,Variant,D,H,Negative Charge,Positive Charge,,,Vertebrate Positive Selection,,,Vertebrate Positive Selection,,
MYXV M156R,PKR-D500N,4.960556234121994,0.5619529352309748,0.16943518509091213,11,2721.0,500.0,Region 4,Variant,D,N,Negative Charge,Polar-Neutral,,,Vertebrate Positive Selection,,,Vertebrate Positive Selection,,
MYXV M156R,PKR-D500V,4.930548482987514,0.6256948937991315,0.1277194353727319,24,8025.0,500.0,Region 4,Variant,D,V,Negative Charge,Non-Polar,,,Vertebrate Positive Selection,,,Vertebrate Positive Selection,,
MYXV M156R,PKR-D500Y,4.867211907364797,1.164778824595634,0.2911947061489085,16,3636.0,500.0,Region 4,Variant,D,Y,Negative Charge,Aromatic,,,Vertebrate Positive Selection,,,Vertebrate Positive Selection,,
MYXV M156R,PKR-D505A,5.11040218521389,0.8679098138865494,0.2893032712955165,9,1796.0,505.0,Region 4,Variant,D,A,Negative Charge,Non-Polar,,,Vertebrate Positive Selection,,,Vertebrate Positive Selection,,
MYXV M156R,PKR-D505E,5.256647424328938,0.9583146815905896,0.15754596317334887,37,10756.0,505.0,Region 4,Variant,D,E,Negative Charge,Negative Charge,,,Vertebrate Positive Selection,,,Vertebrate Positive Selection,,
MYXV M156R,PKR-D505G,5.361028972190226,0.8717778827864897,0.1999995627515871,19,5197.0,505.0,Region 4,Variant,D,G,Negative Charge,Unique,,,Vertebrate Positive Selection,,,Vertebrate Positive Selection,,
MYXV M156R,PKR-D505H,5.286213742042517,0.6212704464971494,0.1464348485563095,18,5131.0,505.0,Region 4,Variant,D,H,Negative Charge,Positive Charge,,,Vertebrate Positive Selection,,,Vertebrate Positive Selection,,
MYXV M156R,PKR-D505N,5.463352117708243,0.6847965792312148,0.1531251701920317,20,5853.0,505.0,Region 4,Variant,D,N,Negative Charge,Polar-Neutral,,,Vertebrate Positive Selection,,,Vertebrate Positive Selection,,
MYXV M156R,PKR-D505V,5.104463371190897,0.7266421662386445,0.16248212790273117,20,5308.0,505.0,Region 4,Variant,D,V,Negative Charge,Non-Polar,,,Vertebrate Positive Selection,,,Vertebrate Positive Selection,,
MYXV M156R,PKR-D505Y,4.873801907118246,0.5663811928363311,0.1334973273970318,18,5753.0,505.0,Region 4,Variant,D,Y,Negative Charge,Aromatic,,,Vertebrate Positive Selection,,,Vertebrate Positive Selection,,
MYXV M156R,PKR-E269A,5.441278421914697,1.04869109981561,0.2707708776601198,15,4752.0,269.0,Region 1,Variant,E,A,Negative Charge,Non-Polar,,,Vertebrate Positive Selection,,,Vertebrate Positive Selection,,
MYXV M156R,PKR-E269D,5.174640206594156,0.9399891036517739,0.12911743338323037,53,16637.0,269.0,Region 1,Variant,E,D,Negative Charge,Negative Charge,,,Vertebrate Positive Selection,,,Vertebrate Positive Selection,,
MYXV M156R,PKR-E269G,5.026174539087771,0.5597593920359936,0.17701146205048562,10,2995.0,269.0,Region 1,Variant,E,G,Negative Charge,Unique,,,Vertebrate Positive Selection,,,Vertebrate Positive Selection,,
MYXV M156R,PKR-E269K,5.375710496282392,0.9416883400688788,0.15694805667814646,36,8680.0,269.0,Region 1,Variant,E,K,Negative Charge,Positive Charge,,,Vertebrate Positive Selection,,,Vertebrate Positive Selection,,
MYXV M156R,PKR-E269Q,5.1321133531183065,0.9934555429017237,0.21678977261526655,21,5637.0,269.0,Region 1,Variant,E,Q,Negative Charge,Polar-Neutral,,,Vertebrate Positive Selection,,,Vertebrate Positive Selection,,
MYXV M156R,PKR-E269V,5.236767030317589,0.7346457933693368,0.15318423714390209,23,7603.0,269.0,Region 1,Variant,E,V,Negative Charge,Non-Polar,,,Vertebrate Positive Selection,,,Vertebrate Positive Selection,,
MYXV M156R,PKR-E271A,4.846375264257118,0.6973687413498756,0.19341528883405854,13,3570.0,271.0,Region 1,Variant,E,A,Negative Charge,Non-Polar,,,Vertebrate Positive Selection,,,Vertebrate Positive Selection,,
MYXV M156R,PKR-E271D,5.03317658884984,0.7642865893365447,0.10598748026932311,52,15405.0,271.0,Region 1,Variant,E,D,Negative Charge,Negative Charge,,,Vertebrate Positive Selection,,,Vertebrate Positive Selection,,
MYXV M156R,PKR-E271G,5.082222834038054,0.8408553688268907,0.15890672817781756,28,8377.0,271.0,Region 1,Variant,E,G,Negative Charge,Unique,,,Vertebrate Positive Selection,,,Vertebrate Positive Selection,,
MYXV M156R,PKR-E271K,4.980114305513586,1.2784502849406776,0.23740225800460746,29,7480.0,271.0,Region 1,Variant,E,K,Negative Charge,Positive Charge,,,Vertebrate Positive Selection,,,Vertebrate Positive Selection,,
MYXV M156R,PKR-E271Q,5.14754643892201,0.8444448082033924,0.14482108983781902,34,10415.0,271.0,Region 1,Variant,E,Q,Negative Charge,Polar-Neutral,,,Vertebrate Positive Selection,,,Vertebrate Positive Selection,,
MYXV M156R,PKR-E271V,5.322021610288933,0.8785299912255928,0.1577886444136525,31,9742.0,271.0,Region 1,Variant,E,V,Negative Charge,Non-Polar,,,Vertebrate Positive Selection,,,Vertebrate Positive Selection,,
MYXV M156R,PKR-E375A,4.875399142741883,0.7961675567274347,0.1660124115822739,23,6038.0,375.0,Region 2,Variant,E,A,Negative Charge,Non-Polar,,,Vertebrate Positive Selection,,,Vertebrate Positive Selection,,
MYXV M156R,PKR-E375D,5.094158135938906,1.1014257141675694,0.11946639221380559,85,23423.0,375.0,Region 2,Variant,E,D,Negative Charge,Negative Charge,,,Vertebrate Positive Selection,,,Vertebrate Positive Selection,,
MYXV M156R,PKR-E375G,4.969914527893115,1.2314798931331326,0.30786997328328314,16,4466.0,375.0,Region 2,Variant,E,G,Negative Charge,Unique,,,Vertebrate Positive Selection,,,Vertebrate Positive Selection,,
MYXV M156R,PKR-E375K,4.700156734764627,0.7422590711131898,0.11064944932832951,45,12428.0,375.0,Region 2,Variant,E,K,Negative Charge,Positive Charge,,,Vertebrate Positive Selection,,,Vertebrate Positive Selection,,
MYXV M156R,PKR-E375Q,4.929264305001721,0.8041305515790708,0.12262875947657711,43,10767.0,375.0,Region 2,Variant,E,Q,Negative Charge,Polar-Neutral,,,Vertebrate Positive Selection,,,Vertebrate Positive Selection,,
MYXV M156R,PKR-E375V,4.3654019340349945,1.1624305246897901,0.17524299523872694,44,12522.0,375.0,Region 2,Variant,E,V,Negative Charge,Non-Polar,,,Vertebrate Positive Selection,,,Vertebrate Positive Selection,,
MYXV M156R,PKR-E379A,4.930963832696218,0.694796615287151,0.23159887176238367,9,2450.0,379.0,Region 2,Variant,E,A,Negative Charge,Non-Polar,,,Vertebrate Positive Selection,,,Vertebrate Positive Selection,,
MYXV M156R,PKR-E379D,5.144437804928612,1.1063182313294635,0.1428250695181552,60,9621.0,379.0,Region 2,Variant,E,D,Negative Charge,Negative Charge,,,Vertebrate Positive Selection,,,Vertebrate Positive Selection,,
MYXV M156R,PKR-E379G,5.213652449368251,0.7412753787902638,0.15456660126338803,23,4968.0,379.0,Region 2,Variant,E,G,Negative Charge,Unique,,,Vertebrate Positive Selection,,,Vertebrate Positive Selection,,
MYXV M156R,PKR-E379K,5.08618292705,0.8188368965944101,0.13461595656838257,37,10682.0,379.0,Region 2,Variant,E,K,Negative Charge,Positive Charge,,,Vertebrate Positive Selection,,,Vertebrate Positive Selection,,
MYXV M156R,PKR-E379Q,4.869581835620504,0.737483226050081,0.11963557698994354,38,9211.0,379.0,Region 2,Variant,E,Q,Negative Charge,Polar-Neutral,,,Vertebrate Positive Selection,,,Vertebrate Positive Selection,,
MYXV M156R,PKR-E379V,5.107278076957929,0.9421071924076905,0.17494491369317897,29,5876.0,379.0,Region 2,Variant,E,V,Negative Charge,Non-Polar,,,Vertebrate Positive Selection,,,Vertebrate Positive Selection,,
MYXV M156R,PKR-E384A,4.666824267412526,0.9813993546986545,0.23131804625317348,18,3217.0,384.0,Region 2,Variant,E,A,Negative Charge,Non-Polar,,,,,,,,
MYXV M156R,PKR-E384D,5.077121607635547,1.1903381361757466,0.15766413772132726,57,11818.0,384.0,Region 2,Variant,E,D,Negative Charge,Negative Charge,,,,,,,,
MYXV M156R,PKR-E384G,4.8439209927277656,0.9711239724772065,0.24278099311930162,16,2980.0,384.0,Region 2,Variant,E,G,Negative Charge,Unique,,,,,,,,
MYXV M156R,PKR-E384K,4.868516359072553,1.0474478652717107,0.1945061855644614,29,5227.0,384.0,Region 2,Variant,E,K,Negative Charge,Positive Charge,,,,,,,,
MYXV M156R,PKR-E384Q,4.832267238884169,1.1334297156530757,0.19438159259297857,34,6304.0,384.0,Region 2,Variant,E,Q,Negative Charge,Polar-Neutral,,,,,,,,
MYXV M156R,PKR-E384V,4.815209314998067,1.0723095887639909,0.21446191775279816,25,4466.0,384.0,Region 2,Variant,E,V,Negative Charge,Non-Polar,,,,,,,,
MYXV M156R,PKR-E480*,-6.949293535039643,1.3091718608996508,0.22789756878857012,33,10613.0,480.0,Region 4,Nonsense,E,*,Negative Charge,Stop,Conserved Kinase Residue,,,Conserved PKR Residue,,Conserved PKR Residue,Conserved PKR Residue,Conserved PKR Residue
MYXV M156R,PKR-E480A,5.002995176828795,0.7626596282864528,0.1495698587254632,26,6514.0,480.0,Region 4,Variant,E,A,Negative Charge,Non-Polar,Conserved Kinase Residue,,,Conserved PKR Residue,,Conserved PKR Residue,Conserved PKR Residue,Conserved PKR Residue
MYXV M156R,PKR-E480D,5.161420371496873,0.9360868339141419,0.11109306849660595,71,17162.0,480.0,Region 4,Variant,E,D,Negative Charge,Negative Charge,Conserved Kinase Residue,,,Conserved PKR Residue,,Conserved PKR Residue,Conserved PKR Residue,Conserved PKR Residue
MYXV M156R,PKR-E480G,5.132200281262283,0.6900231495663754,0.12813408210872254,29,8203.0,480.0,Region 4,Variant,E,G,Negative Charge,Unique,Conserved Kinase Residue,,,Conserved PKR Residue,,Conserved PKR Residue,Conserved PKR Residue,Conserved PKR Residue
MYXV M156R,PKR-E480K,0.010809406541293955,0.8044371847033421,0.13597470186277183,35,10496.0,480.0,Region 4,Variant,E,K,Negative Charge,Positive Charge,Conserved Kinase Residue,,,Conserved PKR Residue,,Conserved PKR Residue,Conserved PKR Residue,Conserved PKR Residue
MYXV M156R,PKR-E480Q,5.269407384478514,1.0108124291635945,0.17085848504801582,35,9382.0,480.0,Region 4,Variant,E,Q,Negative Charge,Polar-Neutral,Conserved Kinase Residue,,,Conserved PKR Residue,,Conserved PKR Residue,Conserved PKR Residue,Conserved PKR Residue
MYXV M156R,PKR-E480V,4.2431718742656,1.3091131153123101,0.24309620265993334,29,9280.0,480.0,Region 4,Variant,E,V,Negative Charge,Non-Polar,Conserved Kinase Residue,,,Conserved PKR Residue,,Conserved PKR Residue,Conserved PKR Residue,Conserved PKR Residue
MYXV M156R,PKR-E490A,4.788947724316377,0.7901015833418427,0.2633671944472809,9,3564.0,490.0,Region 4,Variant,E,A,Negative Charge,Non-Polar,Conserved Kinase Residue,,,Conserved PKR Residue,,Conserved PKR Residue,Conserved PKR Residue,Conserved PKR Residue
MYXV M156R,PKR-E490D,3.9884708100470223,0.535645307061109,0.06915151179072777,60,28464.0,490.0,Region 4,Variant,E,D,Negative Charge,Negative Charge,Conserved Kinase Residue,,,Conserved PKR Residue,,Conserved PKR Residue,Conserved PKR Residue,Conserved PKR Residue
MYXV M156R,PKR-E490G,4.799000667378835,0.7588426891675427,0.16178580493173791,22,9727.0,490.0,Region 4,Variant,E,G,Negative Charge,Unique,Conserved Kinase Residue,,,Conserved PKR Residue,,Conserved PKR Residue,Conserved PKR Residue,Conserved PKR Residue
MYXV M156R,PKR-E490K,0.45892253128204674,0.5454074679998521,0.10696320469963377,26,14152.0,490.0,Region 4,Variant,E,K,Negative Charge,Positive Charge,Conserved Kinase Residue,,,Conserved PKR Residue,,Conserved PKR Residue,Conserved PKR Residue,Conserved PKR Residue
MYXV M156R,PKR-E490Q,4.9296105573383375,0.4418923759720335,0.11047309399300838,16,7771.0,490.0,Region 4,Variant,E,Q,Negative Charge,Polar-Neutral,Conserved Kinase Residue,,,Conserved PKR Residue,,Conserved PKR Residue,Conserved PKR Residue,Conserved PKR Residue
MYXV M156R,PKR-E490V,-0.5526399729402685,0.7216671402957938,0.13175779058341724,30,16891.0,490.0,Region 4,Variant,E,V,Negative Charge,Non-Polar,Conserved Kinase Residue,,,Conserved PKR Residue,,Conserved PKR Residue,Conserved PKR Residue,Conserved PKR Residue
MYXV M156R,PKR-F263C,5.116967412504611,1.012590559412611,0.26144975820879296,15,3902.0,263.0,Region 1,Variant,F,C,Aromatic,Polar-Neutral,Conserved Kinase Residue,,,Conserved PKR Residue,,Conserved PKR Residue,Conserved PKR Residue,Conserved PKR Residue
MYXV M156R,PKR-F263I,5.06206864656215,0.7203016046278523,0.13150847902061408,30,9491.0,263.0,Region 1,Variant,F,I,Aromatic,Non-Polar,Conserved Kinase Residue,,,Conserved PKR Residue,,Conserved PKR Residue,Conserved PKR Residue,Conserved PKR Residue
MYXV M156R,PKR-F263L,5.168916147382141,1.0811058706278538,0.15138510193659457,51,14278.0,263.0,Region 1,Variant,F,L,Aromatic,Non-Polar,Conserved Kinase Residue,,,Conserved PKR Residue,,Conserved PKR Residue,Conserved PKR Residue,Conserved PKR Residue
MYXV M156R,PKR-F263S,4.767113651927581,0.8089320584263932,0.2243573857709994,13,4734.0,263.0,Region 1,Variant,F,S,Aromatic,Polar-Neutral,Conserved Kinase Residue,,,Conserved PKR Residue,,Conserved PKR Residue,Conserved PKR Residue,Conserved PKR Residue
MYXV M156R,PKR-F263V,4.965931176826696,0.7594985706603327,0.15836639943842507,23,8258.0,263.0,Region 1,Variant,F,V,Aromatic,Non-Polar,Conserved Kinase Residue,,,Conserved PKR Residue,,Conserved PKR Residue,Conserved PKR Residue,Conserved PKR Residue
MYXV M156R,PKR-F263Y,5.036544091208611,0.7319670465102786,0.20301113216482647,13,6131.0,263.0,Region 1,Variant,F,Y,Aromatic,Aromatic,Conserved Kinase Residue,,,Conserved PKR Residue,,Conserved PKR Residue,Conserved PKR Residue,Conserved PKR Residue
MYXV M156R,PKR-F267C,4.315972414149365,0.5908450019955093,0.09713431998249354,37,16440.0,267.0,Region 1,Variant,F,C,Aromatic,Polar-Neutral,Conserved Kinase Residue,,,Conserved PKR Residue,,Conserved PKR Residue,Conserved PKR Residue,Conserved PKR Residue
MYXV M156R,PKR-F267I,-7.106108001578685,0.9647700706667005,0.1929540141333401,25,10607.0,267.0,Region 1,Variant,F,I,Aromatic,Non-Polar,Conserved Kinase Residue,,,Conserved PKR Residue,,Conserved PKR Residue,Conserved PKR Residue,Conserved PKR Residue
MYXV M156R,PKR-F267L,4.775626222093883,0.5661585286585885,0.0681574774543481,69,31188.0,267.0,Region 1,Variant,F,L,Aromatic,Non-Polar,Conserved Kinase Residue,,,Conserved PKR Residue,,Conserved PKR Residue,Conserved PKR Residue,Conserved PKR Residue
MYXV M156R,PKR-F267S,-6.742353831188806,0.4797232922402232,0.11634998852796996,17,7877.0,267.0,Region 1,Variant,F,S,Aromatic,Polar-Neutral,Conserved Kinase Residue,,,Conserved PKR Residue,,Conserved PKR Residue,Conserved PKR Residue,Conserved PKR Residue
MYXV M156R,PKR-F267V,-6.9751456929040465,1.0686660659539449,0.1860308837606599,33,15550.0,267.0,Region 1,Variant,F,V,Aromatic,Non-Polar,Conserved Kinase Residue,,,Conserved PKR Residue,,Conserved PKR Residue,Conserved PKR Residue,Conserved PKR Residue
MYXV M156R,PKR-F267Y,5.335916488095632,0.7557554842983872,0.19513522696617164,15,4645.0,267.0,Region 1,Variant,F,Y,Aromatic,Aromatic,Conserved Kinase Residue,,,Conserved PKR Residue,,Conserved PKR Residue,Conserved PKR Residue,Conserved PKR Residue
MYXV M156R,PKR-F278C,4.058232338430727,1.069510941198122,0.1306615574191636,67,14753.0,278.0,Region 1,Variant,F,C,Aromatic,Polar-Neutral,Conserved Kinase Residue,,,Conserved PKR Residue,,Conserved PKR Residue,Conserved PKR Residue,Conserved PKR Residue
MYXV M156R,PKR-F278I,2.3005800799736145,0.8803647226156327,0.11004559032695409,64,15979.0,278.0,Region 1,Variant,F,I,Aromatic,Non-Polar,Conserved Kinase Residue,,,Conserved PKR Residue,,Conserved PKR Residue,Conserved PKR Residue,Conserved PKR Residue
MYXV M156R,PKR-F278L,3.620543404622898,0.8290195024595806,0.06814498333037311,148,38482.0,278.0,Region 1,Variant,F,L,Aromatic,Non-Polar,Conserved Kinase Residue,,,Conserved PKR Residue,,Conserved PKR Residue,Conserved PKR Residue,Conserved PKR Residue
MYXV M156R,PKR-F278S,3.93734070500892,0.7883487494537625,0.1246488819409656,40,11413.0,278.0,Region 1,Variant,F,S,Aromatic,Polar-Neutral,Conserved Kinase Residue,,,Conserved PKR Residue,,Conserved PKR Residue,Conserved PKR Residue,Conserved PKR Residue
MYXV M156R,PKR-F278V,1.9771588623326757,1.0022681072735422,0.11068199662236526,82,19693.0,278.0,Region 1,Variant,F,V,Aromatic,Non-Polar,Conserved Kinase Residue,,,Conserved PKR Residue,,Conserved PKR Residue,Conserved PKR Residue,Conserved PKR Residue
MYXV M156R,PKR-F278Y,5.166405725128597,1.1996212076552637,0.17137445823646624,49,9005.0,278.0,Region 1,Variant,F,Y,Aromatic,Aromatic,Conserved Kinase Residue,,,Conserved PKR Residue,,Conserved PKR Residue,Conserved PKR Residue,Conserved PKR Residue
MYXV M156R,PKR-F489C,4.620173459552665,0.4286630688899688,0.09585197614816456,20,8566.0,489.0,Region 4,Variant,F,C,Aromatic,Polar-Neutral,,Primate Positive Selection,,,Primate Positive Selection,,Primate Positive Selection,Primate Positive Selection
MYXV M156R,PKR-F489I,5.036208410511407,0.7036781342336276,0.14672703384450048,23,10160.0,489.0,Region 4,Variant,F,I,Aromatic,Non-Polar,,Primate Positive Selection,,,Primate Positive Selection,,Primate Positive Selection,Primate Positive Selection
MYXV M156R,PKR-F489L,4.929341417680681,0.7143468371459987,0.09906208268443932,52,19267.0,489.0,Region 4,Variant,F,L,Aromatic,Non-Polar,,Primate Positive Selection,,,Primate Positive Selection,,Primate Positive Selection,Primate Positive Selection
MYXV M156R,PKR-F489S,4.496285643059524,0.6378218686625282,0.14632637207790697,19,9577.0,489.0,Region 4,Variant,F,S,Aromatic,Polar-Neutral,,Primate Positive Selection,,,Primate Positive Selection,,Primate Positive Selection,Primate Positive Selection
MYXV M156R,PKR-F489V,4.612127531688001,0.574987815084332,0.11736889627286519,24,10021.0,489.0,Region 4,Variant,F,V,Aromatic,Non-Polar,,Primate Positive Selection,,,Primate Positive Selection,,Primate Positive Selection,Primate Positive Selection
MYXV M156R,PKR-F489Y,4.890588327903105,0.46197141493676436,0.13928962247407578,11,4049.0,489.0,Region 4,Variant,F,Y,Aromatic,Aromatic,,Primate Positive Selection,,,Primate Positive Selection,,Primate Positive Selection,Primate Positive Selection
MYXV M156R,PKR-F494C,4.6485534897286565,0.9447976658355238,0.15969995342769283,35,8470.0,494.0,Region 4,Variant,F,C,Aromatic,Polar-Neutral,,,,,,,,
MYXV M156R,PKR-F494I,5.214464605315391,0.9009790361629654,0.14245729391690917,40,8695.0,494.0,Region 4,Variant,F,I,Aromatic,Non-Polar,,,,,,,,
MYXV M156R,PKR-F494L,5.185749783383624,1.148389735478352,0.15925300290322023,52,10926.0,494.0,Region 4,Variant,F,L,Aromatic,Non-Polar,,,,,,,,
MYXV M156R,PKR-F494S,4.816585618414661,0.7428200143020413,0.16209661634606112,21,5909.0,494.0,Region 4,Variant,F,S,Aromatic,Polar-Neutral,,,,,,,,
MYXV M156R,PKR-F494V,4.93669153776751,1.6732047114050985,0.219702542098685,58,12286.0,494.0,Region 4,Variant,F,V,Aromatic,Non-Polar,,,,,,,,
MYXV M156R,PKR-F494Y,5.226532796854005,1.2180522271138206,0.24863386970745915,24,5211.0,494.0,Region 4,Variant,F,Y,Aromatic,Aromatic,,,,,,,,
MYXV M156R,PKR-F495C,5.0067540668709185,0.7091972043132114,0.11504697834565292,38,10023.0,495.0,Region 4,Variant,F,C,Aromatic,Polar-Neutral,Conserved Kinase Residue,,,,,,,
MYXV M156R,PKR-F495I,4.947893505523014,1.0455048687744715,0.16328042842936263,41,10220.0,495.0,Region 4,Variant,F,I,Aromatic,Non-Polar,Conserved Kinase Residue,,,,,,,
MYXV M156R,PKR-F495L,4.174837079996687,1.0617394126898383,0.1046162929104259,103,28147.0,495.0,Region 4,Variant,F,L,Aromatic,Non-Polar,Conserved Kinase Residue,,,,,,,
MYXV M156R,PKR-F495S,4.9920397001648285,0.903099376042132,0.16488263330903877,30,6065.0,495.0,Region 4,Variant,F,S,Aromatic,Polar-Neutral,Conserved Kinase Residue,,,,,,,
MYXV M156R,PKR-F495V,4.750505869533608,0.8789410119319689,0.14449701226276165,37,7601.0,495.0,Region 4,Variant,F,V,Aromatic,Non-Polar,Conserved Kinase Residue,,,,,,,
MYXV M156R,PKR-F495Y,5.331846737535548,1.0244049232110197,0.2290639044785292,20,5232.0,495.0,Region 4,Variant,F,Y,Aromatic,Aromatic,Conserved Kinase Residue,,,,,,,
MYXV M156R,PKR-G264A,5.027105961859863,1.0453730714161449,0.2793877053284844,14,3483.0,264.0,Region 1,Variant,G,A,Unique,Non-Polar,,,,,,,,
MYXV M156R,PKR-G264C,4.907941649060287,0.550660571568328,0.11740122832715742,22,8972.0,264.0,Region 1,Variant,G,C,Unique,Polar-Neutral,,,,,,,,
MYXV M156R,PKR-G264D,4.96071141622344,0.7283292831902521,0.15893447957486945,21,8459.0,264.0,Region 1,Variant,G,D,Unique,Negative Charge,,,,,,,,
MYXV M156R,PKR-G264R,5.255420182911926,0.730389159694428,0.16756276508240012,19,5667.0,264.0,Region 1,Variant,G,R,Unique,Positive Charge,,,,,,,,
MYXV M156R,PKR-G264S,4.89374618809593,0.747302843538765,0.17144303027400334,19,6100.0,264.0,Region 1,Variant,G,S,Unique,Polar-Neutral,,,,,,,,
MYXV M156R,PKR-G264V,5.146347508861589,0.4873240484697387,0.13024283040781287,14,4998.0,264.0,Region 1,Variant,G,V,Unique,Non-Polar,,,,,,,,
MYXV M156R,PKR-G274A,4.977168535749381,0.7995819502510362,0.2528500138752716,10,3897.0,274.0,Region 1,Variant,G,A,Unique,Non-Polar,Conserved Kinase Residue,,,,,,,
MYXV M156R,PKR-G274C,4.783510284190763,0.692393192891258,0.16319864064693793,18,8559.0,274.0,Region 1,Variant,G,C,Unique,Polar-Neutral,Conserved Kinase Residue,,,,,,,
MYXV M156R,PKR-G274D,5.427645466987229,1.165233333412955,0.22424925957156483,27,6561.0,274.0,Region 1,Variant,G,D,Unique,Negative Charge,Conserved Kinase Residue,,,,,,,
MYXV M156R,PKR-G274R,3.073625669184672,0.4517814923776351,0.11664947974022091,15,5996.0,274.0,Region 1,Variant,G,R,Unique,Positive Charge,Conserved Kinase Residue,,,,,,,
MYXV M156R,PKR-G274S,4.517844649740135,0.8055674180195741,0.14959011411355932,29,12559.0,274.0,Region 1,Variant,G,S,Unique,Polar-Neutral,Conserved Kinase Residue,,,,,,,
MYXV M156R,PKR-G274V,4.167584068975032,1.099240643372008,0.25218309889953766,19,7124.0,274.0,Region 1,Variant,G,V,Unique,Non-Polar,Conserved Kinase Residue,,,,,,,
MYXV M156R,PKR-G276A,3.343277784577766,0.8293940800858237,0.15401461418358187,29,8574.0,276.0,Region 1,Variant,G,A,Unique,Non-Polar,Conserved Kinase Residue,,,Conserved PKR Residue,,Conserved PKR Residue,Conserved PKR Residue,Conserved PKR Residue
MYXV M156R,PKR-G276C,-0.4803450346701035,0.5428847472170423,0.06733656553359536,65,18002.0,276.0,Region 1,Variant,G,C,Unique,Polar-Neutral,Conserved Kinase Residue,,,Conserved PKR Residue,,Conserved PKR Residue,Conserved PKR Residue,Conserved PKR Residue
MYXV M156R,PKR-G276D,-6.878182230462766,1.4537850838285884,0.22170014685472555,43,13034.0,276.0,Region 1,Variant,G,D,Unique,Negative Charge,Conserved Kinase Residue,,,Conserved PKR Residue,,Conserved PKR Residue,Conserved PKR Residue,Conserved PKR Residue
MYXV M156R,PKR-G276R,-7.313443403805841,0.67142274942295,0.11190379157049167,36,9450.0,276.0,Region 1,Variant,G,R,Unique,Positive Charge,Conserved Kinase Residue,,,Conserved PKR Residue,,Conserved PKR Residue,Conserved PKR Residue,Conserved PKR Residue
MYXV M156R,PKR-G276S,-7.0052938385459305,1.2108120383972618,0.15254797800201642,63,15871.0,276.0,Region 1,Variant,G,S,Unique,Polar-Neutral,Conserved Kinase Residue,,,Conserved PKR Residue,,Conserved PKR Residue,Conserved PKR Residue,Conserved PKR Residue
MYXV M156R,PKR-G276V,-7.208004678228694,0.7941313583565965,0.107080650516353,55,13797.0,276.0,Region 1,Variant,G,V,Unique,Non-Polar,Conserved Kinase Residue,,,Conserved PKR Residue,,Conserved PKR Residue,Conserved PKR Residue,Conserved PKR Residue
MYXV M156R,PKR-G277A,4.831770434979824,0.836445937255593,0.13225371506609818,40,9230.0,277.0,Region 1,Variant,G,A,Unique,Non-Polar,,,,Conserved PKR Residue,,Conserved PKR Residue,Conserved PKR Residue,Conserved PKR Residue
MYXV M156R,PKR-G277E,-6.209960384639523,1.0361481157761396,0.1598811253211678,42,10484.0,277.0,Region 1,Variant,G,E,Unique,Negative Charge,,,,Conserved PKR Residue,,Conserved PKR Residue,Conserved PKR Residue,Conserved PKR Residue
MYXV M156R,PKR-G277R,-5.52349370092503,0.7976145566902583,0.06814481044146817,137,36297.0,277.0,Region 1,Variant,G,R,Unique,Positive Charge,,,,Conserved PKR Residue,,Conserved PKR Residue,Conserved PKR Residue,Conserved PKR Residue
MYXV M156R,PKR-G277V,-6.875977028388679,0.6468654923380567,0.08970410388281237,52,13494.0,277.0,Region 1,Variant,G,V,Unique,Non-Polar,,,,Conserved PKR Residue,,Conserved PKR Residue,Conserved PKR Residue,Conserved PKR Residue
MYXV M156R,PKR-G372A,4.229524655736715,1.1478454325713536,0.23430296778200427,24,4948.0,372.0,Region 2,Variant,G,A,Unique,Non-Polar,,,,,,,,
MYXV M156R,PKR-G372E,3.575811535740433,0.9872908920685738,0.1802538308017854,30,9091.0,372.0,Region 2,Variant,G,E,Unique,Negative Charge,,,,,,,,
MYXV M156R,PKR-G372R,3.515449126331318,0.9789308354662652,0.15880355131806223,38,10351.0,372.0,Region 2,Variant,G,R,Unique,Positive Charge,,,,,,,,
MYXV M156R,PKR-G372V,-0.7110374890105541,1.2780860386903439,0.2415355580370233,28,6991.0,372.0,Region 2,Variant,G,V,Unique,Non-Polar,,,,,,,,
MYXV M156R,PKR-G372W,2.4188050834249504,1.1641272120012944,0.19402120200021575,36,10245.0,372.0,Region 2,Variant,G,W,Unique,Aromatic,,,,,,,,
MYXV M156R,PKR-G383A,4.004306351104443,0.6898258095967723,0.1673073338967476,17,2524.0,383.0,Region 2,Variant,G,A,Unique,Non-Polar,,,,,,,,
MYXV M156R,PKR-G383C,4.854681957941656,1.2461351133135132,0.24922702266270264,25,3510.0,383.0,Region 2,Variant,G,C,Unique,Polar-Neutral,,,,,,,,
MYXV M156R,PKR-G383D,4.801127873222962,1.0281904444620436,0.2423468118767738,18,3312.0,383.0,Region 2,Variant,G,D,Unique,Negative Charge,,,,,,,,
MYXV M156R,PKR-G383R,5.083385514341998,1.0140767169291356,0.23264515421534754,19,3845.0,383.0,Region 2,Variant,G,R,Unique,Positive Charge,,,,,,,,
MYXV M156R,PKR-G383S,4.855905582968843,1.0694325227880312,0.21388650455760624,25,4228.0,383.0,Region 2,Variant,G,S,Unique,Polar-Neutral,,,,,,,,
MYXV M156R,PKR-G383V,4.631718498120601,1.0688562651185138,0.1919722523198213,31,5962.0,383.0,Region 2,Variant,G,V,Unique,Non-Polar,,,,,,,,
MYXV M156R,PKR-G450A,-4.696035625985655,1.0031911225230978,0.18017844455134036,31,7884.0,450.0,Region 3,Variant,G,A,Unique,Non-Polar,Conserved Kinase Residue,,,Conserved PKR Residue,,Conserved PKR Residue,Conserved PKR Residue,Conserved PKR Residue
MYXV M156R,PKR-G450E,-6.93562888265256,1.0914197505316816,0.20625894542078463,28,6712.0,450.0,Region 3,Variant,G,E,Unique,Negative Charge,Conserved Kinase Residue,,,Conserved PKR Residue,,Conserved PKR Residue,Conserved PKR Residue,Conserved PKR Residue
MYXV M156R,PKR-G450R,-7.228334905146818,0.8370997252436974,0.07258575172447115,133,40547.0,450.0,Region 3,Variant,G,R,Unique,Positive Charge,Conserved Kinase Residue,,,Conserved PKR Residue,,Conserved PKR Residue,Conserved PKR Residue,Conserved PKR Residue
MYXV M156R,PKR-G450V,-6.5143375816256555,0.8711406241595296,0.1413176700558984,38,9041.0,450.0,Region 3,Variant,G,V,Unique,Non-Polar,Conserved Kinase Residue,,,Conserved PKR Residue,,Conserved PKR Residue,Conserved PKR Residue,Conserved PKR Residue
MYXV M156R,PKR-G501A,5.229008785870385,0.5342117938779536,0.1542136614998547,12,3778.0,501.0,Region 4,Variant,G,A,Unique,Non-Polar,,,,,,,,
MYXV M156R,PKR-G501C,5.329149449805718,0.7252242240544517,0.15461832408685083,22,6347.0,501.0,Region 4,Variant,G,C,Unique,Polar-Neutral,,,,,,,,
MYXV M156R,PKR-G501D,4.888793945071533,0.5856546013559776,0.1464136503389944,16,4967.0,501.0,Region 4,Variant,G,D,Unique,Negative Charge,,,,,,,,
MYXV M156R,PKR-G501R,4.787000578284335,0.6504067020284278,0.18775624224942475,12,4246.0,501.0,Region 4,Variant,G,R,Unique,Positive Charge,,,,,,,,
MYXV M156R,PKR-G501S,5.1777037868072116,0.7692275007764522,0.19230687519411305,16,6177.0,501.0,Region 4,Variant,G,S,Unique,Polar-Neutral,,,,,,,,
MYXV M156R,PKR-G501V,5.088776894373083,1.0285170084081454,0.18778065542762395,30,12306.0,501.0,Region 4,Variant,G,V,Unique,Non-Polar,,,,,,,,
MYXV M156R,PKR-H483D,4.98640360114167,0.677410771396798,0.12579202227930597,29,7317.0,483.0,Region 4,Variant,H,D,Positive Charge,Negative Charge,,,Vertebrate Positive Selection,,,Vertebrate Positive Selection,,
MYXV M156R,PKR-H483L,5.010946344993523,0.9611834686400281,0.1673205651642231,33,8336.0,483.0,Region 4,Variant,H,L,Positive Charge,Non-Polar,,,Vertebrate Positive Selection,,,Vertebrate Positive Selection,,
MYXV M156R,PKR-H483N,5.345032751209336,1.1209408597124737,0.2571614699564356,19,3314.0,483.0,Region 4,Variant,H,N,Positive Charge,Polar-Neutral,,,Vertebrate Positive Selection,,,Vertebrate Positive Selection,,
MYXV M156R,PKR-H483P,1.1945490971767492,0.7169015536718977,0.1354816589665475,28,10194.0,483.0,Region 4,Variant,H,P,Positive Charge,Unique,,,Vertebrate Positive Selection,,,Vertebrate Positive Selection,,
MYXV M156R,PKR-H483R,4.7563483020686395,1.5381161314327418,0.32071938389743276,23,4136.0,483.0,Region 4,Variant,H,R,Positive Charge,Positive Charge,,,Vertebrate Positive Selection,,,Vertebrate Positive Selection,,
MYXV M156R,PKR-H483Y,5.121479924985137,1.293525567681623,0.2251738987407803,33,6597.0,483.0,Region 4,Variant,H,Y,Positive Charge,Aromatic,,,Vertebrate Positive Selection,,,Vertebrate Positive Selection,,
MYXV M156R,PKR-I270K,4.913857086678721,0.7398745316836748,0.17439009952691586,18,4132.0,270.0,Region 1,Variant,I,K,Non-Polar,Positive Charge,,,Vertebrate Positive Selection,,,Vertebrate Positive Selection,,
MYXV M156R,PKR-I270L,5.1471847640056145,0.6318889146820448,0.10388189766320947,37,11318.0,270.0,Region 1,Variant,I,L,Non-Polar,Non-Polar,,,Vertebrate Positive Selection,,,Vertebrate Positive Selection,,
MYXV M156R,PKR-I270M,5.127368253057611,0.7238004178038746,0.08713533076115561,69,19461.0,270.0,Region 1,Variant,I,M,Non-Polar,Non-Polar,,,Vertebrate Positive Selection,,,Vertebrate Positive Selection,,
MYXV M156R,PKR-I270R,4.95066534650994,0.7811340302516142,0.1301890050419357,36,11616.0,270.0,Region 1,Variant,I,R,Non-Polar,Positive Charge,,,Vertebrate Positive Selection,,,Vertebrate Positive Selection,,
MYXV M156R,PKR-I270T,4.958010919137673,0.9793443503921174,0.2617407873457138,14,3453.0,270.0,Region 1,Variant,I,T,Non-Polar,Polar-Neutral,,,Vertebrate Positive Selection,,,Vertebrate Positive Selection,,
MYXV M156R,PKR-I270V,5.124808602745191,0.6351955018842609,0.11597030160260831,30,8426.0,270.0,Region 1,Variant,I,V,Non-Polar,Non-Polar,,,Vertebrate Positive Selection,,,Vertebrate Positive Selection,,
MYXV M156R,PKR-I273F,5.091725941002623,0.7122779300440615,0.12792889275256972,31,9434.0,273.0,Region 1,Variant,I,F,Non-Polar,Aromatic,Conserved Kinase Residue,,,,,,,
MYXV M156R,PKR-I273L,4.3008608093180944,1.019158540291574,0.29420572879212314,12,4175.0,273.0,Region 1,Variant,I,L,Non-Polar,Non-Polar,Conserved Kinase Residue,,,,,,,
MYXV M156R,PKR-I273M,4.656795466134029,0.7120676831760456,0.09601518681236187,55,22310.0,273.0,Region 1,Variant,I,M,Non-Polar,Non-Polar,Conserved Kinase Residue,,,,,,,
MYXV M156R,PKR-I273N,4.9455584726184,0.65115373442563,0.1151088053018268,32,13543.0,273.0,Region 1,Variant,I,N,Non-Polar,Polar-Neutral,Conserved Kinase Residue,,,,,,,
MYXV M156R,PKR-I273S,4.963169891013044,0.43644197134260143,0.10911049283565036,16,7073.0,273.0,Region 1,Variant,I,S,Non-Polar,Polar-Neutral,Conserved Kinase Residue,,,,,,,
MYXV M156R,PKR-I273T,5.2262323078270905,0.6277264938670848,0.15224603754191923,17,6442.0,273.0,Region 1,Variant,I,T,Non-Polar,Polar-Neutral,Conserved Kinase Residue,,,,,,,
MYXV M156R,PKR-I273V,5.189504379008259,0.8894330778263456,0.18155476675230883,24,6180.0,273.0,Region 1,Variant,I,V,Non-Polar,Non-Polar,Conserved Kinase Residue,,,,,,,
MYXV M156R,PKR-I378F,4.916584903235054,0.6687471761678634,0.11821891579191272,32,9237.0,378.0,Region 2,Variant,I,F,Non-Polar,Aromatic,,,Vertebrate Positive Selection,,,Vertebrate Positive Selection,,
MYXV M156R,PKR-I378L,5.236238419419878,1.2239375438763944,0.32711106799964756,14,3211.0,378.0,Region 2,Variant,I,L,Non-Polar,Non-Polar,,,Vertebrate Positive Selection,,,Vertebrate Positive Selection,,
MYXV M156R,PKR-I378M,5.182347765393244,1.0220512011880254,0.10714007765588297,91,17598.0,378.0,Region 2,Variant,I,M,Non-Polar,Non-Polar,,,Vertebrate Positive Selection,,,Vertebrate Positive Selection,,
MYXV M156R,PKR-I378N,5.4252156561695895,1.1965591209979094,0.25510726175859383,22,4015.0,378.0,Region 2,Variant,I,N,Non-Polar,Polar-Neutral,,,Vertebrate Positive Selection,,,Vertebrate Positive Selection,,
MYXV M156R,PKR-I378S,5.350208864683283,0.8047178954374944,0.14453160065640186,31,5970.0,378.0,Region 2,Variant,I,S,Non-Polar,Polar-Neutral,,,Vertebrate Positive Selection,,,Vertebrate Positive Selection,,
MYXV M156R,PKR-I378T,4.915004988921806,1.029621028778884,0.2751777948505926,14,3188.0,378.0,Region 2,Variant,I,T,Non-Polar,Polar-Neutral,,,Vertebrate Positive Selection,,,Vertebrate Positive Selection,,
MYXV M156R,PKR-I378V,5.122579208781386,0.7058028869879396,0.1193024625875055,35,7338.0,378.0,Region 2,Variant,I,V,Non-Polar,Non-Polar,,,Vertebrate Positive Selection,,,Vertebrate Positive Selection,,
MYXV M156R,PKR-I502F,5.192700114413936,0.7735501538681375,0.1436446574194543,29,8840.0,502.0,Region 4,Variant,I,F,Non-Polar,Aromatic,,Primate Positive Selection,Vertebrate Positive Selection,,Primate Positive Selection,Vertebrate Positive Selection,Primate Positive Selection,Primate Positive Selection
MYXV M156R,PKR-I502L,5.364959249032991,0.6325217778554394,0.17542997714657152,13,3491.0,502.0,Region 4,Variant,I,L,Non-Polar,Non-Polar,,Primate Positive Selection,Vertebrate Positive Selection,,Primate Positive Selection,Vertebrate Positive Selection,Primate Positive Selection,Primate Positive Selection
MYXV M156R,PKR-I502M,5.196160455926428,0.7783988351252048,0.10310144438250719,57,16433.0,502.0,Region 4,Variant,I,M,Non-Polar,Non-Polar,,Primate Positive Selection,Vertebrate Positive Selection,,Primate Positive Selection,Vertebrate Positive Selection,Primate Positive Selection,Primate Positive Selection
MYXV M156R,PKR-I502N,5.133521165814,0.8096832472910925,0.15035440442201295,29,10224.0,502.0,Region 4,Variant,I,N,Non-Polar,Polar-Neutral,,Primate Positive Selection,Vertebrate Positive Selection,,Primate Positive Selection,Vertebrate Positive Selection,Primate Positive Selection,Primate Positive Selection
MYXV M156R,PKR-I502S,5.1167032056198405,0.9851011527347926,0.19319423079451747,26,6345.0,502.0,Region 4,Variant,I,S,Non-Polar,Polar-Neutral,,Primate Positive Selection,Vertebrate Positive Selection,,Primate Positive Selection,Vertebrate Positive Selection,Primate Positive Selection,Primate Positive Selection
MYXV M156R,PKR-I502T,4.668840263817688,1.6655898015108928,0.35510493883672134,22,5532.0,502.0,Region 4,Variant,I,T,Non-Polar,Polar-Neutral,,Primate Positive Selection,Vertebrate Positive Selection,,Primate Positive Selection,Vertebrate Positive Selection,Primate Positive Selection,Primate Positive Selection
MYXV M156R,PKR-I502V,5.352104773366684,1.0381160850377809,0.2446863077963485,18,5177.0,502.0,Region 4,Variant,I,V,Non-Polar,Non-Polar,,Primate Positive Selection,Vertebrate Positive Selection,,Primate Positive Selection,Vertebrate Positive Selection,Primate Positive Selection,Primate Positive Selection
MYXV M156R,PKR-I503F,4.875523734406316,0.6865630810952961,0.15750837309791135,19,6713.0,503.0,Region 4,Variant,I,F,Non-Polar,Aromatic,,,,,,,,
MYXV M156R,PKR-I503L,4.947540743584493,0.9804418490876534,0.23109236001631916,18,4329.0,503.0,Region 4,Variant,I,L,Non-Polar,Non-Polar,,,,,,,,
MYXV M156R,PKR-I503M,5.380181239914661,0.9461553094635404,0.1299644268909583,53,14093.0,503.0,Region 4,Variant,I,M,Non-Polar,Non-Polar,,,,,,,,
MYXV M156R,PKR-I503N,4.871892326773031,0.5418792803248197,0.12431563276497036,19,6482.0,503.0,Region 4,Variant,I,N,Non-Polar,Polar-Neutral,,,,,,,,
MYXV M156R,PKR-I503S,5.001268980828961,0.8268625276633776,0.18969527359396143,19,5634.0,503.0,Region 4,Variant,I,S,Non-Polar,Polar-Neutral,,,,,,,,
MYXV M156R,PKR-I503T,4.849145327125385,0.7491084090924662,0.21624897082087385,12,4176.0,503.0,Region 4,Variant,I,T,Non-Polar,Polar-Neutral,,,,,,,,
MYXV M156R,PKR-I503V,5.649172836135314,1.2957054990663206,0.3142547430790638,17,4637.0,503.0,Region 4,Variant,I,V,Non-Polar,Non-Polar,,,,,,,,
MYXV M156R,PKR-I506K,5.172865136288095,0.6666623663070567,0.15713382665919665,18,5094.0,506.0,Region 4,Variant,I,K,Non-Polar,Positive Charge,,Primate Positive Selection,,,Primate Positive Selection,,Primate Positive Selection,Primate Positive Selection
MYXV M156R,PKR-I506L,5.282393658830886,0.946384902800498,0.1460303608556656,42,9181.0,506.0,Region 4,Variant,I,L,Non-Polar,Non-Polar,,Primate Positive Selection,,,Primate Positive Selection,,Primate Positive Selection,Primate Positive Selection
MYXV M156R,PKR-I506M,5.097490590644664,0.7214787315261596,0.10755169920085422,45,14086.0,506.0,Region 4,Variant,I,M,Non-Polar,Non-Polar,,Primate Positive Selection,,,Primate Positive Selection,,Primate Positive Selection,Primate Positive Selection
MYXV M156R,PKR-I506R,4.787400291581355,0.5287548498732738,0.14665020948987328,13,3703.0,506.0,Region 4,Variant,I,R,Non-Polar,Positive Charge,,Primate Positive Selection,,,Primate Positive Selection,,Primate Positive Selection,Primate Positive Selection
MYXV M156R,PKR-I506T,5.244700195659053,0.9167917139821818,0.2103264438696724,19,5203.0,506.0,Region 4,Variant,I,T,Non-Polar,Polar-Neutral,,Primate Positive Selection,,,Primate Positive Selection,,Primate Positive Selection,Primate Positive Selection
MYXV M156R,PKR-I506V,5.016224010814334,1.0316803846247038,0.25021924692267694,17,4502.0,506.0,Region 4,Variant,I,V,Non-Polar,Non-Polar,,Primate Positive Selection,,,Primate Positive Selection,,Primate Positive Selection,Primate Positive Selection
MYXV M156R,PKR-K256E,4.9939164615473475,0.7204085739321718,0.0999026943306283,52,16028.0,256.0,Region 1,Variant,K,E,Positive Charge,Negative Charge,,,,,,,,
MYXV M156R,PKR-K256M,5.20148748051613,1.1096283696152829,0.19316150556457112,33,7750.0,256.0,Region 1,Variant,K,M,Positive Charge,Non-Polar,,,,,,,,
MYXV M156R,PKR-K256N,5.152738059153156,0.9132336021159293,0.0887010886764801,106,23911.0,256.0,Region 1,Variant,K,N,Positive Charge,Polar-Neutral,,,,,,,,
MYXV M156R,PKR-K256Q,5.299487265180223,0.9427421529982773,0.13201030612171746,51,14088.0,256.0,Region 1,Variant,K,Q,Positive Charge,Polar-Neutral,,,,,,,,
MYXV M156R,PKR-K256R,5.151474905745387,0.7089949686980921,0.1094002987763841,42,10306.0,256.0,Region 1,Variant,K,R,Positive Charge,Positive Charge,,,,,,,,
MYXV M156R,PKR-K256T,5.227425411100645,0.8047050615963925,0.14942997854592746,29,7183.0,256.0,Region 1,Variant,K,T,Positive Charge,Polar-Neutral,,,,,,,,
MYXV M156R,PKR-K261E,4.827842646475072,0.801046957016246,0.13944437658783274,33,10166.0,261.0,Region 1,Variant,K,E,Positive Charge,Negative Charge,,Primate Positive Selection,Vertebrate Positive Selection,,Primate Positive Selection,Vertebrate Positive Selection,Primate Positive Selection,Primate Positive Selection
MYXV M156R,PKR-K261M,5.3816390581061375,0.6319406773387615,0.11734843778625653,29,9073.0,261.0,Region 1,Variant,K,M,Positive Charge,Non-Polar,,Primate Positive Selection,Vertebrate Positive Selection,,Primate Positive Selection,Vertebrate Positive Selection,Primate Positive Selection,Primate Positive Selection
MYXV M156R,PKR-K261N,5.1735221053706,0.6374898622601923,0.08096129346837837,62,19747.0,261.0,Region 1,Variant,K,N,Positive Charge,Polar-Neutral,,Primate Positive Selection,Vertebrate Positive Selection,,Primate Positive Selection,Vertebrate Positive Selection,Primate Positive Selection,Primate Positive Selection
MYXV M156R,PKR-K261Q,5.049462481235968,0.676851358785904,0.10321886454253122,43,15323.0,261.0,Region 1,Variant,K,Q,Positive Charge,Polar-Neutral,,Primate Positive Selection,Vertebrate Positive Selection,,Primate Positive Selection,Vertebrate Positive Selection,Primate Positive Selection,Primate Positive Selection
MYXV M156R,PKR-K261R,4.698989210219633,2.446701462058684,0.5766930651202453,18,5817.0,261.0,Region 1,Variant,K,R,Positive Charge,Positive Charge,,Primate Positive Selection,Vertebrate Positive Selection,,Primate Positive Selection,Vertebrate Positive Selection,Primate Positive Selection,Primate Positive Selection
MYXV M156R,PKR-K261T,5.134517699708284,0.7433922207507623,0.23508126124230957,10,3564.0,261.0,Region 1,Variant,K,T,Positive Charge,Polar-Neutral,,Primate Positive Selection,Vertebrate Positive Selection,,Primate Positive Selection,Vertebrate Positive Selection,Primate Positive Selection,Primate Positive Selection
MYXV M156R,PKR-K268E,5.133832672707126,0.8258427027892783,0.13057719649218047,40,11653.0,268.0,Region 1,Variant,K,E,Positive Charge,Negative Charge,,,,,,,,
MYXV M156R,PKR-K268I,4.870022132559266,0.7370605780613375,0.1536877545590286,23,7023.0,268.0,Region 1,Variant,K,I,Positive Charge,Non-Polar,,,,,,,,
MYXV M156R,PKR-K268N,4.948105537516055,1.309368524213941,0.14731546844464685,79,23294.0,268.0,Region 1,Variant,K,N,Positive Charge,Polar-Neutral,,,,,,,,
MYXV M156R,PKR-K268Q,5.275589968415059,0.9116349143888802,0.1478867113645852,38,9375.0,268.0,Region 1,Variant,K,Q,Positive Charge,Polar-Neutral,,,,,,,,
MYXV M156R,PKR-K268R,4.900836632434733,0.6417358605001748,0.17151112305701505,14,4264.0,268.0,Region 1,Variant,K,R,Positive Charge,Positive Charge,,,,,,,,
MYXV M156R,PKR-K268T,5.480368379802121,0.803060345682912,0.20734928965529928,15,4463.0,268.0,Region 1,Variant,K,T,Positive Charge,Polar-Neutral,,,,,,,,
MYXV M156R,PKR-K371E,4.910682994274868,0.9942230990412638,0.18151947284586437,30,5279.0,371.0,Region 2,Variant,K,E,Positive Charge,Negative Charge,,,,,,,,
MYXV M156R,PKR-K371I,5.301474318628552,0.9206536409456768,0.1455681220757597,40,9010.0,371.0,Region 2,Variant,K,I,Positive Charge,Non-Polar,,,,,,,,
MYXV M156R,PKR-K371N,5.3242184267593915,1.231419448254287,0.17076715239555412,52,10358.0,371.0,Region 2,Variant,K,N,Positive Charge,Polar-Neutral,,,,,,,,
MYXV M156R,PKR-K371Q,5.463860111840357,1.2677434886219683,0.20841574569241234,37,7358.0,371.0,Region 2,Variant,K,Q,Positive Charge,Polar-Neutral,,,,,,,,
MYXV M156R,PKR-K371R,5.274124089131591,0.9051173762792359,0.18475631076756757,24,5404.0,371.0,Region 2,Variant,K,R,Positive Charge,Positive Charge,,,,,,,,
MYXV M156R,PKR-K371T,5.322811975996696,1.0383979523637321,0.24475274456220686,18,3995.0,371.0,Region 2,Variant,K,T,Positive Charge,Polar-Neutral,,,,,,,,
MYXV M156R,PKR-K380E,5.347145136881898,1.068471436433249,0.1526387766333213,49,9466.0,380.0,Region 2,Variant,K,E,Positive Charge,Negative Charge,,Primate Positive Selection,,,Primate Positive Selection,,Primate Positive Selection,Primate Positive Selection
MYXV M156R,PKR-K380I,5.1088603503339165,1.2366933224273793,0.20331112981435887,37,5497.0,380.0,Region 2,Variant,K,I,Positive Charge,Non-Polar,,Primate Positive Selection,,,Primate Positive Selection,,Primate Positive Selection,Primate Positive Selection
MYXV M156R,PKR-K380N,5.378100238710957,1.1307082096396508,0.13419037639695477,71,12035.0,380.0,Region 2,Variant,K,N,Positive Charge,Polar-Neutral,,Primate Positive Selection,,,Primate Positive Selection,,Primate Positive Selection,Primate Positive Selection
MYXV M156R,PKR-K380Q,5.164685367137624,1.029829443079253,0.16083233822933504,41,8148.0,380.0,Region 2,Variant,K,Q,Positive Charge,Polar-Neutral,,Primate Positive Selection,,,Primate Positive Selection,,Primate Positive Selection,Primate Positive Selection
MYXV M156R,PKR-K380R,5.079228438690748,0.8096704231291625,0.17262231422308766,22,4795.0,380.0,Region 2,Variant,K,R,Positive Charge,Positive Charge,,Primate Positive Selection,,,Primate Positive Selection,,Primate Positive Selection,Primate Positive Selection
MYXV M156R,PKR-K380T,5.477559328357359,1.421078057878752,0.3669207767883457,15,1992.0,380.0,Region 2,Variant,K,T,Positive Charge,Polar-Neutral,,Primate Positive Selection,,,Primate Positive Selection,,Primate Positive Selection,Primate Positive Selection
MYXV M156R,PKR-K385E,5.377792830338816,1.0352096131596387,0.18020686288163462,33,5273.0,385.0,Region 2,Variant,K,E,Positive Charge,Negative Charge,,,Vertebrate Positive Selection,,,Vertebrate Positive Selection,,
MYXV M156R,PKR-K385I,5.103689956605067,1.0024209793441177,0.2046183255711737,24,3543.0,385.0,Region 2,Variant,K,I,Positive Charge,Non-Polar,,,Vertebrate Positive Selection,,,Vertebrate Positive Selection,,
MYXV M156R,PKR-K385N,5.339041425951958,1.1690120884280517,0.1449981041197497,65,11262.0,385.0,Region 2,Variant,K,N,Positive Charge,Polar-Neutral,,,Vertebrate Positive Selection,,,Vertebrate Positive Selection,,
MYXV M156R,PKR-K385Q,5.219921163214084,1.0783594467021371,0.19688059801918348,30,4587.0,385.0,Region 2,Variant,K,Q,Positive Charge,Polar-Neutral,,,Vertebrate Positive Selection,,,Vertebrate Positive Selection,,
MYXV M156R,PKR-K385R,5.156452243109761,0.7715576887903189,0.2139916006855371,13,2419.0,385.0,Region 2,Variant,K,R,Positive Charge,Positive Charge,,,Vertebrate Positive Selection,,,Vertebrate Positive Selection,,
MYXV M156R,PKR-K385T,5.063954408048209,0.6474580314012947,0.17957254853294935,13,1851.0,385.0,Region 2,Variant,K,T,Positive Charge,Polar-Neutral,,,Vertebrate Positive Selection,,,Vertebrate Positive Selection,,
MYXV M156R,PKR-K449E,3.9845666925306604,0.884690745565305,0.1151769247199602,59,17399.0,449.0,Region 3,Variant,K,E,Positive Charge,Negative Charge,,,Vertebrate Positive Selection,,Primate Positive Selection,Vertebrate Positive Selection,,Primate Positive Selection
MYXV M156R,PKR-K449M,4.803585905183736,0.7960044797179817,0.10933962423974476,53,11595.0,449.0,Region 3,Variant,K,M,Positive Charge,Non-Polar,,,Vertebrate Positive Selection,,Primate Positive Selection,Vertebrate Positive Selection,,Primate Positive Selection
MYXV M156R,PKR-K449N,4.6423760167382735,0.7498694193227974,0.06992568390708806,115,33042.0,449.0,Region 3,Variant,K,N,Positive Charge,Polar-Neutral,,,Vertebrate Positive Selection,,Primate Positive Selection,Vertebrate Positive Selection,,Primate Positive Selection
MYXV M156R,PKR-K449Q,4.820414774009181,0.9478782719052722,0.12340323996173265,59,14420.0,449.0,Region 3,Variant,K,Q,Positive Charge,Polar-Neutral,,,Vertebrate Positive Selection,,Primate Positive Selection,Vertebrate Positive Selection,,Primate Positive Selection
MYXV M156R,PKR-K449R,4.8162578359173525,0.865191113082489,0.15061044091910078,33,7174.0,449.0,Region 3,Variant,K,R,Positive Charge,Positive Charge,,,Vertebrate Positive Selection,,Primate Positive Selection,Vertebrate Positive Selection,,Primate Positive Selection
MYXV M156R,PKR-K449T,4.782640255616151,0.9357012902834981,0.15382834454292327,37,9167.0,449.0,Region 3,Variant,K,T,Positive Charge,Polar-Neutral,,,Vertebrate Positive Selection,,Primate Positive Selection,Vertebrate Positive Selection,,Primate Positive Selection
MYXV M156R,PKR-K493E,5.195067671843025,1.0463982540498116,0.13289271115710366,62,14498.0,493.0,Region 4,Variant,K,E,Positive Charge,Negative Charge,,,Vertebrate Positive Selection,,,Vertebrate Positive Selection,,
MYXV M156R,PKR-K493M,5.36407098237076,0.9899445487927832,0.16733116947150445,35,7300.0,493.0,Region 4,Variant,K,M,Positive Charge,Non-Polar,,,Vertebrate Positive Selection,,,Vertebrate Positive Selection,,
MYXV M156R,PKR-K493N,5.077602963427393,0.91995317654328,0.10416418542883246,78,16476.0,493.0,Region 4,Variant,K,N,Positive Charge,Polar-Neutral,,,Vertebrate Positive Selection,,,Vertebrate Positive Selection,,
MYXV M156R,PKR-K493Q,5.273756195417353,1.0976556855210644,0.18553767456901482,35,6548.0,493.0,Region 4,Variant,K,Q,Positive Charge,Polar-Neutral,,,Vertebrate Positive Selection,,,Vertebrate Positive Selection,,
MYXV M156R,PKR-K493R,5.001404654133555,0.9783615525093906,0.17295152205789713,32,6865.0,493.0,Region 4,Variant,K,R,Positive Charge,Positive Charge,,,Vertebrate Positive Selection,,,Vertebrate Positive Selection,,
MYXV M156R,PKR-K493T,5.136929789630655,0.7572158913116255,0.18930397282790637,16,3330.0,493.0,Region 4,Variant,K,T,Positive Charge,Polar-Neutral,,,Vertebrate Positive Selection,,,Vertebrate Positive Selection,,
MYXV M156R,PKR-L272F,4.892622941044325,0.6819617254252633,0.0767266886170599,79,28718.0,272.0,Region 1,Variant,L,F,Non-Polar,Aromatic,,,Vertebrate Positive Selection,,,Vertebrate Positive Selection,,
MYXV M156R,PKR-L272I,5.3234893067577005,0.90378358438782,0.1884519045330291,23,6042.0,272.0,Region 1,Variant,L,I,Non-Polar,Non-Polar,,,Vertebrate Positive Selection,,,Vertebrate Positive Selection,,
MYXV M156R,PKR-L272S,5.327761156220517,0.9988063226431024,0.13850951579028212,52,12684.0,272.0,Region 1,Variant,L,S,Non-Polar,Polar-Neutral,,,Vertebrate Positive Selection,,,Vertebrate Positive Selection,,
MYXV M156R,PKR-L272V,5.057749455531864,0.7316066825348202,0.10671580252774439,47,14226.0,272.0,Region 1,Variant,L,V,Non-Polar,Non-Polar,,,Vertebrate Positive Selection,,,Vertebrate Positive Selection,,
MYXV M156R,PKR-L374F,4.685915420672301,0.7560501864739662,0.07449583844943723,103,27029.0,374.0,Region 2,Variant,L,F,Non-Polar,Aromatic,,,,Conserved PKR Residue,,Conserved PKR Residue,Conserved PKR Residue,Conserved PKR Residue
MYXV M156R,PKR-L374M,5.248431620889551,0.9734042374757397,0.13905774821081995,49,11293.0,374.0,Region 2,Variant,L,M,Non-Polar,Non-Polar,,,,Conserved PKR Residue,,Conserved PKR Residue,Conserved PKR Residue,Conserved PKR Residue
MYXV M156R,PKR-L374S,2.4067279363655167,0.8916439383215323,0.13597442583976682,43,10852.0,374.0,Region 2,Variant,L,S,Non-Polar,Polar-Neutral,,,,Conserved PKR Residue,,Conserved PKR Residue,Conserved PKR Residue,Conserved PKR Residue
MYXV M156R,PKR-L374V,5.252398935763898,1.1357252710054206,0.21089888827557549,29,5040.0,374.0,Region 2,Variant,L,V,Non-Polar,Non-Polar,,,,Conserved PKR Residue,,Conserved PKR Residue,Conserved PKR Residue,Conserved PKR Residue
MYXV M156R,PKR-L374W,3.0343125608109505,0.638960199998086,0.08776793341250422,53,14269.0,374.0,Region 2,Variant,L,W,Non-Polar,Aromatic,,,,Conserved PKR Residue,,Conserved PKR Residue,Conserved PKR Residue,Conserved PKR Residue
MYXV M156R,PKR-L452F,4.97059416084439,0.8288223916985858,0.07866834001394224,111,30275.0,452.0,Region 3,Variant,L,F,Non-Polar,Aromatic,,,,,,,,
MYXV M156R,PKR-L452M,5.215224839771477,0.8500959465608215,0.12270078089597501,48,14934.0,452.0,Region 3,Variant,L,M,Non-Polar,Non-Polar,,,,,,,,
MYXV M156R,PKR-L452S,4.678750722792114,0.7458087357628781,0.12098615300719145,38,12493.0,452.0,Region 3,Variant,L,S,Non-Polar,Polar-Neutral,,,,,,,,
MYXV M156R,PKR-L452V,4.9982689734076775,0.8318524304468866,0.11426371896827196,53,16932.0,452.0,Region 3,Variant,L,V,Non-Polar,Non-Polar,,,,,,,,
MYXV M156R,PKR-L452W,5.288965229264124,0.8144854390617198,0.18685577472923115,19,6319.0,452.0,Region 3,Variant,L,W,Non-Polar,Aromatic,,,,,,,,
MYXV M156R,PKR-L481F,4.979785256185552,0.900640646893131,0.1567814126695796,33,8543.0,481.0,Region 4,Variant,L,F,Non-Polar,Aromatic,Conserved Kinase Residue,,,,,,,
MYXV M156R,PKR-L481H,4.582924474158648,1.222580205467571,0.2965192542901257,17,5187.0,481.0,Region 4,Variant,L,H,Non-Polar,Positive Charge,Conserved Kinase Residue,,,,,,,
MYXV M156R,PKR-L481I,5.611321455802808,1.153413775004037,0.29781015612512424,15,2109.0,481.0,Region 4,Variant,L,I,Non-Polar,Non-Polar,Conserved Kinase Residue,,,,,,,
MYXV M156R,PKR-L481P,-6.889790963195766,1.5884309328207524,0.3971077332051881,16,5229.0,481.0,Region 4,Variant,L,P,Non-Polar,Unique,Conserved Kinase Residue,,,,,,,
MYXV M156R,PKR-L481R,-6.745327078617253,1.361003144240198,0.2405936381271142,32,10342.0,481.0,Region 4,Variant,L,R,Non-Polar,Positive Charge,Conserved Kinase Residue,,,,,,,
MYXV M156R,PKR-L481V,5.298815692165669,1.1577920631218679,0.21138294329076407,30,3854.0,481.0,Region 4,Variant,L,V,Non-Polar,Non-Polar,Conserved Kinase Residue,,,,,,,
MYXV M156R,PKR-L482F,5.389447864392362,1.398056958206578,0.2741815273465198,26,5778.0,482.0,Region 4,Variant,L,F,Non-Polar,Aromatic,,,,,,,,
MYXV M156R,PKR-L482H,4.4397332764002995,0.7390898888642198,0.1975300815827671,14,3265.0,482.0,Region 4,Variant,L,H,Non-Polar,Positive Charge,,,,,,,,
MYXV M156R,PKR-L482I,5.178765148825039,0.6936673459830359,0.1446396401981789,23,4424.0,482.0,Region 4,Variant,L,I,Non-Polar,Non-Polar,,,,,,,,
MYXV M156R,PKR-L482P,0.2951058152271546,1.1081956588272976,0.2961777480601409,14,3844.0,482.0,Region 4,Variant,L,P,Non-Polar,Unique,,,,,,,,
MYXV M156R,PKR-L482R,4.855992916703566,0.7622138819478792,0.15558625713652321,24,5217.0,482.0,Region 4,Variant,L,R,Non-Polar,Positive Charge,,,,,,,,
MYXV M156R,PKR-L482V,5.479409271608493,1.1346454508212467,0.24190722292472433,22,3233.0,482.0,Region 4,Variant,L,V,Non-Polar,Non-Polar,,,,,,,,
MYXV M156R,PKR-L498I,4.948479615157956,0.8186297562006751,0.16054650389519026,26,8258.0,498.0,Region 4,Variant,L,I,Non-Polar,Non-Polar,Conserved Kinase Residue,,,,,,,
MYXV M156R,PKR-L498P,0.8333347508591381,0.7373342103816412,0.22231462917535227,11,4389.0,498.0,Region 4,Variant,L,P,Non-Polar,Unique,Conserved Kinase Residue,,,,,,,
MYXV M156R,PKR-L498Q,4.221038321215238,0.5373579257085677,0.11456509470043151,22,10107.0,498.0,Region 4,Variant,L,Q,Non-Polar,Polar-Neutral,Conserved Kinase Residue,,,,,,,
MYXV M156R,PKR-L498R,2.8778714350972914,0.7105238212068647,0.15504900922617748,21,8000.0,498.0,Region 4,Variant,L,R,Non-Polar,Positive Charge,Conserved Kinase Residue,,,,,,,
MYXV M156R,PKR-L498V,4.776383562236421,0.6465106009554537,0.11254304996483491,33,10395.0,498.0,Region 4,Variant,L,V,Non-Polar,Non-Polar,Conserved Kinase Residue,,,,,,,
MYXV M156R,PKR-M265I,5.042263560883848,0.7524807465264128,0.09634528699481826,61,22736.0,265.0,Region 1,Variant,M,I,Non-Polar,Non-Polar,,Primate Positive Selection,,,Primate Positive Selection,,Primate Positive Selection,Primate Positive Selection
MYXV M156R,PKR-M265K,5.585939673288636,0.9794736605535616,0.1999342237376868,24,6755.0,265.0,Region 1,Variant,M,K,Non-Polar,Positive Charge,,Primate Positive Selection,,,Primate Positive Selection,,Primate Positive Selection,Primate Positive Selection
MYXV M156R,PKR-M265L,4.981039942937362,0.7418074314285447,0.13775018184137383,29,6885.0,265.0,Region 1,Variant,M,L,Non-Polar,Non-Polar,,Primate Positive Selection,,,Primate Positive Selection,,Primate Positive Selection,Primate Positive Selection
MYXV M156R,PKR-M265R,4.92586743523629,0.6805290410351138,0.17013226025877845,16,3437.0,265.0,Region 1,Variant,M,R,Non-Polar,Positive Charge,,Primate Positive Selection,,,Primate Positive Selection,,Primate Positive Selection,Primate Positive Selection
MYXV M156R,PKR-M265T,5.187505205353012,0.9297571097239277,0.21330090964868725,19,5123.0,265.0,Region 1,Variant,M,T,Non-Polar,Polar-Neutral,,Primate Positive Selection,,,Primate Positive Selection,,Primate Positive Selection,Primate Positive Selection
MYXV M156R,PKR-M265V,5.555495875463341,1.6787322151750053,0.43344679414097875,15,4145.0,265.0,Region 1,Variant,M,V,Non-Polar,Non-Polar,,Primate Positive Selection,,,Primate Positive Selection,,Primate Positive Selection,Primate Positive Selection
MYXV M156R,PKR-M455I,4.651682481591516,0.7561292324406839,0.08250046292448317,84,33445.0,455.0,Region 3,Variant,M,I,Non-Polar,Non-Polar,,,,Conserved PKR Residue,,Conserved PKR Residue,Conserved PKR Residue,Conserved PKR Residue
MYXV M156R,PKR-M455K,1.7186394362157578,0.6768767368112487,0.11127785006232416,37,11612.0,455.0,Region 3,Variant,M,K,Non-Polar,Positive Charge,,,,Conserved PKR Residue,,Conserved PKR Residue,Conserved PKR Residue,Conserved PKR Residue
MYXV M156R,PKR-M455L,4.566587115681441,0.8819273010121893,0.12001510431721167,54,17488.0,455.0,Region 3,Variant,M,L,Non-Polar,Non-Polar,,,,Conserved PKR Residue,,Conserved PKR Residue,Conserved PKR Residue,Conserved PKR Residue
MYXV M156R,PKR-M455R,3.884005796895181,0.7814032155533619,0.10836112924961872,52,14735.0,455.0,Region 3,Variant,M,R,Non-Polar,Positive Charge,,,,Conserved PKR Residue,,Conserved PKR Residue,Conserved PKR Residue,Conserved PKR Residue
MYXV M156R,PKR-M455T,4.412434259140594,0.9502078580239074,0.15414406909825612,38,13500.0,455.0,Region 3,Variant,M,T,Non-Polar,Polar-Neutral,,,,Conserved PKR Residue,,Conserved PKR Residue,Conserved PKR Residue,Conserved PKR Residue
MYXV M156R,PKR-M455V,4.133155051370042,0.6556662482263582,0.09463727122800998,48,14856.0,455.0,Region 3,Variant,M,V,Non-Polar,Non-Polar,,,,Conserved PKR Residue,,Conserved PKR Residue,Conserved PKR Residue,Conserved PKR Residue
MYXV M156R,PKR-Q376*,-6.739753409390038,1.0632671476975257,0.20852384362583945,26,5863.0,376.0,Region 2,Nonsense,Q,*,Polar-Neutral,Stop,,Primate Positive Selection,,,,,Primate Positive Selection,
MYXV M156R,PKR-Q376E,5.025918561945811,0.8165515708129387,0.20413789270323468,16,3249.0,376.0,Region 2,Variant,Q,E,Polar-Neutral,Negative Charge,,Primate Positive Selection,,,,,Primate Positive Selection,
MYXV M156R,PKR-Q376H,4.978125929803448,0.8194470838061313,0.09104967597845903,81,16980.0,376.0,Region 2,Variant,Q,H,Polar-Neutral,Positive Charge,,Primate Positive Selection,,,,,Primate Positive Selection,
MYXV M156R,PKR-Q376K,4.921777997262309,0.5861228922799856,0.16919910481802586,12,3664.0,376.0,Region 2,Variant,Q,K,Polar-Neutral,Positive Charge,,Primate Positive Selection,,,,,Primate Positive Selection,
MYXV M156R,PKR-Q376L,5.154466016644033,0.7060734304585461,0.1505353611734253,22,4410.0,376.0,Region 2,Variant,Q,L,Polar-Neutral,Non-Polar,,Primate Positive Selection,,,,,Primate Positive Selection,
MYXV M156R,PKR-Q376P,4.772483941538002,0.6058094170879484,0.1514523542719871,16,4533.0,376.0,Region 2,Variant,Q,P,Polar-Neutral,Unique,,Primate Positive Selection,,,,,Primate Positive Selection,
MYXV M156R,PKR-Q376R,4.904012858763112,1.4350860710475875,0.2620096710247417,30,6561.0,376.0,Region 2,Variant,Q,R,Polar-Neutral,Positive Charge,,Primate Positive Selection,,,,,Primate Positive Selection,
MYXV M156R,PKR-R262G,3.7151271508431836,0.9303367738258816,0.17581712422010198,28,8693.0,262.0,Region 1,Variant,R,G,Positive Charge,Unique,Conserved Kinase Residue,,,,,,,
MYXV M156R,PKR-R262K,4.774299718766756,0.7459873945642307,0.18649684864105767,16,6453.0,262.0,Region 1,Variant,R,K,Positive Charge,Positive Charge,Conserved Kinase Residue,,,,,,,
MYXV M156R,PKR-R262M,4.30677844565223,0.8865758691601006,0.1706216055722035,27,9597.0,262.0,Region 1,Variant,R,M,Positive Charge,Non-Polar,Conserved Kinase Residue,,,,,,,
MYXV M156R,PKR-R262S,3.96323928761847,0.6711483136528965,0.08889576578229003,57,20830.0,262.0,Region 1,Variant,R,S,Positive Charge,Polar-Neutral,Conserved Kinase Residue,,,,,,,
MYXV M156R,PKR-R262T,3.9852492308898184,0.6110965449816721,0.17640837737300932,12,5111.0,262.0,Region 1,Variant,R,T,Positive Charge,Polar-Neutral,Conserved Kinase Residue,,,,,,,
MYXV M156R,PKR-R262W,3.6935438821376096,0.5331572053808931,0.08429955599669012,40,15886.0,262.0,Region 1,Variant,R,W,Positive Charge,Aromatic,Conserved Kinase Residue,,,,,,,
MYXV M156R,PKR-R381G,4.45358719810208,0.879217374814187,0.11446435254247786,59,9712.0,381.0,Region 2,Variant,R,G,Positive Charge,Unique,,,,,,,,
MYXV M156R,PKR-R381I,5.513898247386242,1.3657037534084377,0.3053806429747877,20,2794.0,381.0,Region 2,Variant,R,I,Positive Charge,Non-Polar,,,,,,,,
MYXV M156R,PKR-R381K,4.189761943461825,0.5443159915261907,0.15713049211593214,12,2349.0,381.0,Region 2,Variant,R,K,Positive Charge,Positive Charge,,,,,,,,
MYXV M156R,PKR-R381S,4.820397073074557,0.9566777075257276,0.1572768462948404,37,6271.0,381.0,Region 2,Variant,R,S,Positive Charge,Polar-Neutral,,,,,,,,
MYXV M156R,PKR-R381T,4.838911120306645,0.7685245328185508,0.34369461955170955,5,1169.0,381.0,Region 2,Variant,R,T,Positive Charge,Polar-Neutral,,,,,,,,
MYXV M156R,PKR-R382G,4.386249375626428,1.279499657918623,0.19743108349219418,42,8446.0,382.0,Region 2,Variant,R,G,Positive Charge,Unique,,,Vertebrate Positive Selection,,,Vertebrate Positive Selection,,
MYXV M156R,PKR-R382I,5.059451946229222,1.2182486603423364,0.22242075730664898,30,5254.0,382.0,Region 2,Variant,R,I,Positive Charge,Non-Polar,,,Vertebrate Positive Selection,,,Vertebrate Positive Selection,,
MYXV M156R,PKR-R382K,5.269403160577104,0.8920870460864697,0.23033588485735104,15,3175.0,382.0,Region 2,Variant,R,K,Positive Charge,Positive Charge,,,Vertebrate Positive Selection,,,Vertebrate Positive Selection,,
MYXV M156R,PKR-R382S,4.395859132790253,1.2021705090761454,0.17920899858931927,45,6280.0,382.0,Region 2,Variant,R,S,Positive Charge,Polar-Neutral,,,Vertebrate Positive Selection,,,Vertebrate Positive Selection,,
MYXV M156R,PKR-R382T,4.6377934203153615,0.8802099162199271,0.22726922311242687,15,2572.0,382.0,Region 2,Variant,R,T,Positive Charge,Polar-Neutral,,,Vertebrate Positive Selection,,,Vertebrate Positive Selection,,
MYXV M156R,PKR-R453*,-7.21092602594997,0.6531119209333899,0.09330170299048426,49,18397.0,453.0,Region 3,Nonsense,R,*,Positive Charge,Stop,,,,,,,,
MYXV M156R,PKR-R453G,3.2472576876326795,1.2449210443701357,0.17968887502173198,48,14924.0,453.0,Region 3,Variant,R,G,Positive Charge,Unique,,,,,,,,
MYXV M156R,PKR-R453L,3.7154643883735736,0.684956984078305,0.09991124465900546,47,21436.0,453.0,Region 3,Variant,R,L,Positive Charge,Non-Polar,,,,,,,,
MYXV M156R,PKR-R453P,0.6845403589494102,0.49925373492255326,0.12481343373063832,16,5406.0,453.0,Region 3,Variant,R,P,Positive Charge,Unique,,,,,,,,
MYXV M156R,PKR-R453Q,3.682451324667493,0.7094832679592178,0.15482194189179777,21,5828.0,453.0,Region 3,Variant,R,Q,Positive Charge,Polar-Neutral,,,,,,,,
MYXV M156R,PKR-R499G,4.5835072016358245,0.9971673647368064,0.17358455744890366,33,13955.0,499.0,Region 4,Variant,R,G,Positive Charge,Unique,Conserved Kinase Residue,,,,,,,
MYXV M156R,PKR-R499L,4.621791007160534,0.6191593907519087,0.11304252166865865,30,11679.0,499.0,Region 4,Variant,R,L,Positive Charge,Non-Polar,Conserved Kinase Residue,,,,,,,
MYXV M156R,PKR-R499P,3.6012903250132524,0.4597825687845705,0.10033278212745403,21,11275.0,499.0,Region 4,Variant,R,P,Positive Charge,Unique,Conserved Kinase Residue,,,,,,,
MYXV M156R,PKR-R499Q,5.000231424596127,0.7656363050943494,0.13328017330540587,33,14477.0,499.0,Region 4,Variant,R,Q,Positive Charge,Polar-Neutral,Conserved Kinase Residue,,,,,,,
MYXV M156R,PKR-R499W,4.6594980697768325,0.5088759114798075,0.07852125785634724,42,22558.0,499.0,Region 4,Variant,R,W,Positive Charge,Aromatic,Conserved Kinase Residue,,,,,,,
MYXV M156R,PKR-S275*,-6.87046686836556,1.465056087073375,0.17387016923639384,71,19997.0,275.0,Region 1,Nonsense,S,*,Polar-Neutral,Stop,,Primate Positive Selection,,,Primate Positive Selection,,Primate Positive Selection,Primate Positive Selection
MYXV M156R,PKR-S275A,5.142979308888862,0.9348282797287915,0.16273271565628541,33,5454.0,275.0,Region 1,Variant,S,A,Polar-Neutral,Non-Polar,,Primate Positive Selection,,,Primate Positive Selection,,Primate Positive Selection,Primate Positive Selection
MYXV M156R,PKR-S275L,5.352481203367364,1.1674322103061834,0.13953483772164368,70,10902.0,275.0,Region 1,Variant,S,L,Polar-Neutral,Non-Polar,,Primate Positive Selection,,,Primate Positive Selection,,Primate Positive Selection,Primate Positive Selection
MYXV M156R,PKR-S275P,2.8337703924141557,0.8721910991711324,0.19502785871169123,20,4923.0,275.0,Region 1,Variant,S,P,Polar-Neutral,Unique,,Primate Positive Selection,,,Primate Positive Selection,,Primate Positive Selection,Primate Positive Selection
MYXV M156R,PKR-S275T,4.811042240265032,1.8459701951117564,0.2535635070330224,53,9371.0,275.0,Region 1,Variant,S,T,Polar-Neutral,Polar-Neutral,,Primate Positive Selection,,,Primate Positive Selection,,Primate Positive Selection,Primate Positive Selection
MYXV M156R,PKR-S448C,4.952001756620886,0.7274346973950695,0.08572900123307298,72,16823.0,448.0,Region 3,Variant,S,C,Polar-Neutral,Polar-Neutral,,,Vertebrate Positive Selection,,,Vertebrate Positive Selection,,
MYXV M156R,PKR-S448G,5.1741992372955865,0.8225063435238649,0.1140611075372959,52,10338.0,448.0,Region 3,Variant,S,G,Polar-Neutral,Unique,,,Vertebrate Positive Selection,,,Vertebrate Positive Selection,,
MYXV M156R,PKR-S448I,2.122626629729668,0.6729888818354564,0.11541664105141983,34,7822.0,448.0,Region 3,Variant,S,I,Polar-Neutral,Non-Polar,,,Vertebrate Positive Selection,,,Vertebrate Positive Selection,,
MYXV M156R,PKR-S448N,4.999074499229559,1.192507882530877,0.28107680345199804,18,3226.0,448.0,Region 3,Variant,S,N,Polar-Neutral,Polar-Neutral,,,Vertebrate Positive Selection,,,Vertebrate Positive Selection,,
MYXV M156R,PKR-S448R,5.181277604573667,1.2284204726257943,0.1280716875326412,92,18734.0,448.0,Region 3,Variant,S,R,Polar-Neutral,Positive Charge,,,Vertebrate Positive Selection,,,Vertebrate Positive Selection,,
MYXV M156R,PKR-S448T,4.95835961419409,0.9818743718857028,0.17634984311488155,31,6562.0,448.0,Region 3,Variant,S,T,Polar-Neutral,Polar-Neutral,,,Vertebrate Positive Selection,,,Vertebrate Positive Selection,,
MYXV M156R,PKR-S492A,5.786315999809358,1.2467804219858654,0.2107443556707139,35,5783.0,492.0,Region 4,Variant,S,A,Polar-Neutral,Non-Polar,,Primate Positive Selection,,,Primate Positive Selection,,Primate Positive Selection,Primate Positive Selection
MYXV M156R,PKR-S492L,4.911378188790797,0.7765472781977373,0.08575530100064453,82,19402.0,492.0,Region 4,Variant,S,L,Polar-Neutral,Non-Polar,,Primate Positive Selection,,,Primate Positive Selection,,Primate Positive Selection,Primate Positive Selection
MYXV M156R,PKR-S492P,-5.211648148305726,0.791312194953241,0.16152592540643387,24,7274.0,492.0,Region 4,Variant,S,P,Polar-Neutral,Unique,,Primate Positive Selection,,,Primate Positive Selection,,Primate Positive Selection,Primate Positive Selection
MYXV M156R,PKR-S492T,5.028915724327529,0.9432761272036462,0.13907847738912116,46,10789.0,492.0,Region 4,Variant,S,T,Polar-Neutral,Polar-Neutral,,Primate Positive Selection,,,Primate Positive Selection,,Primate Positive Selection,Primate Positive Selection
MYXV M156R,PKR-S504A,5.079020606209059,0.9129369413245123,0.1521561568874187,36,8832.0,504.0,Region 4,Variant,S,A,Polar-Neutral,Non-Polar,,,Vertebrate Positive Selection,,,Vertebrate Positive Selection,,
MYXV M156R,PKR-S504L,5.221289341018447,0.9651360375682416,0.13649084738640363,50,13452.0,504.0,Region 4,Variant,S,L,Polar-Neutral,Non-Polar,,,Vertebrate Positive Selection,,,Vertebrate Positive Selection,,
MYXV M156R,PKR-S504P,5.272961312989433,0.5404941393033929,0.11523373768549244,22,7392.0,504.0,Region 4,Variant,S,P,Polar-Neutral,Unique,,,Vertebrate Positive Selection,,,Vertebrate Positive Selection,,
MYXV M156R,PKR-S504T,5.784461461366181,1.1897293049467468,0.32997153945443297,13,3054.0,504.0,Region 4,Variant,S,T,Polar-Neutral,Polar-Neutral,,,Vertebrate Positive Selection,,,Vertebrate Positive Selection,,
MYXV M156R,PKR-T255A,5.197614631331759,0.9290365583663555,0.12527126397478414,55,13097.0,255.0,Region 1,Variant,T,A,Polar-Neutral,Non-Polar,,Primate Positive Selection,,,Primate Positive Selection,,Primate Positive Selection,Primate Positive Selection
MYXV M156R,PKR-T255I,4.982835478211385,0.7763568573751999,0.1243165902654101,39,9851.0,255.0,Region 1,Variant,T,I,Polar-Neutral,Non-Polar,,Primate Positive Selection,,,Primate Positive Selection,,Primate Positive Selection,Primate Positive Selection
MYXV M156R,PKR-T255K,5.380123810505462,1.223571941678575,0.1888012495206255,42,8479.0,255.0,Region 1,Variant,T,K,Polar-Neutral,Positive Charge,,Primate Positive Selection,,,Primate Positive Selection,,Primate Positive Selection,Primate Positive Selection
MYXV M156R,PKR-T255P,4.858687891110051,0.7550797341695745,0.1510159468339149,25,7097.0,255.0,Region 1,Variant,T,P,Polar-Neutral,Unique,,Primate Positive Selection,,,Primate Positive Selection,,Primate Positive Selection,Primate Positive Selection
MYXV M156R,PKR-T255R,5.18761335011829,0.7422146330512797,0.1619645113267315,21,4227.0,255.0,Region 1,Variant,T,R,Polar-Neutral,Positive Charge,,Primate Positive Selection,,,Primate Positive Selection,,Primate Positive Selection,Primate Positive Selection
MYXV M156R,PKR-T255S,5.021488091992738,0.8048977921392984,0.11867570497777594,46,13307.0,255.0,Region 1,Variant,T,S,Polar-Neutral,Polar-Neutral,,Primate Positive Selection,,,Primate Positive Selection,,Primate Positive Selection,Primate Positive Selection
MYXV M156R,PKR-T258A,4.699851476368354,0.6953866836061844,0.13907733672123687,25,9124.0,258.0,Region 1,Variant,T,A,Polar-Neutral,Non-Polar,,,,,,,,
MYXV M156R,PKR-T258I,4.950453156278532,0.8095169976952991,0.12067566905254862,45,11883.0,258.0,Region 1,Variant,T,I,Polar-Neutral,Non-Polar,,,,,,,,
MYXV M156R,PKR-T258N,4.652676111448411,0.645337974972447,0.11233892198240038,33,11813.0,258.0,Region 1,Variant,T,N,Polar-Neutral,Polar-Neutral,,,,,,,,
MYXV M156R,PKR-T258P,4.952227558311926,0.6182053447225967,0.11682982866478195,28,7701.0,258.0,Region 1,Variant,T,P,Polar-Neutral,Unique,,,,,,,,
MYXV M156R,PKR-T258S,5.1647265331120575,0.8289991535275257,0.14431022943532937,33,7928.0,258.0,Region 1,Variant,T,S,Polar-Neutral,Polar-Neutral,,,,,,,,
MYXV M156R,PKR-T373A,4.954091242880311,0.7220073336118328,0.1171250557253441,38,9295.0,373.0,Region 2,Variant,T,A,Polar-Neutral,Non-Polar,,,,,,,,
MYXV M156R,PKR-T373I,4.494972661868131,1.060693772311194,0.14852683646199052,51,12835.0,373.0,Region 2,Variant,T,I,Polar-Neutral,Non-Polar,,,,,,,,
MYXV M156R,PKR-T373N,5.135878554039427,1.1108288153938475,0.17787496740250874,39,7274.0,373.0,Region 2,Variant,T,N,Polar-Neutral,Polar-Neutral,,,,,,,,
MYXV M156R,PKR-T373P,4.572999902286665,0.7067350939614467,0.1888828989152302,14,3797.0,373.0,Region 2,Variant,T,P,Polar-Neutral,Unique,,,,,,,,
MYXV M156R,PKR-T373S,4.424899953117106,0.6326125225397046,0.11012370505193284,33,8860.0,373.0,Region 2,Variant,T,S,Polar-Neutral,Polar-Neutral,,,,,,,,
MYXV M156R,PKR-T451A,-1.4636249698818729,0.9210950109896332,0.1474932435888464,39,10115.0,451.0,Region 3,Variant,T,A,Polar-Neutral,Non-Polar,Conserved Kinase Residue,,,Conserved PKR Residue,,Conserved PKR Residue,Conserved PKR Residue,Conserved PKR Residue
MYXV M156R,PKR-T451I,-6.716677525519127,1.4017894444867673,0.16636180013666463,71,19026.0,451.0,Region 3,Variant,T,I,Polar-Neutral,Non-Polar,Conserved Kinase Residue,,,Conserved PKR Residue,,Conserved PKR Residue,Conserved PKR Residue,Conserved PKR Residue
MYXV M156R,PKR-T451N,-5.640262659323171,0.924126710316914,0.13479773474335394,47,10154.0,451.0,Region 3,Variant,T,N,Polar-Neutral,Polar-Neutral,Conserved Kinase Residue,,,Conserved PKR Residue,,Conserved PKR Residue,Conserved PKR Residue,Conserved PKR Residue
MYXV M156R,PKR-T451P,-6.376613897711206,1.3226268194543596,0.23755078937681295,31,7456.0,451.0,Region 3,Variant,T,P,Polar-Neutral,Unique,Conserved Kinase Residue,,,Conserved PKR Residue,,Conserved PKR Residue,Conserved PKR Residue,Conserved PKR Residue
MYXV M156R,PKR-T451S,0.6490498047619897,0.8065652040183743,0.13259850273635962,37,8532.0,451.0,Region 3,Variant,T,S,Polar-Neutral,Polar-Neutral,Conserved Kinase Residue,,,Conserved PKR Residue,,Conserved PKR Residue,Conserved PKR Residue,Conserved PKR Residue
MYXV M156R,PKR-T487A,-5.100622136537051,0.7330234486695301,0.12571248432310686,34,16457.0,487.0,Region 4,Variant,T,A,Polar-Neutral,Non-Polar,Conserved Kinase Residue,,,,,,,
MYXV M156R,PKR-T487I,-6.591819874756126,0.5487259270979047,0.10369945293102958,28,13937.0,487.0,Region 4,Variant,T,I,Polar-Neutral,Non-Polar,Conserved Kinase Residue,,,,,,,
MYXV M156R,PKR-T487N,-6.274113025821023,0.680831437561455,0.13897413523925917,24,12435.0,487.0,Region 4,Variant,T,N,Polar-Neutral,Polar-Neutral,Conserved Kinase Residue,,,,,,,
MYXV M156R,PKR-T487P,-7.145469630182313,0.4017665710286316,0.09469728894280405,18,9188.0,487.0,Region 4,Variant,T,P,Polar-Neutral,Unique,Conserved Kinase Residue,,,,,,,
MYXV M156R,PKR-T487S,4.740701372417566,1.0202879888592888,0.22814332997159179,20,9161.0,487.0,Region 4,Variant,T,S,Polar-Neutral,Polar-Neutral,Conserved Kinase Residue,,,,,,,
MYXV M156R,PKR-T491A,5.034719863775867,0.7803729461754649,0.15929296060019088,24,9252.0,491.0,Region 4,Variant,T,A,Polar-Neutral,Non-Polar,,,Vertebrate Positive Selection,,,Vertebrate Positive Selection,,
MYXV M156R,PKR-T491I,4.86379012327515,0.7820684614875872,0.15337624408041134,26,9372.0,491.0,Region 4,Variant,T,I,Polar-Neutral,Non-Polar,,,Vertebrate Positive Selection,,,Vertebrate Positive Selection,,
MYXV M156R,PKR-T491K,4.981306200089314,0.3841327663710245,0.121473446563377,10,4502.0,491.0,Region 4,Variant,T,K,Polar-Neutral,Positive Charge,,,Vertebrate Positive Selection,,,Vertebrate Positive Selection,,
MYXV M156R,PKR-T491P,-6.784771685994509,0.6268618435064138,0.16753587480303597,14,6168.0,491.0,Region 4,Variant,T,P,Polar-Neutral,Unique,,,Vertebrate Positive Selection,,,Vertebrate Positive Selection,,
MYXV M156R,PKR-T491R,4.766999436944109,0.5632795330063212,0.12922518743891248,19,9390.0,491.0,Region 4,Variant,T,R,Polar-Neutral,Positive Charge,,,Vertebrate Positive Selection,,,Vertebrate Positive Selection,,
MYXV M156R,PKR-T491S,5.264877433220512,1.1042587317504338,0.23025386241835022,23,8100.0,491.0,Region 4,Variant,T,S,Polar-Neutral,Polar-Neutral,,,Vertebrate Positive Selection,,,Vertebrate Positive Selection,,
MYXV M156R,PKR-T496A,5.18180819579412,1.1926659997876012,0.2339010463890626,26,5139.0,496.0,Region 4,Variant,T,A,Polar-Neutral,Non-Polar,,Primate Positive Selection,,,Primate Positive Selection,,Primate Positive Selection,Primate Positive Selection
MYXV M156R,PKR-T496I,5.210990352404073,1.3504947460265662,0.2552195174918306,28,6017.0,496.0,Region 4,Variant,T,I,Polar-Neutral,Non-Polar,,Primate Positive Selection,,,Primate Positive Selection,,Primate Positive Selection,Primate Positive Selection
MYXV M156R,PKR-T496K,5.116198195187704,0.8990384248270443,0.16694724433242203,29,5927.0,496.0,Region 4,Variant,T,K,Polar-Neutral,Positive Charge,,Primate Positive Selection,,,Primate Positive Selection,,Primate Positive Selection,Primate Positive Selection
MYXV M156R,PKR-T496P,4.617127764898921,0.7680129589585414,0.16014177212548047,23,5423.0,496.0,Region 4,Variant,T,P,Polar-Neutral,Unique,,Primate Positive Selection,,,Primate Positive Selection,,Primate Positive Selection,Primate Positive Selection
MYXV M156R,PKR-T496R,5.142765033719701,0.7728005913639594,0.11650407269631913,44,8387.0,496.0,Region 4,Variant,T,R,Polar-Neutral,Positive Charge,,Primate Positive Selection,,,Primate Positive Selection,,Primate Positive Selection,Primate Positive Selection
MYXV M156R,PKR-T496S,5.468244864345031,0.9720063634473838,0.19440127268947677,25,4832.0,496.0,Region 4,Variant,T,S,Polar-Neutral,Polar-Neutral,,Primate Positive Selection,,,Primate Positive Selection,,Primate Positive Selection,Primate Positive Selection
MYXV M156R,PKR-V259A,4.97896070516955,1.0618305959404326,0.19386285654857613,30,7721.0,259.0,Region 1,Variant,V,A,Non-Polar,Non-Polar,,Primate Positive Selection,,,Primate Positive Selection,,Primate Positive Selection,Primate Positive Selection
MYXV M156R,PKR-V259E,5.214493335436445,0.7822062319670926,0.11533001695777936,46,12034.0,259.0,Region 1,Variant,V,E,Non-Polar,Negative Charge,,Primate Positive Selection,,,Primate Positive Selection,,Primate Positive Selection,Primate Positive Selection
MYXV M156R,PKR-V259G,5.149185754723877,0.6981556007500632,0.13436010800976464,27,7220.0,259.0,Region 1,Variant,V,G,Non-Polar,Unique,,Primate Positive Selection,,,Primate Positive Selection,,Primate Positive Selection,Primate Positive Selection
MYXV M156R,PKR-V259L,5.383565718743386,1.0172927974293826,0.13717173282234732,55,13456.0,259.0,Region 1,Variant,V,L,Non-Polar,Non-Polar,,Primate Positive Selection,,,Primate Positive Selection,,Primate Positive Selection,Primate Positive Selection
MYXV M156R,PKR-V259M,5.385488024420466,0.8418628777536609,0.12026612539338012,49,12689.0,259.0,Region 1,Variant,V,M,Non-Polar,Non-Polar,,Primate Positive Selection,,,Primate Positive Selection,,Primate Positive Selection,Primate Positive Selection
MYXV M156R,PKR-V484A,4.722719095001636,0.8338384622298141,0.15223737835956286,30,5729.0,484.0,Region 4,Variant,V,A,Non-Polar,Non-Polar,,,,,,,,
MYXV M156R,PKR-V484E,4.992329124711021,0.9787029443760569,0.22452985422531266,19,4275.0,484.0,Region 4,Variant,V,E,Non-Polar,Negative Charge,,,,,,,,
MYXV M156R,PKR-V484G,5.16376733008094,1.0081555526076045,0.19771557059550357,26,5721.0,484.0,Region 4,Variant,V,G,Non-Polar,Unique,,,,,,,,
MYXV M156R,PKR-V484I,5.066241708249249,1.0239023589490508,0.19013389480532514,29,5646.0,484.0,Region 4,Variant,V,I,Non-Polar,Non-Polar,,,,,,,,
MYXV M156R,PKR-V484L,4.782302390930779,0.6734077629748313,0.08842277121627064,58,14237.0,484.0,Region 4,Variant,V,L,Non-Polar,Non-Polar,,,,,,,,
MYXV M156R,PKR-W377C,5.098420470846734,1.0092824393942612,0.12423408028429764,66,12723.0,377.0,Region 2,Variant,W,C,Aromatic,Polar-Neutral,,,,Conserved PKR Residue,,Conserved PKR Residue,Conserved PKR Residue,Conserved PKR Residue
MYXV M156R,PKR-W377G,4.9822415481034925,0.9778313376837062,0.18157872093129485,29,6731.0,377.0,Region 2,Variant,W,G,Aromatic,Unique,,,,Conserved PKR Residue,,Conserved PKR Residue,Conserved PKR Residue,Conserved PKR Residue
MYXV M156R,PKR-W377L,4.90156026102312,0.7955868094508698,0.13644201217886695,34,6887.0,377.0,Region 2,Variant,W,L,Aromatic,Non-Polar,,,,Conserved PKR Residue,,Conserved PKR Residue,Conserved PKR Residue,Conserved PKR Residue
MYXV M156R,PKR-W377R,4.975599194042837,1.09643155919327,0.1908642357402154,33,7852.0,377.0,Region 2,Variant,W,R,Aromatic,Positive Charge,,,,Conserved PKR Residue,,Conserved PKR Residue,Conserved PKR Residue,Conserved PKR Residue
MYXV M156R,PKR-W377S,4.639331127606827,0.8392565272023799,0.16459174650442496,26,5035.0,377.0,Region 2,Variant,W,S,Aromatic,Polar-Neutral,,,,Conserved PKR Residue,,Conserved PKR Residue,Conserved PKR Residue,Conserved PKR Residue
MYXV M156R,PKR-WT,5.055723890279643,1.1999922493727229,0.06859899098313288,306,77685.0,,,WT,,,,,,,,,,,,
MYXV M156R,PKR-Y257C,5.112048163506393,0.7974420276414939,0.13109866177899232,37,9685.0,257.0,Region 1,Variant,Y,C,Aromatic,Polar-Neutral,,,,,,,,
MYXV M156R,PKR-Y257D,5.356126636761564,0.8276679816316352,0.14407850215201864,33,9641.0,257.0,Region 1,Variant,Y,D,Aromatic,Negative Charge,,,,,,,,
MYXV M156R,PKR-Y257F,5.192109032450296,1.0075645541307663,0.1454294166383308,48,10553.0,257.0,Region 1,Variant,Y,F,Aromatic,Aromatic,,,,,,,,
MYXV M156R,PKR-Y257H,4.9852961174534105,1.0356254515926049,0.18307444489762786,32,6255.0,257.0,Region 1,Variant,Y,H,Aromatic,Positive Charge,,,,,,,,
MYXV M156R,PKR-Y257N,5.020132209325213,1.0487971500016864,0.1498281642859552,49,12705.0,257.0,Region 1,Variant,Y,N,Aromatic,Polar-Neutral,,,,,,,,
MYXV M156R,PKR-Y257S,4.7799019756119865,0.9752649934282258,0.18110216276689467,29,7379.0,257.0,Region 1,Variant,Y,S,Aromatic,Polar-Neutral,,,,,,,,
MYXV M156R,PKR-Y454C,2.0808973425686585,0.5491260549387508,0.09559057646793749,33,12821.0,454.0,Region 3,Variant,Y,C,Aromatic,Polar-Neutral,Conserved Kinase Residue,,,Conserved PKR Residue,,Conserved PKR Residue,Conserved PKR Residue,Conserved PKR Residue
MYXV M156R,PKR-Y454D,-7.115952185973456,0.6253811978845134,0.1014502266692844,38,14309.0,454.0,Region 3,Variant,Y,D,Aromatic,Negative Charge,Conserved Kinase Residue,,,Conserved PKR Residue,,Conserved PKR Residue,Conserved PKR Residue,Conserved PKR Residue
MYXV M156R,PKR-Y454F,5.0086757761721366,0.5931593837835889,0.11014693236458524,29,8460.0,454.0,Region 3,Variant,Y,F,Aromatic,Aromatic,Conserved Kinase Residue,,,Conserved PKR Residue,,Conserved PKR Residue,Conserved PKR Residue,Conserved PKR Residue
MYXV M156R,PKR-Y454H,4.194004415844893,0.6546968254868282,0.12599646281080457,27,10455.0,454.0,Region 3,Variant,Y,H,Aromatic,Positive Charge,Conserved Kinase Residue,,,Conserved PKR Residue,,Conserved PKR Residue,Conserved PKR Residue,Conserved PKR Residue
MYXV M156R,PKR-Y454N,-4.35208231423122,0.7060536827680559,0.12108720762937936,34,12853.0,454.0,Region 3,Variant,Y,N,Aromatic,Polar-Neutral,Conserved Kinase Residue,,,Conserved PKR Residue,,Conserved PKR Residue,Conserved PKR Residue,Conserved PKR Residue
MYXV M156R,PKR-Y454S,-2.6726093631528536,0.3560984648928238,0.07962603741836764,20,7024.0,454.0,Region 3,Variant,Y,S,Aromatic,Polar-Neutral,Conserved Kinase Residue,,,Conserved PKR Residue,,Conserved PKR Residue,Conserved PKR Residue,Conserved PKR Residue
RCVZ vIF2α,PKR-A488D,2.5773928318849526,0.562555389350416,0.16961683184251128,11,3040.0,488.0,Region 4,Variant,A,D,Non-Polar,Negative Charge,,,Vertebrate Positive Selection,,,Vertebrate Positive Selection,,
RCVZ vIF2α,PKR-A488G,2.634514252057392,0.5251405272143256,0.1312851318035814,16,4373.0,488.0,Region 4,Variant,A,G,Non-Polar,Unique,,,Vertebrate Positive Selection,,,Vertebrate Positive Selection,,
RCVZ vIF2α,PKR-A488P,-3.130455375617577,0.3116395992143545,0.10387986640478485,9,2881.0,488.0,Region 4,Variant,A,P,Non-Polar,Unique,,,Vertebrate Positive Selection,,,Vertebrate Positive Selection,,
RCVZ vIF2α,PKR-A488S,3.914236129909535,0.6763847508476748,0.15124422818396593,20,5922.0,488.0,Region 4,Variant,A,S,Non-Polar,Polar-Neutral,,,Vertebrate Positive Selection,,,Vertebrate Positive Selection,,
RCVZ vIF2α,PKR-A488T,5.9956103425090745,0.6926017248877442,0.1851055971441858,14,3256.0,488.0,Region 4,Variant,A,T,Non-Polar,Polar-Neutral,,,Vertebrate Positive Selection,,,Vertebrate Positive Selection,,
RCVZ vIF2α,PKR-A488V,6.0108755139398555,0.5247887466677387,0.10495774933354773,25,8588.0,488.0,Region 4,Variant,A,V,Non-Polar,Non-Polar,,,Vertebrate Positive Selection,,,Vertebrate Positive Selection,,
RCVZ vIF2α,PKR-C485F,4.670673541735419,0.5315313584932406,0.09704390502270435,30,4983.0,485.0,Region 4,Variant,C,F,Polar-Neutral,Aromatic,,,,,,,,
RCVZ vIF2α,PKR-C485G,6.260226410509125,0.8884274546782606,0.15956628132636788,31,4850.0,485.0,Region 4,Variant,C,G,Polar-Neutral,Unique,,,,,,,,
RCVZ vIF2α,PKR-C485R,6.51269209064956,0.8520071597794311,0.13306116329878043,41,6568.0,485.0,Region 4,Variant,C,R,Polar-Neutral,Positive Charge,,,,,,,,
RCVZ vIF2α,PKR-C485S,5.591501848668215,0.7634050047261902,0.1627584938770819,22,3345.0,485.0,Region 4,Variant,C,S,Polar-Neutral,Polar-Neutral,,,,,,,,
RCVZ vIF2α,PKR-C485W,6.282825509547171,0.8064383942861226,0.08696048847360051,86,14812.0,485.0,Region 4,Variant,C,W,Polar-Neutral,Aromatic,,,,,,,,
RCVZ vIF2α,PKR-C485Y,6.69710057620267,1.072340259104216,0.23400382895683944,21,3090.0,485.0,Region 4,Variant,C,Y,Polar-Neutral,Aromatic,,,,,,,,
RCVZ vIF2α,PKR-D260A,0.11130937810226291,0.3951773293250511,0.17672867430752706,5,969.0,260.0,Region 1,Variant,D,A,Negative Charge,Non-Polar,,,,,,,,
RCVZ vIF2α,PKR-D260E,1.5171212173869737,0.6317407932110551,0.10834265221250221,34,6997.0,260.0,Region 1,Variant,D,E,Negative Charge,Negative Charge,,,,,,,,
RCVZ vIF2α,PKR-D260G,-0.16153578376768882,0.48277222306426015,0.10292738379389081,22,4581.0,260.0,Region 1,Variant,D,G,Negative Charge,Unique,,,,,,,,
RCVZ vIF2α,PKR-D260H,0.1835116131132726,0.5693243372823805,0.152158329433057,14,2372.0,260.0,Region 1,Variant,D,H,Negative Charge,Positive Charge,,,,,,,,
RCVZ vIF2α,PKR-D260N,1.3963739101529018,0.6989473058454713,0.15252280646772964,21,4368.0,260.0,Region 1,Variant,D,N,Negative Charge,Polar-Neutral,,,,,,,,
RCVZ vIF2α,PKR-D260V,0.41845502055584893,0.6802617626682295,0.10623903854487152,41,10037.0,260.0,Region 1,Variant,D,V,Negative Charge,Non-Polar,,,,,,,,
RCVZ vIF2α,PKR-D260Y,0.9894561022827676,0.5459428112038595,0.10317349346492138,28,5909.0,260.0,Region 1,Variant,D,Y,Negative Charge,Aromatic,,,,,,,,
RCVZ vIF2α,PKR-D266A,1.4096264223284645,0.6332314137477403,0.14925407557379053,18,3826.0,266.0,Region 1,Variant,D,A,Negative Charge,Non-Polar,Conserved Kinase Residue,,,,,,,
RCVZ vIF2α,PKR-D266E,1.3220450057746347,0.5144961406175484,0.060633951654162674,72,17872.0,266.0,Region 1,Variant,D,E,Negative Charge,Negative Charge,Conserved Kinase Residue,,,,,,,
RCVZ vIF2α,PKR-D266G,2.0181509273485774,0.5463589580835396,0.11392371800962314,23,6248.0,266.0,Region 1,Variant,D,G,Negative Charge,Unique,Conserved Kinase Residue,,,,,,,
RCVZ vIF2α,PKR-D266H,0.17748707868964497,0.3953087635064276,0.11411581051172705,12,3247.0,266.0,Region 1,Variant,D,H,Negative Charge,Positive Charge,Conserved Kinase Residue,,,,,,,
RCVZ vIF2α,PKR-D266N,1.6635552688155615,0.6256901002472988,0.14747657093538524,18,4815.0,266.0,Region 1,Variant,D,N,Negative Charge,Polar-Neutral,Conserved Kinase Residue,,,,,,,
RCVZ vIF2α,PKR-D266V,0.15904934843967963,0.43992461125708704,0.0803188777290659,30,7729.0,266.0,Region 1,Variant,D,V,Negative Charge,Non-Polar,Conserved Kinase Residue,,,,,,,
RCVZ vIF2α,PKR-D266Y,-0.03968937558544589,0.4824142770877263,0.07724810755927336,39,11630.0,266.0,Region 1,Variant,D,Y,Negative Charge,Aromatic,Conserved Kinase Residue,,,,,,,
RCVZ vIF2α,PKR-D486A,1.3619694950101018,0.5333088117344016,0.1425327753469755,14,4203.0,486.0,Region 4,Variant,D,A,Negative Charge,Non-Polar,,,Vertebrate Positive Selection,,,Vertebrate Positive Selection,,
RCVZ vIF2α,PKR-D486E,3.167168645996654,0.43301389207948193,0.0711870453470181,37,10771.0,486.0,Region 4,Variant,D,E,Negative Charge,Negative Charge,,,Vertebrate Positive Selection,,,Vertebrate Positive Selection,,
RCVZ vIF2α,PKR-D486G,2.6524251794027283,0.6789438920013097,0.13578877840026193,25,7794.0,486.0,Region 4,Variant,D,G,Negative Charge,Unique,,,Vertebrate Positive Selection,,,Vertebrate Positive Selection,,
RCVZ vIF2α,PKR-D486H,0.5431768328201988,0.849432284046548,0.17711887498912868,23,7044.0,486.0,Region 4,Variant,D,H,Negative Charge,Positive Charge,,,Vertebrate Positive Selection,,,Vertebrate Positive Selection,,
RCVZ vIF2α,PKR-D486N,-1.243477475473867,0.3969284992925589,0.08875591066251388,20,6481.0,486.0,Region 4,Variant,D,N,Negative Charge,Polar-Neutral,,,Vertebrate Positive Selection,,,Vertebrate Positive Selection,,
RCVZ vIF2α,PKR-D486V,0.6231958836241107,0.48248842639413103,0.1170206320682973,17,5256.0,486.0,Region 4,Variant,D,V,Negative Charge,Non-Polar,,,Vertebrate Positive Selection,,,Vertebrate Positive Selection,,
RCVZ vIF2α,PKR-D486Y,-2.436922285783691,0.736780791687638,0.13923848182676965,28,7961.0,486.0,Region 4,Variant,D,Y,Negative Charge,Aromatic,,,Vertebrate Positive Selection,,,Vertebrate Positive Selection,,
RCVZ vIF2α,PKR-D497A,0.8442473416588545,0.7098906450023655,0.1897262554053442,14,3922.0,497.0,Region 4,Variant,D,A,Negative Charge,Non-Polar,,,,,,,,
RCVZ vIF2α,PKR-D497E,1.118079353608304,0.5195212540679786,0.06346962294077581,67,19441.0,497.0,Region 4,Variant,D,E,Negative Charge,Negative Charge,,,,,,,,
RCVZ vIF2α,PKR-D497G,1.5410551215160573,0.5361804757480236,0.11180135772944275,23,6986.0,497.0,Region 4,Variant,D,G,Negative Charge,Unique,,,,,,,,
RCVZ vIF2α,PKR-D497H,1.2607174618200234,0.7732218276355131,0.22320991516432895,12,3454.0,497.0,Region 4,Variant,D,H,Negative Charge,Positive Charge,,,,,,,,
RCVZ vIF2α,PKR-D497N,1.9642298430640928,0.3413329455168419,0.09122506692445706,14,4266.0,497.0,Region 4,Variant,D,N,Negative Charge,Polar-Neutral,,,,,,,,
RCVZ vIF2α,PKR-D497V,0.0070499616573195855,0.6075050815423648,0.10911113365321695,31,8230.0,497.0,Region 4,Variant,D,V,Negative Charge,Non-Polar,,,,,,,,
RCVZ vIF2α,PKR-D497Y,0.7807687397883405,0.5284467674633818,0.10169962781579035,27,7073.0,497.0,Region 4,Variant,D,Y,Negative Charge,Aromatic,,,,,,,,
RCVZ vIF2α,PKR-D500A,1.4667764621446149,0.7080014380411066,0.19636426830457313,13,3176.0,500.0,Region 4,Variant,D,A,Negative Charge,Non-Polar,,,Vertebrate Positive Selection,,,Vertebrate Positive Selection,,
RCVZ vIF2α,PKR-D500E,1.7043197993510284,0.547475309306679,0.06790595468399874,65,15986.0,500.0,Region 4,Variant,D,E,Negative Charge,Negative Charge,,,Vertebrate Positive Selection,,,Vertebrate Positive Selection,,
RCVZ vIF2α,PKR-D500G,1.4264774638846822,0.44588432567362013,0.0950628576453541,22,6362.0,500.0,Region 4,Variant,D,G,Negative Charge,Unique,,,Vertebrate Positive Selection,,,Vertebrate Positive Selection,,
RCVZ vIF2α,PKR-D500H,1.4511181281638386,0.5200416956841669,0.10843618946083165,23,6284.0,500.0,Region 4,Variant,D,H,Negative Charge,Positive Charge,,,Vertebrate Positive Selection,,,Vertebrate Positive Selection,,
RCVZ vIF2α,PKR-D500N,0.9759556627671304,0.41525463849734456,0.10381365962433614,16,3690.0,500.0,Region 4,Variant,D,N,Negative Charge,Polar-Neutral,,,Vertebrate Positive Selection,,,Vertebrate Positive Selection,,
RCVZ vIF2α,PKR-D500V,1.1700502434352438,0.6248876643759081,0.12497753287518162,25,5917.0,500.0,Region 4,Variant,D,V,Negative Charge,Non-Polar,,,Vertebrate Positive Selection,,,Vertebrate Positive Selection,,
RCVZ vIF2α,PKR-D500Y,0.49792785407461343,0.4622683337411509,0.11211653925841421,17,4644.0,500.0,Region 4,Variant,D,Y,Negative Charge,Aromatic,,,Vertebrate Positive Selection,,,Vertebrate Positive Selection,,
RCVZ vIF2α,PKR-D505A,1.7398623697511506,0.5538789478732288,0.18462631595774293,9,1853.0,505.0,Region 4,Variant,D,A,Negative Charge,Non-Polar,,,Vertebrate Positive Selection,,,Vertebrate Positive Selection,,
RCVZ vIF2α,PKR-D505E,1.604026337314823,0.6334744939240505,0.10414256528488762,37,8240.0,505.0,Region 4,Variant,D,E,Negative Charge,Negative Charge,,,Vertebrate Positive Selection,,,Vertebrate Positive Selection,,
RCVZ vIF2α,PKR-D505G,1.864485278939245,0.6005923297542597,0.13105999109089397,21,4701.0,505.0,Region 4,Variant,D,G,Negative Charge,Unique,,,Vertebrate Positive Selection,,,Vertebrate Positive Selection,,
RCVZ vIF2α,PKR-D505H,1.8670515418097837,0.5304642795426278,0.12503162974727616,18,4963.0,505.0,Region 4,Variant,D,H,Negative Charge,Positive Charge,,,Vertebrate Positive Selection,,,Vertebrate Positive Selection,,
RCVZ vIF2α,PKR-D505N,1.5860561472128925,0.6897148393200044,0.15050811710086787,21,4803.0,505.0,Region 4,Variant,D,N,Negative Charge,Polar-Neutral,,,Vertebrate Positive Selection,,,Vertebrate Positive Selection,,
RCVZ vIF2α,PKR-D505V,1.336766313453658,0.5375759466206029,0.12332838030512755,19,4097.0,505.0,Region 4,Variant,D,V,Negative Charge,Non-Polar,,,Vertebrate Positive Selection,,,Vertebrate Positive Selection,,
RCVZ vIF2α,PKR-D505Y,1.2193952914100499,1.1830086364328014,0.26452877290330784,20,3848.0,505.0,Region 4,Variant,D,Y,Negative Charge,Aromatic,,,Vertebrate Positive Selection,,,Vertebrate Positive Selection,,
RCVZ vIF2α,PKR-E269A,1.161269886155854,0.629232030314035,0.16816933387280525,14,3547.0,269.0,Region 1,Variant,E,A,Negative Charge,Non-Polar,,,Vertebrate Positive Selection,,,Vertebrate Positive Selection,,
RCVZ vIF2α,PKR-E269D,1.4482620881638586,0.5135571602103323,0.06862696221541564,56,14226.0,269.0,Region 1,Variant,E,D,Negative Charge,Negative Charge,,,Vertebrate Positive Selection,,,Vertebrate Positive Selection,,
RCVZ vIF2α,PKR-E269G,0.7533193682370837,0.8862836222443291,0.2802674899196353,10,2082.0,269.0,Region 1,Variant,E,G,Negative Charge,Unique,,,Vertebrate Positive Selection,,,Vertebrate Positive Selection,,
RCVZ vIF2α,PKR-E269K,0.24355793501568285,0.4904291364751198,0.08289765426695597,35,9516.0,269.0,Region 1,Variant,E,K,Negative Charge,Positive Charge,,,Vertebrate Positive Selection,,,Vertebrate Positive Selection,,
RCVZ vIF2α,PKR-E269Q,0.9731555636618902,0.5245033184769005,0.11728250745385708,20,4954.0,269.0,Region 1,Variant,E,Q,Negative Charge,Polar-Neutral,,,Vertebrate Positive Selection,,,Vertebrate Positive Selection,,
RCVZ vIF2α,PKR-E269V,0.8321221338439994,0.4541051622242581,0.09269382808443428,24,5603.0,269.0,Region 1,Variant,E,V,Negative Charge,Non-Polar,,,Vertebrate Positive Selection,,,Vertebrate Positive Selection,,
RCVZ vIF2α,PKR-E271A,1.0568000317393922,0.47653386048173246,0.12735903136566978,14,4134.0,271.0,Region 1,Variant,E,A,Negative Charge,Non-Polar,,,Vertebrate Positive Selection,,,Vertebrate Positive Selection,,
RCVZ vIF2α,PKR-E271D,1.3087648019132352,0.6733326074283214,0.0884129028095488,58,14055.0,271.0,Region 1,Variant,E,D,Negative Charge,Negative Charge,,,Vertebrate Positive Selection,,,Vertebrate Positive Selection,,
RCVZ vIF2α,PKR-E271G,0.9903286627225973,0.48130709183541276,0.09095849066058775,28,6865.0,271.0,Region 1,Variant,E,G,Negative Charge,Unique,,,Vertebrate Positive Selection,,,Vertebrate Positive Selection,,
RCVZ vIF2α,PKR-E271K,1.6643879427554,0.6610028359458072,0.11684989692020481,32,6871.0,271.0,Region 1,Variant,E,K,Negative Charge,Positive Charge,,,Vertebrate Positive Selection,,,Vertebrate Positive Selection,,
RCVZ vIF2α,PKR-E271Q,1.48240185345391,0.6450017491374622,0.1060376343683829,37,8867.0,271.0,Region 1,Variant,E,Q,Negative Charge,Polar-Neutral,,,Vertebrate Positive Selection,,,Vertebrate Positive Selection,,
RCVZ vIF2α,PKR-E271V,1.208977627842503,0.5803817071399621,0.09953464161709741,34,7831.0,271.0,Region 1,Variant,E,V,Negative Charge,Non-Polar,,,Vertebrate Positive Selection,,,Vertebrate Positive Selection,,
RCVZ vIF2α,PKR-E375A,0.34677640179491626,0.7074290058892104,0.150824370826317,22,3649.0,375.0,Region 2,Variant,E,A,Negative Charge,Non-Polar,,,Vertebrate Positive Selection,,,Vertebrate Positive Selection,,
RCVZ vIF2α,PKR-E375D,2.1444271732542357,0.7310055029803082,0.07663019843345362,91,14740.0,375.0,Region 2,Variant,E,D,Negative Charge,Negative Charge,,,Vertebrate Positive Selection,,,Vertebrate Positive Selection,,
RCVZ vIF2α,PKR-E375G,0.33682024718552667,0.8264207399926534,0.17619349377756738,22,3016.0,375.0,Region 2,Variant,E,G,Negative Charge,Unique,,,Vertebrate Positive Selection,,,Vertebrate Positive Selection,,
RCVZ vIF2α,PKR-E375K,2.7835969209845155,0.6834486670287152,0.10076900839817071,46,7728.0,375.0,Region 2,Variant,E,K,Negative Charge,Positive Charge,,,Vertebrate Positive Selection,,,Vertebrate Positive Selection,,
RCVZ vIF2α,PKR-E375Q,-0.18417695051872868,0.6113844179315322,0.09216966895221483,44,7140.0,375.0,Region 2,Variant,E,Q,Negative Charge,Polar-Neutral,,,Vertebrate Positive Selection,,,Vertebrate Positive Selection,,
RCVZ vIF2α,PKR-E375V,2.1494716973890577,0.7518906033381648,0.10741294333402354,49,7764.0,375.0,Region 2,Variant,E,V,Negative Charge,Non-Polar,,,Vertebrate Positive Selection,,,Vertebrate Positive Selection,,
RCVZ vIF2α,PKR-E379A,1.2719163061348933,1.1704219596495509,0.32461664534196155,13,1547.0,379.0,Region 2,Variant,E,A,Negative Charge,Non-Polar,,,Vertebrate Positive Selection,,,Vertebrate Positive Selection,,
RCVZ vIF2α,PKR-E379D,-0.9536493448148207,0.6927943315109608,0.07999699875818,75,9815.0,379.0,Region 2,Variant,E,D,Negative Charge,Negative Charge,,,Vertebrate Positive Selection,,,Vertebrate Positive Selection,,
RCVZ vIF2α,PKR-E379G,2.6877867409079683,0.5681980198560668,0.1184774771786779,23,3021.0,379.0,Region 2,Variant,E,G,Negative Charge,Unique,,,Vertebrate Positive Selection,,,Vertebrate Positive Selection,,
RCVZ vIF2α,PKR-E379K,4.07386189633987,1.0736100357218976,0.16566162506480997,42,5871.0,379.0,Region 2,Variant,E,K,Negative Charge,Positive Charge,,,Vertebrate Positive Selection,,,Vertebrate Positive Selection,,
RCVZ vIF2α,PKR-E379Q,2.44940854468724,1.2026707236102343,0.18340556593143986,43,6468.0,379.0,Region 2,Variant,E,Q,Negative Charge,Polar-Neutral,,,Vertebrate Positive Selection,,,Vertebrate Positive Selection,,
RCVZ vIF2α,PKR-E379V,1.881258609639016,0.8805145828459828,0.16640161514116072,28,3658.0,379.0,Region 2,Variant,E,V,Negative Charge,Non-Polar,,,Vertebrate Positive Selection,,,Vertebrate Positive Selection,,
RCVZ vIF2α,PKR-E384A,0.10102050650197353,1.2897466356667682,0.3039961973641691,18,2033.0,384.0,Region 2,Variant,E,A,Negative Charge,Non-Polar,,,,,,,,
RCVZ vIF2α,PKR-E384D,0.8215256299822465,1.4355853584681495,0.16802255725308057,73,8168.0,384.0,Region 2,Variant,E,D,Negative Charge,Negative Charge,,,,,,,,
RCVZ vIF2α,PKR-E384G,1.947726521667795,1.2271516865875964,0.26778645204668505,21,2137.0,384.0,Region 2,Variant,E,G,Negative Charge,Unique,,,,,,,,
RCVZ vIF2α,PKR-E384K,0.4724976227182712,1.756113475463249,0.31043993675828474,32,3404.0,384.0,Region 2,Variant,E,K,Negative Charge,Positive Charge,,,,,,,,
RCVZ vIF2α,PKR-E384Q,0.0314314064997238,1.2477871604591366,0.20796452674318944,36,3974.0,384.0,Region 2,Variant,E,Q,Negative Charge,Polar-Neutral,,,,,,,,
RCVZ vIF2α,PKR-E384V,1.832616338869447,1.3944423470699598,0.24650490989671345,32,3247.0,384.0,Region 2,Variant,E,V,Negative Charge,Non-Polar,,,,,,,,
RCVZ vIF2α,PKR-E480*,-4.070721595841106,0.49085825344739414,0.08297018827393474,35,5841.0,480.0,Region 4,Nonsense,E,*,Negative Charge,Stop,Conserved Kinase Residue,,,Conserved PKR Residue,,Conserved PKR Residue,Conserved PKR Residue,Conserved PKR Residue
RCVZ vIF2α,PKR-E480A,3.4456741153547714,0.60247171935206,0.11815442512938269,26,4949.0,480.0,Region 4,Variant,E,A,Negative Charge,Non-Polar,Conserved Kinase Residue,,,Conserved PKR Residue,,Conserved PKR Residue,Conserved PKR Residue,Conserved PKR Residue
RCVZ vIF2α,PKR-E480D,2.322661738882154,0.8574794061911242,0.09709042388821551,78,11829.0,480.0,Region 4,Variant,E,D,Negative Charge,Negative Charge,Conserved Kinase Residue,,,Conserved PKR Residue,,Conserved PKR Residue,Conserved PKR Residue,Conserved PKR Residue
RCVZ vIF2α,PKR-E480G,4.6915874448333135,0.6714967167121696,0.13169134083957074,26,4695.0,480.0,Region 4,Variant,E,G,Negative Charge,Unique,Conserved Kinase Residue,,,Conserved PKR Residue,,Conserved PKR Residue,Conserved PKR Residue,Conserved PKR Residue
RCVZ vIF2α,PKR-E480K,0.9723884316335032,0.49126131668471557,0.08684355209059859,32,6240.0,480.0,Region 4,Variant,E,K,Negative Charge,Positive Charge,Conserved Kinase Residue,,,Conserved PKR Residue,,Conserved PKR Residue,Conserved PKR Residue,Conserved PKR Residue
RCVZ vIF2α,PKR-E480Q,5.449020436789953,0.9738544876636301,0.1695263064544218,33,4691.0,480.0,Region 4,Variant,E,Q,Negative Charge,Polar-Neutral,Conserved Kinase Residue,,,Conserved PKR Residue,,Conserved PKR Residue,Conserved PKR Residue,Conserved PKR Residue
RCVZ vIF2α,PKR-E480V,3.297646442159444,0.6827656566956604,0.13139831189555704,27,5067.0,480.0,Region 4,Variant,E,V,Negative Charge,Non-Polar,Conserved Kinase Residue,,,Conserved PKR Residue,,Conserved PKR Residue,Conserved PKR Residue,Conserved PKR Residue
RCVZ vIF2α,PKR-E490A,6.262129754278824,0.7352200911169974,0.2599395560467101,8,2649.0,490.0,Region 4,Variant,E,A,Negative Charge,Non-Polar,Conserved Kinase Residue,,,Conserved PKR Residue,,Conserved PKR Residue,Conserved PKR Residue,Conserved PKR Residue
RCVZ vIF2α,PKR-E490D,5.55500032678573,0.48017642228979945,0.061990509558995106,60,17827.0,490.0,Region 4,Variant,E,D,Negative Charge,Negative Charge,Conserved Kinase Residue,,,Conserved PKR Residue,,Conserved PKR Residue,Conserved PKR Residue,Conserved PKR Residue
RCVZ vIF2α,PKR-E490G,4.636581404631589,0.6669790091312351,0.13907473727736783,23,7194.0,490.0,Region 4,Variant,E,G,Negative Charge,Unique,Conserved Kinase Residue,,,Conserved PKR Residue,,Conserved PKR Residue,Conserved PKR Residue,Conserved PKR Residue
RCVZ vIF2α,PKR-E490K,3.1665969843404507,0.40903244686033874,0.08180648937206775,25,7640.0,490.0,Region 4,Variant,E,K,Negative Charge,Positive Charge,Conserved Kinase Residue,,,Conserved PKR Residue,,Conserved PKR Residue,Conserved PKR Residue,Conserved PKR Residue
RCVZ vIF2α,PKR-E490Q,5.974803511598904,0.6176702669334754,0.15441756673336884,16,5100.0,490.0,Region 4,Variant,E,Q,Negative Charge,Polar-Neutral,Conserved Kinase Residue,,,Conserved PKR Residue,,Conserved PKR Residue,Conserved PKR Residue,Conserved PKR Residue
RCVZ vIF2α,PKR-E490V,2.24930135456465,0.48836073023765564,0.08916206271695308,30,8230.0,490.0,Region 4,Variant,E,V,Negative Charge,Non-Polar,Conserved Kinase Residue,,,Conserved PKR Residue,,Conserved PKR Residue,Conserved PKR Residue,Conserved PKR Residue
RCVZ vIF2α,PKR-F263C,0.9162371465595265,0.7467842108515786,0.19281885412258748,15,2904.0,263.0,Region 1,Variant,F,C,Aromatic,Polar-Neutral,Conserved Kinase Residue,,,Conserved PKR Residue,,Conserved PKR Residue,Conserved PKR Residue,Conserved PKR Residue
RCVZ vIF2α,PKR-F263I,1.8829935376166917,0.603945314832341,0.10847178067811827,31,6911.0,263.0,Region 1,Variant,F,I,Aromatic,Non-Polar,Conserved Kinase Residue,,,Conserved PKR Residue,,Conserved PKR Residue,Conserved PKR Residue,Conserved PKR Residue
RCVZ vIF2α,PKR-F263L,2.208689250489892,0.554677762367803,0.07548208274832546,54,12684.0,263.0,Region 1,Variant,F,L,Aromatic,Non-Polar,Conserved Kinase Residue,,,Conserved PKR Residue,,Conserved PKR Residue,Conserved PKR Residue,Conserved PKR Residue
RCVZ vIF2α,PKR-F263S,-0.40077906169080857,0.6676419231007502,0.18517055287608775,13,3091.0,263.0,Region 1,Variant,F,S,Aromatic,Polar-Neutral,Conserved Kinase Residue,,,Conserved PKR Residue,,Conserved PKR Residue,Conserved PKR Residue,Conserved PKR Residue
RCVZ vIF2α,PKR-F263V,1.3054208363035875,0.6084901975872568,0.12973054602097006,22,5927.0,263.0,Region 1,Variant,F,V,Aromatic,Non-Polar,Conserved Kinase Residue,,,Conserved PKR Residue,,Conserved PKR Residue,Conserved PKR Residue,Conserved PKR Residue
RCVZ vIF2α,PKR-F263Y,0.3776650906935642,0.5960775087849749,0.16532215554423565,13,3441.0,263.0,Region 1,Variant,F,Y,Aromatic,Aromatic,Conserved Kinase Residue,,,Conserved PKR Residue,,Conserved PKR Residue,Conserved PKR Residue,Conserved PKR Residue
RCVZ vIF2α,PKR-F267C,-1.6506801804680369,0.5737236174796273,0.09431958170681691,37,9969.0,267.0,Region 1,Variant,F,C,Aromatic,Polar-Neutral,Conserved Kinase Residue,,,Conserved PKR Residue,,Conserved PKR Residue,Conserved PKR Residue,Conserved PKR Residue
RCVZ vIF2α,PKR-F267I,-3.8215684054156913,0.6417534029150594,0.12835068058301188,25,5895.0,267.0,Region 1,Variant,F,I,Aromatic,Non-Polar,Conserved Kinase Residue,,,Conserved PKR Residue,,Conserved PKR Residue,Conserved PKR Residue,Conserved PKR Residue
RCVZ vIF2α,PKR-F267L,-1.075213785917595,0.46190291950286966,0.054435781105057195,72,19706.0,267.0,Region 1,Variant,F,L,Aromatic,Non-Polar,Conserved Kinase Residue,,,Conserved PKR Residue,,Conserved PKR Residue,Conserved PKR Residue,Conserved PKR Residue
RCVZ vIF2α,PKR-F267S,-3.8164479654760126,0.5752730618475146,0.13559316102210858,18,4179.0,267.0,Region 1,Variant,F,S,Aromatic,Polar-Neutral,Conserved Kinase Residue,,,Conserved PKR Residue,,Conserved PKR Residue,Conserved PKR Residue,Conserved PKR Residue
RCVZ vIF2α,PKR-F267V,-3.8891488383596955,0.4728467445799509,0.08231205292276042,33,8411.0,267.0,Region 1,Variant,F,V,Aromatic,Non-Polar,Conserved Kinase Residue,,,Conserved PKR Residue,,Conserved PKR Residue,Conserved PKR Residue,Conserved PKR Residue
RCVZ vIF2α,PKR-F267Y,1.1344367793806884,0.4244981233336657,0.10295591766948098,17,5072.0,267.0,Region 1,Variant,F,Y,Aromatic,Aromatic,Conserved Kinase Residue,,,Conserved PKR Residue,,Conserved PKR Residue,Conserved PKR Residue,Conserved PKR Residue
RCVZ vIF2α,PKR-F278C,-3.718085937464106,0.44478858813382616,0.05241883781063648,72,10335.0,278.0,Region 1,Variant,F,C,Aromatic,Polar-Neutral,Conserved Kinase Residue,,,Conserved PKR Residue,,Conserved PKR Residue,Conserved PKR Residue,Conserved PKR Residue
RCVZ vIF2α,PKR-F278I,-3.799921561658457,0.4191608457885235,0.05159513346826751,66,8813.0,278.0,Region 1,Variant,F,I,Aromatic,Non-Polar,Conserved Kinase Residue,,,Conserved PKR Residue,,Conserved PKR Residue,Conserved PKR Residue,Conserved PKR Residue
RCVZ vIF2α,PKR-F278L,-2.219454655157014,0.5927669467304529,0.04671657991928486,161,23598.0,278.0,Region 1,Variant,F,L,Aromatic,Non-Polar,Conserved Kinase Residue,,,Conserved PKR Residue,,Conserved PKR Residue,Conserved PKR Residue,Conserved PKR Residue
RCVZ vIF2α,PKR-F278S,-3.66009843020674,0.5663249917361879,0.08537670486318444,44,6002.0,278.0,Region 1,Variant,F,S,Aromatic,Polar-Neutral,Conserved Kinase Residue,,,Conserved PKR Residue,,Conserved PKR Residue,Conserved PKR Residue,Conserved PKR Residue
RCVZ vIF2α,PKR-F278V,-3.726019603757369,0.5555424323795413,0.0576070666750628,93,13898.0,278.0,Region 1,Variant,F,V,Aromatic,Non-Polar,Conserved Kinase Residue,,,Conserved PKR Residue,,Conserved PKR Residue,Conserved PKR Residue,Conserved PKR Residue
RCVZ vIF2α,PKR-F278Y,1.2321648331505248,0.7917709201614763,0.11087010506146466,51,6668.0,278.0,Region 1,Variant,F,Y,Aromatic,Aromatic,Conserved Kinase Residue,,,Conserved PKR Residue,,Conserved PKR Residue,Conserved PKR Residue,Conserved PKR Residue
RCVZ vIF2α,PKR-F489C,4.0462054216077945,0.7104468963987747,0.15886075547514106,20,5506.0,489.0,Region 4,Variant,F,C,Aromatic,Polar-Neutral,,Primate Positive Selection,,,Primate Positive Selection,,Primate Positive Selection,Primate Positive Selection
RCVZ vIF2α,PKR-F489I,6.678648460053016,0.6897275662628318,0.13794551325256638,25,5328.0,489.0,Region 4,Variant,F,I,Aromatic,Non-Polar,,Primate Positive Selection,,,Primate Positive Selection,,Primate Positive Selection,Primate Positive Selection
RCVZ vIF2α,PKR-F489L,5.470222671964537,0.6471067839884536,0.08647328136935452,56,14268.0,489.0,Region 4,Variant,F,L,Aromatic,Non-Polar,,Primate Positive Selection,,,Primate Positive Selection,,Primate Positive Selection,Primate Positive Selection
RCVZ vIF2α,PKR-F489S,6.420208864433415,1.0834759779075285,0.24227259385892938,20,5977.0,489.0,Region 4,Variant,F,S,Aromatic,Polar-Neutral,,Primate Positive Selection,,,Primate Positive Selection,,Primate Positive Selection,Primate Positive Selection
RCVZ vIF2α,PKR-F489V,6.266304197382909,0.5269978239020006,0.1053995647804001,25,6240.0,489.0,Region 4,Variant,F,V,Aromatic,Non-Polar,,Primate Positive Selection,,,Primate Positive Selection,,Primate Positive Selection,Primate Positive Selection
RCVZ vIF2α,PKR-F489Y,0.8210151804428772,0.40902741206076954,0.12332640497960559,11,3877.0,489.0,Region 4,Variant,F,Y,Aromatic,Aromatic,,Primate Positive Selection,,,Primate Positive Selection,,Primate Positive Selection,Primate Positive Selection
RCVZ vIF2α,PKR-F494C,3.77982946958547,0.665663259354568,0.10659142877632388,39,5106.0,494.0,Region 4,Variant,F,C,Aromatic,Polar-Neutral,,,,,,,,
RCVZ vIF2α,PKR-F494I,3.1300705186764124,1.0248697385491794,0.15450492644351208,44,6321.0,494.0,Region 4,Variant,F,I,Aromatic,Non-Polar,,,,,,,,
RCVZ vIF2α,PKR-F494L,4.331419995128406,0.7488172994560456,0.10006492070906527,56,9296.0,494.0,Region 4,Variant,F,L,Aromatic,Non-Polar,,,,,,,,
RCVZ vIF2α,PKR-F494S,3.2652772178358322,0.7088838802861507,0.1511345510899521,22,3175.0,494.0,Region 4,Variant,F,S,Aromatic,Polar-Neutral,,,,,,,,
RCVZ vIF2α,PKR-F494V,1.955308647417409,1.0340673057682945,0.13696556058731785,57,7968.0,494.0,Region 4,Variant,F,V,Aromatic,Non-Polar,,,,,,,,
RCVZ vIF2α,PKR-F494Y,0.8208794211302777,0.9015945812913257,0.15938091057803558,32,4375.0,494.0,Region 4,Variant,F,Y,Aromatic,Aromatic,,,,,,,,
RCVZ vIF2α,PKR-F495C,3.2549169544354237,0.7034162026069872,0.1085394764798717,42,6723.0,495.0,Region 4,Variant,F,C,Aromatic,Polar-Neutral,Conserved Kinase Residue,,,,,,,
RCVZ vIF2α,PKR-F495I,2.1592150733354667,0.8817576562943169,0.13292996827051853,44,6836.0,495.0,Region 4,Variant,F,I,Aromatic,Non-Polar,Conserved Kinase Residue,,,,,,,
RCVZ vIF2α,PKR-F495L,2.899263964741805,1.0908106032503084,0.1049632992369106,108,17966.0,495.0,Region 4,Variant,F,L,Aromatic,Non-Polar,Conserved Kinase Residue,,,,,,,
RCVZ vIF2α,PKR-F495S,5.0781439797995755,0.7451171299808953,0.1461294917571091,26,4226.0,495.0,Region 4,Variant,F,S,Aromatic,Polar-Neutral,Conserved Kinase Residue,,,,,,,
RCVZ vIF2α,PKR-F495V,0.8013019189032288,0.5876596210443826,0.09794327017406378,36,6230.0,495.0,Region 4,Variant,F,V,Aromatic,Non-Polar,Conserved Kinase Residue,,,,,,,
RCVZ vIF2α,PKR-F495Y,5.840720256115404,0.6523055281522964,0.12792763911050026,26,4375.0,495.0,Region 4,Variant,F,Y,Aromatic,Aromatic,Conserved Kinase Residue,,,,,,,
RCVZ vIF2α,PKR-G264A,1.6670700814474677,0.753450630300992,0.188362657575248,16,2751.0,264.0,Region 1,Variant,G,A,Unique,Non-Polar,,,,,,,,
RCVZ vIF2α,PKR-G264C,2.335093274555035,0.7545249636473881,0.16086526275781404,22,5675.0,264.0,Region 1,Variant,G,C,Unique,Polar-Neutral,,,,,,,,
RCVZ vIF2α,PKR-G264D,1.1094947910036244,0.5619677449781744,0.11981192579809377,22,5780.0,264.0,Region 1,Variant,G,D,Unique,Negative Charge,,,,,,,,
RCVZ vIF2α,PKR-G264R,1.4462907037838255,0.5969557114046492,0.1334833550257542,20,4151.0,264.0,Region 1,Variant,G,R,Unique,Positive Charge,,,,,,,,
RCVZ vIF2α,PKR-G264S,1.662730532743793,0.722605842853001,0.15406008333900947,22,4349.0,264.0,Region 1,Variant,G,S,Unique,Polar-Neutral,,,,,,,,
RCVZ vIF2α,PKR-G264V,2.1697040611291385,0.5643331363976424,0.15082437488596748,14,3156.0,264.0,Region 1,Variant,G,V,Unique,Non-Polar,,,,,,,,
RCVZ vIF2α,PKR-G274A,-0.8641295659503304,1.592848130794808,0.48026178162412003,11,2741.0,274.0,Region 1,Variant,G,A,Unique,Non-Polar,Conserved Kinase Residue,,,,,,,
RCVZ vIF2α,PKR-G274C,-1.1844417224768315,0.6273678415535883,0.14028371406111406,20,4591.0,274.0,Region 1,Variant,G,C,Unique,Polar-Neutral,Conserved Kinase Residue,,,,,,,
RCVZ vIF2α,PKR-G274D,4.235047943921789,0.7018750627101619,0.13507591879773248,27,6280.0,274.0,Region 1,Variant,G,D,Unique,Negative Charge,Conserved Kinase Residue,,,,,,,
RCVZ vIF2α,PKR-G274R,-1.721460376636608,0.4354927134026603,0.1163903234278065,14,3767.0,274.0,Region 1,Variant,G,R,Unique,Positive Charge,Conserved Kinase Residue,,,,,,,
RCVZ vIF2α,PKR-G274S,2.440559867883279,0.6180043451123142,0.11476052586051866,29,7825.0,274.0,Region 1,Variant,G,S,Unique,Polar-Neutral,Conserved Kinase Residue,,,,,,,
RCVZ vIF2α,PKR-G274V,-2.345523017941645,0.2651215155668161,0.057854257783159425,21,5783.0,274.0,Region 1,Variant,G,V,Unique,Non-Polar,Conserved Kinase Residue,,,,,,,
RCVZ vIF2α,PKR-G276A,1.4525641625379326,0.6881374734256056,0.13004575875060506,28,4300.0,276.0,Region 1,Variant,G,A,Unique,Non-Polar,Conserved Kinase Residue,,,Conserved PKR Residue,,Conserved PKR Residue,Conserved PKR Residue,Conserved PKR Residue
RCVZ vIF2α,PKR-G276C,-3.2654234608150556,0.5409700402816985,0.06465828689374654,70,10412.0,276.0,Region 1,Variant,G,C,Unique,Polar-Neutral,Conserved Kinase Residue,,,Conserved PKR Residue,,Conserved PKR Residue,Conserved PKR Residue,Conserved PKR Residue
RCVZ vIF2α,PKR-G276D,-3.9042805498581856,0.6233588646443939,0.09190925038966519,46,6405.0,276.0,Region 1,Variant,G,D,Unique,Negative Charge,Conserved Kinase Residue,,,Conserved PKR Residue,,Conserved PKR Residue,Conserved PKR Residue,Conserved PKR Residue
RCVZ vIF2α,PKR-G276R,-3.8648039233107836,0.4610443859129995,0.07579523014691746,37,5009.0,276.0,Region 1,Variant,G,R,Unique,Positive Charge,Conserved Kinase Residue,,,Conserved PKR Residue,,Conserved PKR Residue,Conserved PKR Residue,Conserved PKR Residue
RCVZ vIF2α,PKR-G276S,-3.9327200302192775,0.4565562970986156,0.05798270771426089,62,9129.0,276.0,Region 1,Variant,G,S,Unique,Polar-Neutral,Conserved Kinase Residue,,,Conserved PKR Residue,,Conserved PKR Residue,Conserved PKR Residue,Conserved PKR Residue
RCVZ vIF2α,PKR-G276V,-3.943991312774212,0.5224380978911699,0.07244912885394185,52,7439.0,276.0,Region 1,Variant,G,V,Unique,Non-Polar,Conserved Kinase Residue,,,Conserved PKR Residue,,Conserved PKR Residue,Conserved PKR Residue,Conserved PKR Residue
RCVZ vIF2α,PKR-G277A,-1.479096086046425,0.658614314960464,0.09710738294938834,46,6367.0,277.0,Region 1,Variant,G,A,Unique,Non-Polar,,,,Conserved PKR Residue,,Conserved PKR Residue,Conserved PKR Residue,Conserved PKR Residue
RCVZ vIF2α,PKR-G277E,-3.8473377821259294,0.6372653752356584,0.09607137007007822,44,5941.0,277.0,Region 1,Variant,G,E,Unique,Negative Charge,,,,Conserved PKR Residue,,Conserved PKR Residue,Conserved PKR Residue,Conserved PKR Residue
RCVZ vIF2α,PKR-G277R,-3.9623352537011565,0.5187019610612331,0.041798195170814026,154,22237.0,277.0,Region 1,Variant,G,R,Unique,Positive Charge,,,,Conserved PKR Residue,,Conserved PKR Residue,Conserved PKR Residue,Conserved PKR Residue
RCVZ vIF2α,PKR-G277V,-3.9599679881967975,0.5472812889637109,0.07517486649062076,53,7667.0,277.0,Region 1,Variant,G,V,Unique,Non-Polar,,,,Conserved PKR Residue,,Conserved PKR Residue,Conserved PKR Residue,Conserved PKR Residue
RCVZ vIF2α,PKR-G372A,2.9388251892024484,0.6625688276113736,0.1445843716974889,21,3680.0,372.0,Region 2,Variant,G,A,Unique,Non-Polar,,,,,,,,
RCVZ vIF2α,PKR-G372E,3.8285051831467296,1.0295900957359507,0.18491984010843152,31,5253.0,372.0,Region 2,Variant,G,E,Unique,Negative Charge,,,,,,,,
RCVZ vIF2α,PKR-G372R,2.1831360098346706,0.6079608249417507,0.0949475291120535,41,6159.0,372.0,Region 2,Variant,G,R,Unique,Positive Charge,,,,,,,,
RCVZ vIF2α,PKR-G372V,1.2954399196220316,0.5211543758677144,0.10220678200552864,26,4048.0,372.0,Region 2,Variant,G,V,Unique,Non-Polar,,,,,,,,
RCVZ vIF2α,PKR-G372W,2.989674033811556,0.6943432522158843,0.10978530774854747,40,6017.0,372.0,Region 2,Variant,G,W,Unique,Aromatic,,,,,,,,
RCVZ vIF2α,PKR-G383A,3.0028114429679498,1.756273666809235,0.40291681214858305,19,2005.0,383.0,Region 2,Variant,G,A,Unique,Non-Polar,,,,,,,,
RCVZ vIF2α,PKR-G383C,3.8192008031535547,1.1760826380058713,0.23521652760117426,25,3005.0,383.0,Region 2,Variant,G,C,Unique,Polar-Neutral,,,,,,,,
RCVZ vIF2α,PKR-G383D,1.6058711277664277,1.5086055538657117,0.33733445696774517,20,2115.0,383.0,Region 2,Variant,G,D,Unique,Negative Charge,,,,,,,,
RCVZ vIF2α,PKR-G383R,4.941042132188193,1.2271962947956327,0.2815381385737743,19,2280.0,383.0,Region 2,Variant,G,R,Unique,Positive Charge,,,,,,,,
RCVZ vIF2α,PKR-G383S,3.4117344971985313,1.3485126568663501,0.28118432649503616,23,2505.0,383.0,Region 2,Variant,G,S,Unique,Polar-Neutral,,,,,,,,
RCVZ vIF2α,PKR-G383V,3.8268386471719498,1.5627023009589083,0.2680012336133958,34,3453.0,383.0,Region 2,Variant,G,V,Unique,Non-Polar,,,,,,,,
RCVZ vIF2α,PKR-G450A,-3.941832101691716,0.5500654996246676,0.09879468019459726,31,5070.0,450.0,Region 3,Variant,G,A,Unique,Non-Polar,Conserved Kinase Residue,,,Conserved PKR Residue,,Conserved PKR Residue,Conserved PKR Residue,Conserved PKR Residue
RCVZ vIF2α,PKR-G450E,-4.070196942530104,0.4691204017789091,0.08865542271812116,28,4315.0,450.0,Region 3,Variant,G,E,Unique,Negative Charge,Conserved Kinase Residue,,,Conserved PKR Residue,,Conserved PKR Residue,Conserved PKR Residue,Conserved PKR Residue
RCVZ vIF2α,PKR-G450R,-4.0395878325616135,0.45812061361349166,0.03972409513087659,133,22098.0,450.0,Region 3,Variant,G,R,Unique,Positive Charge,Conserved Kinase Residue,,,Conserved PKR Residue,,Conserved PKR Residue,Conserved PKR Residue,Conserved PKR Residue
RCVZ vIF2α,PKR-G450V,-3.9412079373559634,0.5136634491095963,0.08332721469748783,38,6425.0,450.0,Region 3,Variant,G,V,Unique,Non-Polar,Conserved Kinase Residue,,,Conserved PKR Residue,,Conserved PKR Residue,Conserved PKR Residue,Conserved PKR Residue
RCVZ vIF2α,PKR-G501A,1.574213840764405,0.4960646851130332,0.14956913020597556,11,3015.0,501.0,Region 4,Variant,G,A,Unique,Non-Polar,,,,,,,,
RCVZ vIF2α,PKR-G501C,1.6750955392923579,0.39977590233042487,0.08523250875855713,22,5915.0,501.0,Region 4,Variant,G,C,Unique,Polar-Neutral,,,,,,,,
RCVZ vIF2α,PKR-G501D,1.4278903008859674,0.41034155047354065,0.10594973274939687,15,4890.0,501.0,Region 4,Variant,G,D,Unique,Negative Charge,,,,,,,,
RCVZ vIF2α,PKR-G501R,1.341846299622828,0.39552596014377917,0.10969916385196324,13,3117.0,501.0,Region 4,Variant,G,R,Unique,Positive Charge,,,,,,,,
RCVZ vIF2α,PKR-G501S,1.580353992828179,0.6643933087091022,0.16113904639771942,17,4413.0,501.0,Region 4,Variant,G,S,Unique,Polar-Neutral,,,,,,,,
RCVZ vIF2α,PKR-G501V,1.914228686695666,0.4796003459852231,0.08905954843755709,29,8927.0,501.0,Region 4,Variant,G,V,Unique,Non-Polar,,,,,,,,
RCVZ vIF2α,PKR-H483D,4.630521202893176,0.7075382955797156,0.12507628168839718,32,5242.0,483.0,Region 4,Variant,H,D,Positive Charge,Negative Charge,,,Vertebrate Positive Selection,,,Vertebrate Positive Selection,,
RCVZ vIF2α,PKR-H483L,3.714360790032396,0.5936892284031212,0.10334802924656225,33,5472.0,483.0,Region 4,Variant,H,L,Positive Charge,Non-Polar,,,Vertebrate Positive Selection,,,Vertebrate Positive Selection,,
RCVZ vIF2α,PKR-H483N,1.6341507146698535,0.808317069275084,0.16166341385501679,25,4398.0,483.0,Region 4,Variant,H,N,Positive Charge,Polar-Neutral,,,Vertebrate Positive Selection,,,Vertebrate Positive Selection,,
RCVZ vIF2α,PKR-H483P,3.512918979282162,0.6235502773027277,0.11199293588383566,31,5191.0,483.0,Region 4,Variant,H,P,Positive Charge,Unique,,,Vertebrate Positive Selection,,,Vertebrate Positive Selection,,
RCVZ vIF2α,PKR-H483R,1.9952860991986414,0.7086132360967341,0.1293744846523051,30,4885.0,483.0,Region 4,Variant,H,R,Positive Charge,Positive Charge,,,Vertebrate Positive Selection,,,Vertebrate Positive Selection,,
RCVZ vIF2α,PKR-H483Y,-0.858541013097568,0.7324568915671213,0.12207614859452022,36,5917.0,483.0,Region 4,Variant,H,Y,Positive Charge,Aromatic,,,Vertebrate Positive Selection,,,Vertebrate Positive Selection,,
RCVZ vIF2α,PKR-I270K,1.3192186038550076,0.639284893642756,0.14294844791739256,20,4571.0,270.0,Region 1,Variant,I,K,Non-Polar,Positive Charge,,,Vertebrate Positive Selection,,,Vertebrate Positive Selection,,
RCVZ vIF2α,PKR-I270L,1.109022869773183,0.5682374470260817,0.09218028619628738,38,8692.0,270.0,Region 1,Variant,I,L,Non-Polar,Non-Polar,,,Vertebrate Positive Selection,,,Vertebrate Positive Selection,,
RCVZ vIF2α,PKR-I270M,1.44692415608219,0.6612761829508348,0.07903762125342823,70,16160.0,270.0,Region 1,Variant,I,M,Non-Polar,Non-Polar,,,Vertebrate Positive Selection,,,Vertebrate Positive Selection,,
RCVZ vIF2α,PKR-I270R,1.0977516948171109,0.44871158630234714,0.07695340218790328,34,8998.0,270.0,Region 1,Variant,I,R,Non-Polar,Positive Charge,,,Vertebrate Positive Selection,,,Vertebrate Positive Selection,,
RCVZ vIF2α,PKR-I270T,1.4887862202704023,0.5159841462148299,0.13322653367980594,15,3735.0,270.0,Region 1,Variant,I,T,Non-Polar,Polar-Neutral,,,Vertebrate Positive Selection,,,Vertebrate Positive Selection,,
RCVZ vIF2α,PKR-I270V,1.4040156395967407,0.539792772280088,0.09855222591868452,30,7929.0,270.0,Region 1,Variant,I,V,Non-Polar,Non-Polar,,,Vertebrate Positive Selection,,,Vertebrate Positive Selection,,
RCVZ vIF2α,PKR-I273F,0.799003921857278,0.7324444016441664,0.12380570048032993,35,8737.0,273.0,Region 1,Variant,I,F,Non-Polar,Aromatic,Conserved Kinase Residue,,,,,,,
RCVZ vIF2α,PKR-I273L,3.2163016734654706,0.47072476613452124,0.12154061199242545,15,3884.0,273.0,Region 1,Variant,I,L,Non-Polar,Non-Polar,Conserved Kinase Residue,,,,,,,
RCVZ vIF2α,PKR-I273M,3.6281646325375894,0.6282214077363044,0.08320995819476872,57,14284.0,273.0,Region 1,Variant,I,M,Non-Polar,Non-Polar,Conserved Kinase Residue,,,,,,,
RCVZ vIF2α,PKR-I273N,1.4287590306315483,0.5540910081802329,0.09502582394309624,34,7949.0,273.0,Region 1,Variant,I,N,Non-Polar,Polar-Neutral,Conserved Kinase Residue,,,,,,,
RCVZ vIF2α,PKR-I273S,1.7941869557791386,0.6721321512153782,0.15419769072907535,19,4678.0,273.0,Region 1,Variant,I,S,Non-Polar,Polar-Neutral,Conserved Kinase Residue,,,,,,,
RCVZ vIF2α,PKR-I273T,2.31773333796152,0.5267614322327508,0.1316903580581877,16,4229.0,273.0,Region 1,Variant,I,T,Non-Polar,Polar-Neutral,Conserved Kinase Residue,,,,,,,
RCVZ vIF2α,PKR-I273V,0.4964320314776628,0.5987834875958216,0.12485498806309443,23,4934.0,273.0,Region 1,Variant,I,V,Non-Polar,Non-Polar,Conserved Kinase Residue,,,,,,,
RCVZ vIF2α,PKR-I378F,1.2271402668674802,1.2513821865546022,0.21461027446665332,34,5103.0,378.0,Region 2,Variant,I,F,Non-Polar,Aromatic,,,Vertebrate Positive Selection,,,Vertebrate Positive Selection,,
RCVZ vIF2α,PKR-I378L,-0.29386782722356297,0.7635415855049218,0.17996847760948612,18,2219.0,378.0,Region 2,Variant,I,L,Non-Polar,Non-Polar,,,Vertebrate Positive Selection,,,Vertebrate Positive Selection,,
RCVZ vIF2α,PKR-I378M,2.454338680928945,0.7729237647676931,0.0769087891140972,101,14173.0,378.0,Region 2,Variant,I,M,Non-Polar,Non-Polar,,,Vertebrate Positive Selection,,,Vertebrate Positive Selection,,
RCVZ vIF2α,PKR-I378N,2.8110895627001065,1.0843244694226881,0.2168648938845376,25,2730.0,378.0,Region 2,Variant,I,N,Non-Polar,Polar-Neutral,,,Vertebrate Positive Selection,,,Vertebrate Positive Selection,,
RCVZ vIF2α,PKR-I378S,3.438847780853732,0.7402198929217485,0.1351450442891001,30,4474.0,378.0,Region 2,Variant,I,S,Non-Polar,Polar-Neutral,,,Vertebrate Positive Selection,,,Vertebrate Positive Selection,,
RCVZ vIF2α,PKR-I378T,2.3387519786589213,0.5216599120248289,0.12652111281934034,17,2082.0,378.0,Region 2,Variant,I,T,Non-Polar,Polar-Neutral,,,Vertebrate Positive Selection,,,Vertebrate Positive Selection,,
RCVZ vIF2α,PKR-I378V,0.3947758986269114,1.0630266978750147,0.17717111631250246,36,4384.0,378.0,Region 2,Variant,I,V,Non-Polar,Non-Polar,,,Vertebrate Positive Selection,,,Vertebrate Positive Selection,,
RCVZ vIF2α,PKR-I502F,1.7043483420875554,0.707328170303098,0.1291398648112875,30,5991.0,502.0,Region 4,Variant,I,F,Non-Polar,Aromatic,,Primate Positive Selection,Vertebrate Positive Selection,,Primate Positive Selection,Vertebrate Positive Selection,Primate Positive Selection,Primate Positive Selection
RCVZ vIF2α,PKR-I502L,1.58985497100587,0.5665615897483227,0.15141995409601422,14,2683.0,502.0,Region 4,Variant,I,L,Non-Polar,Non-Polar,,Primate Positive Selection,Vertebrate Positive Selection,,Primate Positive Selection,Vertebrate Positive Selection,Primate Positive Selection,Primate Positive Selection
RCVZ vIF2α,PKR-I502M,1.9229890413767328,0.5815246046412,0.07770949401951936,56,12486.0,502.0,Region 4,Variant,I,M,Non-Polar,Non-Polar,,Primate Positive Selection,Vertebrate Positive Selection,,Primate Positive Selection,Vertebrate Positive Selection,Primate Positive Selection,Primate Positive Selection
RCVZ vIF2α,PKR-I502N,1.8696446701271432,0.6779982380113181,0.12378497630251849,30,7203.0,502.0,Region 4,Variant,I,N,Non-Polar,Polar-Neutral,,Primate Positive Selection,Vertebrate Positive Selection,,Primate Positive Selection,Vertebrate Positive Selection,Primate Positive Selection,Primate Positive Selection
RCVZ vIF2α,PKR-I502S,2.1132500735442283,0.4026227588071904,0.07608854942704045,28,5685.0,502.0,Region 4,Variant,I,S,Non-Polar,Polar-Neutral,,Primate Positive Selection,Vertebrate Positive Selection,,Primate Positive Selection,Vertebrate Positive Selection,Primate Positive Selection,Primate Positive Selection
RCVZ vIF2α,PKR-I502T,1.9021597889545092,0.6844892311834102,0.13689784623668205,25,5590.0,502.0,Region 4,Variant,I,T,Non-Polar,Polar-Neutral,,Primate Positive Selection,Vertebrate Positive Selection,,Primate Positive Selection,Vertebrate Positive Selection,Primate Positive Selection,Primate Positive Selection
RCVZ vIF2α,PKR-I502V,1.8685594004475987,0.5844905187426361,0.1340913212977272,19,4496.0,502.0,Region 4,Variant,I,V,Non-Polar,Non-Polar,,Primate Positive Selection,Vertebrate Positive Selection,,Primate Positive Selection,Vertebrate Positive Selection,Primate Positive Selection,Primate Positive Selection
RCVZ vIF2α,PKR-I503F,2.69816045811806,0.7853009730557876,0.19046346234172593,17,3701.0,503.0,Region 4,Variant,I,F,Non-Polar,Aromatic,,,,,,,,
RCVZ vIF2α,PKR-I503L,1.492479914625732,0.7417489931738818,0.174831914337182,18,3445.0,503.0,Region 4,Variant,I,L,Non-Polar,Non-Polar,,,,,,,,
RCVZ vIF2α,PKR-I503M,2.425150776915252,0.6205537059552134,0.08148269352686024,58,13448.0,503.0,Region 4,Variant,I,M,Non-Polar,Non-Polar,,,,,,,,
RCVZ vIF2α,PKR-I503N,1.8934362615145734,0.5549066703726634,0.12408090361213438,20,4879.0,503.0,Region 4,Variant,I,N,Non-Polar,Polar-Neutral,,,,,,,,
RCVZ vIF2α,PKR-I503S,1.8287286200771276,0.526921118401462,0.11233995990609112,22,4829.0,503.0,Region 4,Variant,I,S,Non-Polar,Polar-Neutral,,,,,,,,
RCVZ vIF2α,PKR-I503T,2.155335397052795,0.37078553202059567,0.1028374036846502,13,3212.0,503.0,Region 4,Variant,I,T,Non-Polar,Polar-Neutral,,,,,,,,
RCVZ vIF2α,PKR-I503V,2.0434324723986714,0.70791348227472,0.18278247516037932,15,3521.0,503.0,Region 4,Variant,I,V,Non-Polar,Non-Polar,,,,,,,,
RCVZ vIF2α,PKR-I506K,1.8552211799543616,0.39490735796993687,0.09308055692033526,18,3579.0,506.0,Region 4,Variant,I,K,Non-Polar,Positive Charge,,Primate Positive Selection,,,Primate Positive Selection,,Primate Positive Selection,Primate Positive Selection
RCVZ vIF2α,PKR-I506L,1.7382940801650841,0.5707362100747639,0.08604172104942952,44,8802.0,506.0,Region 4,Variant,I,L,Non-Polar,Non-Polar,,Primate Positive Selection,,,Primate Positive Selection,,Primate Positive Selection,Primate Positive Selection
RCVZ vIF2α,PKR-I506M,1.4381349760103503,0.6577917378577397,0.09494405923071944,48,10613.0,506.0,Region 4,Variant,I,M,Non-Polar,Non-Polar,,Primate Positive Selection,,,Primate Positive Selection,,Primate Positive Selection,Primate Positive Selection
RCVZ vIF2α,PKR-I506R,1.7311947009544022,0.387286617410924,0.1074139813366224,13,3333.0,506.0,Region 4,Variant,I,R,Non-Polar,Positive Charge,,Primate Positive Selection,,,Primate Positive Selection,,Primate Positive Selection,Primate Positive Selection
RCVZ vIF2α,PKR-I506T,1.9333856530272466,0.4750377078273265,0.10366172638462096,21,4994.0,506.0,Region 4,Variant,I,T,Non-Polar,Polar-Neutral,,Primate Positive Selection,,,Primate Positive Selection,,Primate Positive Selection,Primate Positive Selection
RCVZ vIF2α,PKR-I506V,1.2377384787441408,0.5905962478545457,0.14764906196363642,16,3360.0,506.0,Region 4,Variant,I,V,Non-Polar,Non-Polar,,Primate Positive Selection,,,Primate Positive Selection,,Primate Positive Selection,Primate Positive Selection
RCVZ vIF2α,PKR-K256E,1.5071502574623443,0.6143986047069823,0.07931851879877387,60,9962.0,256.0,Region 1,Variant,K,E,Positive Charge,Negative Charge,,,,,,,,
RCVZ vIF2α,PKR-K256M,1.33313186377674,0.6910331900581327,0.12029343791290797,33,5861.0,256.0,Region 1,Variant,K,M,Positive Charge,Non-Polar,,,,,,,,
RCVZ vIF2α,PKR-K256N,1.3584716098824077,0.6599147041454231,0.062079553354278706,113,19499.0,256.0,Region 1,Variant,K,N,Positive Charge,Polar-Neutral,,,,,,,,
RCVZ vIF2α,PKR-K256Q,1.550952367414736,0.6959548936506792,0.09470746519094979,54,9414.0,256.0,Region 1,Variant,K,Q,Positive Charge,Polar-Neutral,,,,,,,,
RCVZ vIF2α,PKR-K256R,1.245621856023454,0.6458833775951054,0.0952303086405544,46,8149.0,256.0,Region 1,Variant,K,R,Positive Charge,Positive Charge,,,,,,,,
RCVZ vIF2α,PKR-K256T,1.272684447459358,0.6661458963700135,0.11775907014570693,32,5833.0,256.0,Region 1,Variant,K,T,Positive Charge,Polar-Neutral,,,,,,,,
RCVZ vIF2α,PKR-K261E,1.694423758006984,0.4011182838541656,0.06879121815578064,34,8157.0,261.0,Region 1,Variant,K,E,Positive Charge,Negative Charge,,Primate Positive Selection,Vertebrate Positive Selection,,Primate Positive Selection,Vertebrate Positive Selection,Primate Positive Selection,Primate Positive Selection
RCVZ vIF2α,PKR-K261M,1.5718343131819363,0.6990756252641167,0.12358027879662066,32,6669.0,261.0,Region 1,Variant,K,M,Positive Charge,Non-Polar,,Primate Positive Selection,Vertebrate Positive Selection,,Primate Positive Selection,Vertebrate Positive Selection,Primate Positive Selection,Primate Positive Selection
RCVZ vIF2α,PKR-K261N,1.5207212323243182,0.707152497899541,0.08704445531621396,66,14429.0,261.0,Region 1,Variant,K,N,Positive Charge,Polar-Neutral,,Primate Positive Selection,Vertebrate Positive Selection,,Primate Positive Selection,Vertebrate Positive Selection,Primate Positive Selection,Primate Positive Selection
RCVZ vIF2α,PKR-K261Q,1.520458743624432,0.6319362412499103,0.09317391557505977,46,10981.0,261.0,Region 1,Variant,K,Q,Positive Charge,Polar-Neutral,,Primate Positive Selection,Vertebrate Positive Selection,,Primate Positive Selection,Vertebrate Positive Selection,Primate Positive Selection,Primate Positive Selection
RCVZ vIF2α,PKR-K261R,1.3361130061001927,0.5396618531818959,0.12380692008967198,19,4052.0,261.0,Region 1,Variant,K,R,Positive Charge,Positive Charge,,Primate Positive Selection,Vertebrate Positive Selection,,Primate Positive Selection,Vertebrate Positive Selection,Primate Positive Selection,Primate Positive Selection
RCVZ vIF2α,PKR-K261T,1.721024248988906,0.6944615352028175,0.20047377714559375,12,2349.0,261.0,Region 1,Variant,K,T,Positive Charge,Polar-Neutral,,Primate Positive Selection,Vertebrate Positive Selection,,Primate Positive Selection,Vertebrate Positive Selection,Primate Positive Selection,Primate Positive Selection
RCVZ vIF2α,PKR-K268E,1.8850930082051047,0.46632113693438915,0.07195491358710764,42,10263.0,268.0,Region 1,Variant,K,E,Positive Charge,Negative Charge,,,,,,,,
RCVZ vIF2α,PKR-K268I,1.3169256655603554,0.7091298614473917,0.14475052682638687,24,5177.0,268.0,Region 1,Variant,K,I,Positive Charge,Non-Polar,,,,,,,,
RCVZ vIF2α,PKR-K268N,1.885705994472989,0.6398449963806349,0.07023211253582648,83,20645.0,268.0,Region 1,Variant,K,N,Positive Charge,Polar-Neutral,,,,,,,,
RCVZ vIF2α,PKR-K268Q,1.5792999232778446,0.48781572104531584,0.08245590643298156,35,8945.0,268.0,Region 1,Variant,K,Q,Positive Charge,Polar-Neutral,,,,,,,,
RCVZ vIF2α,PKR-K268R,1.1825234005005358,0.4850295682452102,0.12523409601545818,15,3265.0,268.0,Region 1,Variant,K,R,Positive Charge,Positive Charge,,,,,,,,
RCVZ vIF2α,PKR-K268T,1.7365343872939252,0.6312207466963776,0.1578051866740944,16,3981.0,268.0,Region 1,Variant,K,T,Positive Charge,Polar-Neutral,,,,,,,,
RCVZ vIF2α,PKR-K371E,0.9503693761212915,0.6656929002855855,0.10659617512388476,39,5599.0,371.0,Region 2,Variant,K,E,Positive Charge,Negative Charge,,,,,,,,
RCVZ vIF2α,PKR-K371I,1.1125073261968748,0.7656279184836099,0.11167830982016247,47,7293.0,371.0,Region 2,Variant,K,I,Positive Charge,Non-Polar,,,,,,,,
RCVZ vIF2α,PKR-K371N,0.3102275623601968,0.5821292503054392,0.07710490280235702,57,8998.0,371.0,Region 2,Variant,K,N,Positive Charge,Polar-Neutral,,,,,,,,
RCVZ vIF2α,PKR-K371Q,1.144825348509822,0.8057387010661649,0.12011243384575512,45,6213.0,371.0,Region 2,Variant,K,Q,Positive Charge,Polar-Neutral,,,,,,,,
RCVZ vIF2α,PKR-K371R,0.58660417242668,0.6987880360317087,0.1457073778832458,23,3775.0,371.0,Region 2,Variant,K,R,Positive Charge,Positive Charge,,,,,,,,
RCVZ vIF2α,PKR-K371T,-0.5239765438319909,0.5627146174358167,0.1290955869187303,19,2719.0,371.0,Region 2,Variant,K,T,Positive Charge,Polar-Neutral,,,,,,,,
RCVZ vIF2α,PKR-K380E,1.5989923875498926,0.8717427216149465,0.12088896468443153,52,7307.0,380.0,Region 2,Variant,K,E,Positive Charge,Negative Charge,,Primate Positive Selection,,,Primate Positive Selection,,Primate Positive Selection,Primate Positive Selection
RCVZ vIF2α,PKR-K380I,2.351489450433137,0.6311633950669472,0.0962515153939824,43,5937.0,380.0,Region 2,Variant,K,I,Positive Charge,Non-Polar,,Primate Positive Selection,,,Primate Positive Selection,,Primate Positive Selection,Primate Positive Selection
RCVZ vIF2α,PKR-K380N,1.3274130551037744,0.7751821124555875,0.08666799491962901,80,11216.0,380.0,Region 2,Variant,K,N,Positive Charge,Polar-Neutral,,Primate Positive Selection,,,Primate Positive Selection,,Primate Positive Selection,Primate Positive Selection
RCVZ vIF2α,PKR-K380Q,2.0041237536707825,0.7690219249564739,0.11593441730170324,44,6596.0,380.0,Region 2,Variant,K,Q,Positive Charge,Polar-Neutral,,Primate Positive Selection,,,Primate Positive Selection,,Primate Positive Selection,Primate Positive Selection
RCVZ vIF2α,PKR-K380R,0.04598035878525361,0.8781258734089253,0.17562517468178507,25,3154.0,380.0,Region 2,Variant,K,R,Positive Charge,Positive Charge,,Primate Positive Selection,,,Primate Positive Selection,,Primate Positive Selection,Primate Positive Selection
RCVZ vIF2α,PKR-K380T,2.1354734894957947,0.7158638544898838,0.17362248738962247,17,2203.0,380.0,Region 2,Variant,K,T,Positive Charge,Polar-Neutral,,Primate Positive Selection,,,Primate Positive Selection,,Primate Positive Selection,Primate Positive Selection
RCVZ vIF2α,PKR-K385E,2.604458650760306,0.9253889180722983,0.14631683512937077,40,3924.0,385.0,Region 2,Variant,K,E,Positive Charge,Negative Charge,,,Vertebrate Positive Selection,,,Vertebrate Positive Selection,,
RCVZ vIF2α,PKR-K385I,2.585559667318713,0.79494541510527,0.15590162245626493,26,2841.0,385.0,Region 2,Variant,K,I,Positive Charge,Non-Polar,,,Vertebrate Positive Selection,,,Vertebrate Positive Selection,,
RCVZ vIF2α,PKR-K385N,2.416034630541586,0.9654652916606277,0.11299916531400665,73,7784.0,385.0,Region 2,Variant,K,N,Positive Charge,Polar-Neutral,,,Vertebrate Positive Selection,,,Vertebrate Positive Selection,,
RCVZ vIF2α,PKR-K385Q,2.0774235763300264,0.6605017404153951,0.11164517123353228,35,3970.0,385.0,Region 2,Variant,K,Q,Positive Charge,Polar-Neutral,,,Vertebrate Positive Selection,,,Vertebrate Positive Selection,,
RCVZ vIF2α,PKR-K385R,1.5617494417913038,0.9869740086161061,0.2264273664978341,19,2029.0,385.0,Region 2,Variant,K,R,Positive Charge,Positive Charge,,,Vertebrate Positive Selection,,,Vertebrate Positive Selection,,
RCVZ vIF2α,PKR-K385T,2.401610658614804,0.845645112526317,0.23453975492762702,13,1443.0,385.0,Region 2,Variant,K,T,Positive Charge,Polar-Neutral,,,Vertebrate Positive Selection,,,Vertebrate Positive Selection,,
RCVZ vIF2α,PKR-K449E,-1.8715455984074914,0.6699964818849296,0.08508963828906689,62,9205.0,449.0,Region 3,Variant,K,E,Positive Charge,Negative Charge,,,Vertebrate Positive Selection,,Primate Positive Selection,Vertebrate Positive Selection,,Primate Positive Selection
RCVZ vIF2α,PKR-K449M,-1.602311466420633,0.6444442415294015,0.08535872502299326,57,8247.0,449.0,Region 3,Variant,K,M,Positive Charge,Non-Polar,,,Vertebrate Positive Selection,,Primate Positive Selection,Vertebrate Positive Selection,,Primate Positive Selection
RCVZ vIF2α,PKR-K449N,-0.6066876671782073,0.6501256738409935,0.05984891937820626,118,18394.0,449.0,Region 3,Variant,K,N,Positive Charge,Polar-Neutral,,,Vertebrate Positive Selection,,Primate Positive Selection,Vertebrate Positive Selection,,Primate Positive Selection
RCVZ vIF2α,PKR-K449Q,-1.2425434817223686,0.6533969647285477,0.08167462059106846,64,9345.0,449.0,Region 3,Variant,K,Q,Positive Charge,Polar-Neutral,,,Vertebrate Positive Selection,,Primate Positive Selection,Vertebrate Positive Selection,,Primate Positive Selection
RCVZ vIF2α,PKR-K449R,-0.15639366388402878,0.6646536481426488,0.10255828447293625,42,5740.0,449.0,Region 3,Variant,K,R,Positive Charge,Positive Charge,,,Vertebrate Positive Selection,,Primate Positive Selection,Vertebrate Positive Selection,,Primate Positive Selection
RCVZ vIF2α,PKR-K449T,-0.7800313008144286,0.7127569371380107,0.1141324524556782,39,5031.0,449.0,Region 3,Variant,K,T,Positive Charge,Polar-Neutral,,,Vertebrate Positive Selection,,Primate Positive Selection,Vertebrate Positive Selection,,Primate Positive Selection
RCVZ vIF2α,PKR-K493E,3.129051607370508,0.730321391768633,0.09129017397107912,64,9761.0,493.0,Region 4,Variant,K,E,Positive Charge,Negative Charge,,,Vertebrate Positive Selection,,,Vertebrate Positive Selection,,
RCVZ vIF2α,PKR-K493M,0.7681763955235643,0.7248458031612859,0.11460818452018703,40,5096.0,493.0,Region 4,Variant,K,M,Positive Charge,Non-Polar,,,Vertebrate Positive Selection,,,Vertebrate Positive Selection,,
RCVZ vIF2α,PKR-K493N,3.4063002734192707,0.6468879816315702,0.07232427503779132,80,12455.0,493.0,Region 4,Variant,K,N,Positive Charge,Polar-Neutral,,,Vertebrate Positive Selection,,,Vertebrate Positive Selection,,
RCVZ vIF2α,PKR-K493Q,4.045280663053663,0.6754769278190165,0.11257948796983608,36,5191.0,493.0,Region 4,Variant,K,Q,Positive Charge,Polar-Neutral,,,Vertebrate Positive Selection,,,Vertebrate Positive Selection,,
RCVZ vIF2α,PKR-K493R,2.0009655602317262,0.7828588820832866,0.12378085769381843,40,5906.0,493.0,Region 4,Variant,K,R,Positive Charge,Positive Charge,,,Vertebrate Positive Selection,,,Vertebrate Positive Selection,,
RCVZ vIF2α,PKR-K493T,4.170552303451233,1.3302586661853208,0.3226351170632554,17,2373.0,493.0,Region 4,Variant,K,T,Positive Charge,Polar-Neutral,,,Vertebrate Positive Selection,,,Vertebrate Positive Selection,,
RCVZ vIF2α,PKR-L272F,-2.6048637795472684,0.4643643222145916,0.050970606193498774,83,20059.0,272.0,Region 1,Variant,L,F,Non-Polar,Aromatic,,,Vertebrate Positive Selection,,,Vertebrate Positive Selection,,
RCVZ vIF2α,PKR-L272I,2.126948829196438,0.6486517413976558,0.12973034827953117,25,5921.0,272.0,Region 1,Variant,L,I,Non-Polar,Non-Polar,,,Vertebrate Positive Selection,,,Vertebrate Positive Selection,,
RCVZ vIF2α,PKR-L272S,1.2084423208133104,0.5535770396746296,0.07397484355882246,56,12516.0,272.0,Region 1,Variant,L,S,Non-Polar,Polar-Neutral,,,Vertebrate Positive Selection,,,Vertebrate Positive Selection,,
RCVZ vIF2α,PKR-L272V,1.7560255430237681,0.552420747478054,0.078917249639722,49,11177.0,272.0,Region 1,Variant,L,V,Non-Polar,Non-Polar,,,Vertebrate Positive Selection,,,Vertebrate Positive Selection,,
RCVZ vIF2α,PKR-L374F,1.6085327646122332,0.6932727287056514,0.06671019942333903,108,16640.0,374.0,Region 2,Variant,L,F,Non-Polar,Aromatic,,,,Conserved PKR Residue,,Conserved PKR Residue,Conserved PKR Residue,Conserved PKR Residue
RCVZ vIF2α,PKR-L374M,1.6405259772901541,0.7015387288556608,0.09728591763895822,52,8115.0,374.0,Region 2,Variant,L,M,Non-Polar,Non-Polar,,,,Conserved PKR Residue,,Conserved PKR Residue,Conserved PKR Residue,Conserved PKR Residue
RCVZ vIF2α,PKR-L374S,-0.7977881112028791,0.5598589527078008,0.08345884507109884,45,6689.0,374.0,Region 2,Variant,L,S,Non-Polar,Polar-Neutral,,,,Conserved PKR Residue,,Conserved PKR Residue,Conserved PKR Residue,Conserved PKR Residue
RCVZ vIF2α,PKR-L374V,1.7500313373132257,0.7845482376722969,0.12897893576552838,37,6252.0,374.0,Region 2,Variant,L,V,Non-Polar,Non-Polar,,,,Conserved PKR Residue,,Conserved PKR Residue,Conserved PKR Residue,Conserved PKR Residue
RCVZ vIF2α,PKR-L374W,-0.17967444151822762,0.8195189451447978,0.10854793600720974,57,8378.0,374.0,Region 2,Variant,L,W,Non-Polar,Aromatic,,,,Conserved PKR Residue,,Conserved PKR Residue,Conserved PKR Residue,Conserved PKR Residue
RCVZ vIF2α,PKR-L452F,-0.6539963266219272,0.606156319428963,0.056280201362259176,116,24353.0,452.0,Region 3,Variant,L,F,Non-Polar,Aromatic,,,,,,,,
RCVZ vIF2α,PKR-L452M,-0.04786558225473474,0.7485422703869753,0.10093341914856434,55,9647.0,452.0,Region 3,Variant,L,M,Non-Polar,Non-Polar,,,,,,,,
RCVZ vIF2α,PKR-L452S,-2.9986129511937483,0.4763542149244753,0.07727485770667708,38,7690.0,452.0,Region 3,Variant,L,S,Non-Polar,Polar-Neutral,,,,,,,,
RCVZ vIF2α,PKR-L452V,1.2844039492075776,0.7084424545059265,0.09640680698135584,54,10324.0,452.0,Region 3,Variant,L,V,Non-Polar,Non-Polar,,,,,,,,
RCVZ vIF2α,PKR-L452W,-1.6143692244624026,0.5738670785125692,0.13165413696111636,19,3484.0,452.0,Region 3,Variant,L,W,Non-Polar,Aromatic,,,,,,,,
RCVZ vIF2α,PKR-L481F,1.360796770336726,0.5806043287393596,0.09297109925227555,39,5740.0,481.0,Region 4,Variant,L,F,Non-Polar,Aromatic,Conserved Kinase Residue,,,,,,,
RCVZ vIF2α,PKR-L481H,0.15841215136361927,0.6298182807339676,0.14449022307967865,19,3137.0,481.0,Region 4,Variant,L,H,Non-Polar,Positive Charge,Conserved Kinase Residue,,,,,,,
RCVZ vIF2α,PKR-L481I,3.594660521390428,0.8138923166937212,0.1867197031259017,19,3001.0,481.0,Region 4,Variant,L,I,Non-Polar,Non-Polar,Conserved Kinase Residue,,,,,,,
RCVZ vIF2α,PKR-L481P,-3.8819473618901537,0.4575933904668706,0.10785579647508929,18,2864.0,481.0,Region 4,Variant,L,P,Non-Polar,Unique,Conserved Kinase Residue,,,,,,,
RCVZ vIF2α,PKR-L481R,-3.921854091919435,0.5652334945515526,0.09839452179918198,33,5846.0,481.0,Region 4,Variant,L,R,Non-Polar,Positive Charge,Conserved Kinase Residue,,,,,,,
RCVZ vIF2α,PKR-L481V,2.7457155057647467,0.7424647200444511,0.12549944342627695,35,5098.0,481.0,Region 4,Variant,L,V,Non-Polar,Non-Polar,Conserved Kinase Residue,,,,,,,
RCVZ vIF2α,PKR-L482F,1.8379430952037896,0.7829007607999797,0.13628552928599297,33,4564.0,482.0,Region 4,Variant,L,F,Non-Polar,Aromatic,,,,,,,,
RCVZ vIF2α,PKR-L482H,2.082944310491718,0.6966937960516328,0.1598325185042528,19,2914.0,482.0,Region 4,Variant,L,H,Non-Polar,Positive Charge,,,,,,,,
RCVZ vIF2α,PKR-L482I,2.392806588103051,0.9444516728012701,0.1696285279431649,31,4888.0,482.0,Region 4,Variant,L,I,Non-Polar,Non-Polar,,,,,,,,
RCVZ vIF2α,PKR-L482P,-1.4748459976977881,0.45056025428367535,0.12496293073122193,13,1847.0,482.0,Region 4,Variant,L,P,Non-Polar,Unique,,,,,,,,
RCVZ vIF2α,PKR-L482R,4.471008525629496,0.8858042368559969,0.17047310486604025,27,3874.0,482.0,Region 4,Variant,L,R,Non-Polar,Positive Charge,,,,,,,,
RCVZ vIF2α,PKR-L482V,2.7870124511942285,0.6259164087513663,0.11427617872858244,30,4819.0,482.0,Region 4,Variant,L,V,Non-Polar,Non-Polar,,,,,,,,
RCVZ vIF2α,PKR-L498I,1.0206082078484753,0.6252665443450025,0.11816426996182973,28,8062.0,498.0,Region 4,Variant,L,I,Non-Polar,Non-Polar,Conserved Kinase Residue,,,,,,,
RCVZ vIF2α,PKR-L498P,2.5370748867993753,0.4204346249012913,0.12676580906103604,11,3590.0,498.0,Region 4,Variant,L,P,Non-Polar,Unique,Conserved Kinase Residue,,,,,,,
RCVZ vIF2α,PKR-L498Q,3.5303349695778077,0.43000284495059726,0.08966179125774897,23,7754.0,498.0,Region 4,Variant,L,Q,Non-Polar,Polar-Neutral,Conserved Kinase Residue,,,,,,,
RCVZ vIF2α,PKR-L498R,3.444126154300141,0.4299085586829413,0.09613047613240142,20,5355.0,498.0,Region 4,Variant,L,R,Non-Polar,Positive Charge,Conserved Kinase Residue,,,,,,,
RCVZ vIF2α,PKR-L498V,1.824113638665503,0.5085000440389013,0.0859521951498231,35,9578.0,498.0,Region 4,Variant,L,V,Non-Polar,Non-Polar,Conserved Kinase Residue,,,,,,,
RCVZ vIF2α,PKR-M265I,1.441806779406567,0.5266188837977392,0.06688066512301144,62,14620.0,265.0,Region 1,Variant,M,I,Non-Polar,Non-Polar,,Primate Positive Selection,,,Primate Positive Selection,,Primate Positive Selection,Primate Positive Selection
RCVZ vIF2α,PKR-M265K,0.8951361414825146,0.49166422880392524,0.10036054044571804,24,6586.0,265.0,Region 1,Variant,M,K,Non-Polar,Positive Charge,,Primate Positive Selection,,,Primate Positive Selection,,Primate Positive Selection,Primate Positive Selection
RCVZ vIF2α,PKR-M265L,1.428371845337357,0.6169048681979784,0.11455635812309321,29,7233.0,265.0,Region 1,Variant,M,L,Non-Polar,Non-Polar,,Primate Positive Selection,,,Primate Positive Selection,,Primate Positive Selection,Primate Positive Selection
RCVZ vIF2α,PKR-M265R,1.120892781143603,0.41882466714013555,0.10470616678503389,16,4032.0,265.0,Region 1,Variant,M,R,Non-Polar,Positive Charge,,Primate Positive Selection,,,Primate Positive Selection,,Primate Positive Selection,Primate Positive Selection
RCVZ vIF2α,PKR-M265T,1.3227047592819008,0.6908290143875608,0.14728524074666827,22,5156.0,265.0,Region 1,Variant,M,T,Non-Polar,Polar-Neutral,,Primate Positive Selection,,,Primate Positive Selection,,Primate Positive Selection,Primate Positive Selection
RCVZ vIF2α,PKR-M265V,1.4787787872631797,0.6146575414360979,0.14907635099549973,17,4302.0,265.0,Region 1,Variant,M,V,Non-Polar,Non-Polar,,Primate Positive Selection,,,Primate Positive Selection,,Primate Positive Selection,Primate Positive Selection
RCVZ vIF2α,PKR-M455I,-0.9488091551648545,0.5980259974820435,0.06604092353437441,82,19743.0,455.0,Region 3,Variant,M,I,Non-Polar,Non-Polar,,,,Conserved PKR Residue,,Conserved PKR Residue,Conserved PKR Residue,Conserved PKR Residue
RCVZ vIF2α,PKR-M455K,-3.609143772175104,0.4354403203626991,0.07360284788697669,35,7711.0,455.0,Region 3,Variant,M,K,Non-Polar,Positive Charge,,,,Conserved PKR Residue,,Conserved PKR Residue,Conserved PKR Residue,Conserved PKR Residue
RCVZ vIF2α,PKR-M455L,-1.4374473654533788,0.5317250487793165,0.07169779095105518,55,11968.0,455.0,Region 3,Variant,M,L,Non-Polar,Non-Polar,,,,Conserved PKR Residue,,Conserved PKR Residue,Conserved PKR Residue,Conserved PKR Residue
RCVZ vIF2α,PKR-M455R,-2.270920196788918,0.4782101253851176,0.07050823633986036,46,9572.0,455.0,Region 3,Variant,M,R,Non-Polar,Positive Charge,,,,Conserved PKR Residue,,Conserved PKR Residue,Conserved PKR Residue,Conserved PKR Residue
RCVZ vIF2α,PKR-M455T,-2.210944145067186,0.5267781897197814,0.08660180092448144,37,8263.0,455.0,Region 3,Variant,M,T,Non-Polar,Polar-Neutral,,,,Conserved PKR Residue,,Conserved PKR Residue,Conserved PKR Residue,Conserved PKR Residue
RCVZ vIF2α,PKR-M455V,-2.88044811037376,0.5520246289542914,0.081391591138702,46,10057.0,455.0,Region 3,Variant,M,V,Non-Polar,Non-Polar,,,,Conserved PKR Residue,,Conserved PKR Residue,Conserved PKR Residue,Conserved PKR Residue
RCVZ vIF2α,PKR-Q376*,-4.056459016009492,0.5106595330900402,0.09482709469049043,29,4127.0,376.0,Region 2,Nonsense,Q,*,Polar-Neutral,Stop,,Primate Positive Selection,,,,,Primate Positive Selection,
RCVZ vIF2α,PKR-Q376E,2.3732435569646237,0.8452401652181762,0.19922501751900343,18,2259.0,376.0,Region 2,Variant,Q,E,Polar-Neutral,Negative Charge,,Primate Positive Selection,,,,,Primate Positive Selection,
RCVZ vIF2α,PKR-Q376H,1.0678480375340835,0.8125282263808734,0.08380588758742075,94,12479.0,376.0,Region 2,Variant,Q,H,Polar-Neutral,Positive Charge,,Primate Positive Selection,,,,,Primate Positive Selection,
RCVZ vIF2α,PKR-Q376K,1.4733941847655274,0.7486777034486272,0.18158101475667912,17,2262.0,376.0,Region 2,Variant,Q,K,Polar-Neutral,Positive Charge,,Primate Positive Selection,,,,,Primate Positive Selection,
RCVZ vIF2α,PKR-Q376L,1.1255947212889443,1.12082975594612,0.22878841588301616,24,2984.0,376.0,Region 2,Variant,Q,L,Polar-Neutral,Non-Polar,,Primate Positive Selection,,,,,Primate Positive Selection,
RCVZ vIF2α,PKR-Q376P,5.342669746099354,0.8275435600518063,0.19505388767996307,18,2592.0,376.0,Region 2,Variant,Q,P,Polar-Neutral,Unique,,Primate Positive Selection,,,,,Primate Positive Selection,
RCVZ vIF2α,PKR-Q376R,1.5718166597259553,1.3531313955900244,0.24302957298685776,31,4126.0,376.0,Region 2,Variant,Q,R,Polar-Neutral,Positive Charge,,Primate Positive Selection,,,,,Primate Positive Selection,
RCVZ vIF2α,PKR-R262G,-1.3623630390781956,0.4678673697048277,0.0900411172813748,27,6374.0,262.0,Region 1,Variant,R,G,Positive Charge,Unique,Conserved Kinase Residue,,,,,,,
RCVZ vIF2α,PKR-R262K,0.12189103004101563,0.5266217807830559,0.13597315911485788,15,3166.0,262.0,Region 1,Variant,R,K,Positive Charge,Positive Charge,Conserved Kinase Residue,,,,,,,
RCVZ vIF2α,PKR-R262M,-0.2697793320691919,0.6350270811040615,0.1222110187393774,27,5374.0,262.0,Region 1,Variant,R,M,Positive Charge,Non-Polar,Conserved Kinase Residue,,,,,,,
RCVZ vIF2α,PKR-R262S,-0.6167302087794156,0.5579607294941713,0.07326383306568822,58,12744.0,262.0,Region 1,Variant,R,S,Positive Charge,Polar-Neutral,Conserved Kinase Residue,,,,,,,
RCVZ vIF2α,PKR-R262T,-0.08508962736782358,0.5814388299919651,0.16126211654475534,13,3594.0,262.0,Region 1,Variant,R,T,Positive Charge,Polar-Neutral,Conserved Kinase Residue,,,,,,,
RCVZ vIF2α,PKR-R262W,-1.1578365770656713,0.477190648458973,0.07363211562780249,42,9708.0,262.0,Region 1,Variant,R,W,Positive Charge,Aromatic,Conserved Kinase Residue,,,,,,,
RCVZ vIF2α,PKR-R381G,3.0938788056035564,1.5981244416269336,0.20134475412756314,63,7265.0,381.0,Region 2,Variant,R,G,Positive Charge,Unique,,,,,,,,
RCVZ vIF2α,PKR-R381I,4.015433246991704,1.5114196951980872,0.2908728559603726,27,3196.0,381.0,Region 2,Variant,R,I,Positive Charge,Non-Polar,,,,,,,,
RCVZ vIF2α,PKR-R381K,2.168046238611606,1.6691021472341738,0.5032532326502082,11,1502.0,381.0,Region 2,Variant,R,K,Positive Charge,Positive Charge,,,,,,,,
RCVZ vIF2α,PKR-R381S,3.9905955165458926,1.3972609064648733,0.20167724011890878,48,4997.0,381.0,Region 2,Variant,R,S,Positive Charge,Polar-Neutral,,,,,,,,
RCVZ vIF2α,PKR-R381T,4.62183235895353,1.6566299857809987,0.585707148431359,8,951.0,381.0,Region 2,Variant,R,T,Positive Charge,Polar-Neutral,,,,,,,,
RCVZ vIF2α,PKR-R382G,5.353102631616292,1.479956233158213,0.21820764204047996,46,5057.0,382.0,Region 2,Variant,R,G,Positive Charge,Unique,,,Vertebrate Positive Selection,,,Vertebrate Positive Selection,,
RCVZ vIF2α,PKR-R382I,5.5299486099613295,1.0059939353724667,0.18680838403305347,29,3130.0,382.0,Region 2,Variant,R,I,Positive Charge,Non-Polar,,,Vertebrate Positive Selection,,,Vertebrate Positive Selection,,
RCVZ vIF2α,PKR-R382K,5.760234919804314,1.4009992512854024,0.3397922290859396,17,1770.0,382.0,Region 2,Variant,R,K,Positive Charge,Positive Charge,,,Vertebrate Positive Selection,,,Vertebrate Positive Selection,,
RCVZ vIF2α,PKR-R382S,5.184772325515982,1.3037042749328862,0.18817350351904194,48,4834.0,382.0,Region 2,Variant,R,S,Positive Charge,Polar-Neutral,,,Vertebrate Positive Selection,,,Vertebrate Positive Selection,,
RCVZ vIF2α,PKR-R382T,5.928682515771995,1.3112574333403035,0.309066340998732,18,1901.0,382.0,Region 2,Variant,R,T,Positive Charge,Polar-Neutral,,,Vertebrate Positive Selection,,,Vertebrate Positive Selection,,
RCVZ vIF2α,PKR-R453*,-3.9612069770322047,0.4819786825722132,0.06956763053168212,48,9624.0,453.0,Region 3,Nonsense,R,*,Positive Charge,Stop,,,,,,,,
RCVZ vIF2α,PKR-R453G,2.367529199579724,0.6429152184106978,0.09377882286734346,47,10879.0,453.0,Region 3,Variant,R,G,Positive Charge,Unique,,,,,,,,
RCVZ vIF2α,PKR-R453L,3.5455170126762154,0.6629350765044056,0.09282947846327042,51,11759.0,453.0,Region 3,Variant,R,L,Positive Charge,Non-Polar,,,,,,,,
RCVZ vIF2α,PKR-R453P,2.0489988325934165,0.6264672403675882,0.15661681009189704,16,2964.0,453.0,Region 3,Variant,R,P,Positive Charge,Unique,,,,,,,,
RCVZ vIF2α,PKR-R453Q,1.563905998845894,0.7969667528267607,0.19924168820669017,16,3504.0,453.0,Region 3,Variant,R,Q,Positive Charge,Polar-Neutral,,,,,,,,
RCVZ vIF2α,PKR-R499G,4.10823992284858,0.6733223056816806,0.11721036867575281,33,8959.0,499.0,Region 4,Variant,R,G,Positive Charge,Unique,Conserved Kinase Residue,,,,,,,
RCVZ vIF2α,PKR-R499L,2.5539101794070023,0.5723012668626546,0.10815477336612818,28,9070.0,499.0,Region 4,Variant,R,L,Positive Charge,Non-Polar,Conserved Kinase Residue,,,,,,,
RCVZ vIF2α,PKR-R499P,2.9649592824977113,0.42805173698408294,0.0934085469565185,21,6673.0,499.0,Region 4,Variant,R,P,Positive Charge,Unique,Conserved Kinase Residue,,,,,,,
RCVZ vIF2α,PKR-R499Q,2.2533551285348863,0.6705149441625252,0.11499236424078138,34,10730.0,499.0,Region 4,Variant,R,Q,Positive Charge,Polar-Neutral,Conserved Kinase Residue,,,,,,,
RCVZ vIF2α,PKR-R499W,1.1999946425933723,0.49841905138504217,0.07270189069266784,47,14415.0,499.0,Region 4,Variant,R,W,Positive Charge,Aromatic,Conserved Kinase Residue,,,,,,,
RCVZ vIF2α,PKR-S275*,-4.008995384118958,0.5910027958751335,0.06779267006762378,76,11384.0,275.0,Region 1,Nonsense,S,*,Polar-Neutral,Stop,,Primate Positive Selection,,,Primate Positive Selection,,Primate Positive Selection,Primate Positive Selection
RCVZ vIF2α,PKR-S275A,-0.02462236822667973,0.7662403962560786,0.11966664519432799,41,4940.0,275.0,Region 1,Variant,S,A,Polar-Neutral,Non-Polar,,Primate Positive Selection,,,Primate Positive Selection,,Primate Positive Selection,Primate Positive Selection
RCVZ vIF2α,PKR-S275L,-2.7482718244911895,0.5245319123223555,0.0568934739402919,85,11817.0,275.0,Region 1,Variant,S,L,Polar-Neutral,Non-Polar,,Primate Positive Selection,,,Primate Positive Selection,,Primate Positive Selection,Primate Positive Selection
RCVZ vIF2α,PKR-S275P,-3.104249588440523,0.47743567643073914,0.09745614935465366,24,3663.0,275.0,Region 1,Variant,S,P,Polar-Neutral,Unique,,Primate Positive Selection,,,Primate Positive Selection,,Primate Positive Selection,Primate Positive Selection
RCVZ vIF2α,PKR-S275T,-1.2494240734865683,0.48061323651960036,0.06480587559190563,55,8172.0,275.0,Region 1,Variant,S,T,Polar-Neutral,Polar-Neutral,,Primate Positive Selection,,,Primate Positive Selection,,Primate Positive Selection,Primate Positive Selection
RCVZ vIF2α,PKR-S448C,-1.5343352769680354,0.6265392649136119,0.07283371012649564,74,11838.0,448.0,Region 3,Variant,S,C,Polar-Neutral,Polar-Neutral,,,Vertebrate Positive Selection,,,Vertebrate Positive Selection,,
RCVZ vIF2α,PKR-S448G,-0.16051244911949394,0.7725004083728775,0.10322970925979512,56,8187.0,448.0,Region 3,Variant,S,G,Polar-Neutral,Unique,,,Vertebrate Positive Selection,,,Vertebrate Positive Selection,,
RCVZ vIF2α,PKR-S448I,-3.014463729333522,0.6054424611658609,0.0902540333087761,45,6982.0,448.0,Region 3,Variant,S,I,Polar-Neutral,Non-Polar,,,Vertebrate Positive Selection,,,Vertebrate Positive Selection,,
RCVZ vIF2α,PKR-S448N,-0.24253259781269776,0.7263839011817089,0.14527678023634177,25,3467.0,448.0,Region 3,Variant,S,N,Polar-Neutral,Polar-Neutral,,,Vertebrate Positive Selection,,,Vertebrate Positive Selection,,
RCVZ vIF2α,PKR-S448R,-0.9517003174593913,0.7835798577143951,0.08125344614135675,93,13804.0,448.0,Region 3,Variant,S,R,Polar-Neutral,Positive Charge,,,Vertebrate Positive Selection,,,Vertebrate Positive Selection,,
RCVZ vIF2α,PKR-S448T,-1.775457920383185,0.5391063607238124,0.09682636074235579,31,4329.0,448.0,Region 3,Variant,S,T,Polar-Neutral,Polar-Neutral,,,Vertebrate Positive Selection,,,Vertebrate Positive Selection,,
RCVZ vIF2α,PKR-S492A,1.2392800267984931,0.7230697882724552,0.12051163137874253,36,6198.0,492.0,Region 4,Variant,S,A,Polar-Neutral,Non-Polar,,Primate Positive Selection,,,Primate Positive Selection,,Primate Positive Selection,Primate Positive Selection
RCVZ vIF2α,PKR-S492L,3.7919300022720845,1.0022376400091535,0.10449049712622704,92,12740.0,492.0,Region 4,Variant,S,L,Polar-Neutral,Non-Polar,,Primate Positive Selection,,,Primate Positive Selection,,Primate Positive Selection,Primate Positive Selection
RCVZ vIF2α,PKR-S492P,-2.510852655857464,0.47022842091721606,0.09049550179905577,27,4116.0,492.0,Region 4,Variant,S,P,Polar-Neutral,Unique,,Primate Positive Selection,,,Primate Positive Selection,,Primate Positive Selection,Primate Positive Selection
RCVZ vIF2α,PKR-S492T,0.6981496407750669,0.6595077277885217,0.0923495536484833,51,7867.0,492.0,Region 4,Variant,S,T,Polar-Neutral,Polar-Neutral,,Primate Positive Selection,,,Primate Positive Selection,,Primate Positive Selection,Primate Positive Selection
RCVZ vIF2α,PKR-S504A,1.2833182960644007,0.732955034115848,0.12389201312153877,35,7135.0,504.0,Region 4,Variant,S,A,Polar-Neutral,Non-Polar,,,Vertebrate Positive Selection,,,Vertebrate Positive Selection,,
RCVZ vIF2α,PKR-S504L,0.7579311066339688,0.6920575950008241,0.09690744672799763,51,12115.0,504.0,Region 4,Variant,S,L,Polar-Neutral,Non-Polar,,,Vertebrate Positive Selection,,,Vertebrate Positive Selection,,
RCVZ vIF2α,PKR-S504P,1.7991179553582641,0.6317159942060725,0.13468230249803131,22,4925.0,504.0,Region 4,Variant,S,P,Polar-Neutral,Unique,,,Vertebrate Positive Selection,,,Vertebrate Positive Selection,,
RCVZ vIF2α,PKR-S504T,1.7659130448361768,0.8588799544784642,0.22954532328760088,14,3068.0,504.0,Region 4,Variant,S,T,Polar-Neutral,Polar-Neutral,,,Vertebrate Positive Selection,,,Vertebrate Positive Selection,,
RCVZ vIF2α,PKR-T255A,1.2992609400108592,0.6938492708224437,0.09033148095321268,59,11528.0,255.0,Region 1,Variant,T,A,Polar-Neutral,Non-Polar,,Primate Positive Selection,,,Primate Positive Selection,,Primate Positive Selection,Primate Positive Selection
RCVZ vIF2α,PKR-T255I,1.1284644728884727,0.6626162809591309,0.10104803552537497,43,8511.0,255.0,Region 1,Variant,T,I,Polar-Neutral,Non-Polar,,Primate Positive Selection,,,Primate Positive Selection,,Primate Positive Selection,Primate Positive Selection
RCVZ vIF2α,PKR-T255K,0.7630112608589656,0.7024766407662638,0.10970841962733835,41,8260.0,255.0,Region 1,Variant,T,K,Polar-Neutral,Positive Charge,,Primate Positive Selection,,,Primate Positive Selection,,Primate Positive Selection,Primate Positive Selection
RCVZ vIF2α,PKR-T255P,0.9076821350505373,0.7497545799247175,0.1470389705169883,26,4612.0,255.0,Region 1,Variant,T,P,Polar-Neutral,Unique,,Primate Positive Selection,,,Primate Positive Selection,,Primate Positive Selection,Primate Positive Selection
RCVZ vIF2α,PKR-T255R,0.8811500656963572,0.6514053003466614,0.1302810600693323,25,4403.0,255.0,Region 1,Variant,T,R,Polar-Neutral,Positive Charge,,Primate Positive Selection,,,Primate Positive Selection,,Primate Positive Selection,Primate Positive Selection
RCVZ vIF2α,PKR-T255S,1.3423739084384656,0.5677793683242831,0.08463955091966585,45,8684.0,255.0,Region 1,Variant,T,S,Polar-Neutral,Polar-Neutral,,Primate Positive Selection,,,Primate Positive Selection,,Primate Positive Selection,Primate Positive Selection
RCVZ vIF2α,PKR-T258A,1.321057489553329,0.7402584796395083,0.13515208922767913,30,6034.0,258.0,Region 1,Variant,T,A,Polar-Neutral,Non-Polar,,,,,,,,
RCVZ vIF2α,PKR-T258I,1.1772999973383562,0.612702054716949,0.09033798948759178,46,8458.0,258.0,Region 1,Variant,T,I,Polar-Neutral,Non-Polar,,,,,,,,
RCVZ vIF2α,PKR-T258N,1.8427259107407037,0.8670310735742013,0.13883608510307952,39,7228.0,258.0,Region 1,Variant,T,N,Polar-Neutral,Polar-Neutral,,,,,,,,
RCVZ vIF2α,PKR-T258P,0.7689843040391777,0.57628712614847,0.10521515286378076,30,5679.0,258.0,Region 1,Variant,T,P,Polar-Neutral,Unique,,,,,,,,
RCVZ vIF2α,PKR-T258S,2.035881901543258,0.6501679263757438,0.10411018971382967,39,6528.0,258.0,Region 1,Variant,T,S,Polar-Neutral,Polar-Neutral,,,,,,,,
RCVZ vIF2α,PKR-T373A,3.2530296719860265,0.7882758699634391,0.12622515974634443,39,5477.0,373.0,Region 2,Variant,T,A,Polar-Neutral,Non-Polar,,,,,,,,
RCVZ vIF2α,PKR-T373I,3.794111619638377,0.7003592928380795,0.09712235929136136,52,8309.0,373.0,Region 2,Variant,T,I,Polar-Neutral,Non-Polar,,,,,,,,
RCVZ vIF2α,PKR-T373N,2.0899194358290925,0.7981769648660345,0.12465429925595836,41,5853.0,373.0,Region 2,Variant,T,N,Polar-Neutral,Polar-Neutral,,,,,,,,
RCVZ vIF2α,PKR-T373P,2.2246918468346717,0.6227197502975891,0.15103172386089497,17,2783.0,373.0,Region 2,Variant,T,P,Polar-Neutral,Unique,,,,,,,,
RCVZ vIF2α,PKR-T373S,2.0138306023938712,0.6705794263043205,0.11500342283686624,34,5659.0,373.0,Region 2,Variant,T,S,Polar-Neutral,Polar-Neutral,,,,,,,,
RCVZ vIF2α,PKR-T451A,-3.7800967439434032,0.6051306469992005,0.09567955632444046,40,6180.0,451.0,Region 3,Variant,T,A,Polar-Neutral,Non-Polar,Conserved Kinase Residue,,,Conserved PKR Residue,,Conserved PKR Residue,Conserved PKR Residue,Conserved PKR Residue
RCVZ vIF2α,PKR-T451I,-3.859839594372012,0.5547667969623132,0.06537989401819871,72,10684.0,451.0,Region 3,Variant,T,I,Polar-Neutral,Non-Polar,Conserved Kinase Residue,,,Conserved PKR Residue,,Conserved PKR Residue,Conserved PKR Residue,Conserved PKR Residue
RCVZ vIF2α,PKR-T451N,-3.9990885684884763,0.4780044525406158,0.07125669662855927,45,6780.0,451.0,Region 3,Variant,T,N,Polar-Neutral,Polar-Neutral,Conserved Kinase Residue,,,Conserved PKR Residue,,Conserved PKR Residue,Conserved PKR Residue,Conserved PKR Residue
RCVZ vIF2α,PKR-T451P,-3.969306486834131,0.5710301806145648,0.10094482824368443,32,4391.0,451.0,Region 3,Variant,T,P,Polar-Neutral,Unique,Conserved Kinase Residue,,,Conserved PKR Residue,,Conserved PKR Residue,Conserved PKR Residue,Conserved PKR Residue
RCVZ vIF2α,PKR-T451S,-2.520786459214399,0.6743382456532498,0.10939210853269545,38,5609.0,451.0,Region 3,Variant,T,S,Polar-Neutral,Polar-Neutral,Conserved Kinase Residue,,,Conserved PKR Residue,,Conserved PKR Residue,Conserved PKR Residue,Conserved PKR Residue
RCVZ vIF2α,PKR-T487A,-1.9049664981859906,0.4021657291565144,0.07223109724997392,31,8473.0,487.0,Region 4,Variant,T,A,Polar-Neutral,Non-Polar,Conserved Kinase Residue,,,,,,,
RCVZ vIF2α,PKR-T487I,-3.43687133693067,0.37194008433174075,0.07157990260378087,27,7851.0,487.0,Region 4,Variant,T,I,Polar-Neutral,Non-Polar,Conserved Kinase Residue,,,,,,,
RCVZ vIF2α,PKR-T487N,-3.1660137605901366,0.5552858755815692,0.11105717511631383,25,7217.0,487.0,Region 4,Variant,T,N,Polar-Neutral,Polar-Neutral,Conserved Kinase Residue,,,,,,,
RCVZ vIF2α,PKR-T487P,-3.5144395113885416,0.3472038310807753,0.0818367278037216,18,5889.0,487.0,Region 4,Variant,T,P,Polar-Neutral,Unique,Conserved Kinase Residue,,,,,,,
RCVZ vIF2α,PKR-T487S,6.519941832427118,0.7840100182273988,0.17530996957973127,20,5188.0,487.0,Region 4,Variant,T,S,Polar-Neutral,Polar-Neutral,Conserved Kinase Residue,,,,,,,
RCVZ vIF2α,PKR-T491A,4.591561541624499,0.49148829005947353,0.10248239281766473,23,6107.0,491.0,Region 4,Variant,T,A,Polar-Neutral,Non-Polar,,,Vertebrate Positive Selection,,,Vertebrate Positive Selection,,
RCVZ vIF2α,PKR-T491I,6.180821601276113,0.9714855760515525,0.19052399651772284,26,6062.0,491.0,Region 4,Variant,T,I,Polar-Neutral,Non-Polar,,,Vertebrate Positive Selection,,,Vertebrate Positive Selection,,
RCVZ vIF2α,PKR-T491K,6.03323926158461,0.6037269867752971,0.19091523631202925,10,2890.0,491.0,Region 4,Variant,T,K,Polar-Neutral,Positive Charge,,,Vertebrate Positive Selection,,,Vertebrate Positive Selection,,
RCVZ vIF2α,PKR-T491P,-3.7655903631655163,0.4258465047296051,0.11381226571809937,14,4096.0,491.0,Region 4,Variant,T,P,Polar-Neutral,Unique,,,Vertebrate Positive Selection,,,Vertebrate Positive Selection,,
RCVZ vIF2α,PKR-T491R,2.8098037313213426,0.5719804079689441,0.1248163578833052,21,5074.0,491.0,Region 4,Variant,T,R,Polar-Neutral,Positive Charge,,,Vertebrate Positive Selection,,,Vertebrate Positive Selection,,
RCVZ vIF2α,PKR-T491S,2.646029893606483,0.652961052592521,0.13328511673019064,24,7031.0,491.0,Region 4,Variant,T,S,Polar-Neutral,Polar-Neutral,,,Vertebrate Positive Selection,,,Vertebrate Positive Selection,,
RCVZ vIF2α,PKR-T496A,2.3755626310679685,0.8025684509222796,0.14903321990424537,29,4949.0,496.0,Region 4,Variant,T,A,Polar-Neutral,Non-Polar,,Primate Positive Selection,,,Primate Positive Selection,,Primate Positive Selection,Primate Positive Selection
RCVZ vIF2α,PKR-T496I,-2.1983961892071924,0.8244634810662556,0.15580895256828012,28,4330.0,496.0,Region 4,Variant,T,I,Polar-Neutral,Non-Polar,,Primate Positive Selection,,,Primate Positive Selection,,Primate Positive Selection,Primate Positive Selection
RCVZ vIF2α,PKR-T496K,1.1172608658556273,0.9748895470852628,0.16478640972189326,35,5494.0,496.0,Region 4,Variant,T,K,Polar-Neutral,Positive Charge,,Primate Positive Selection,,,Primate Positive Selection,,Primate Positive Selection,Primate Positive Selection
RCVZ vIF2α,PKR-T496P,0.32880019969412905,0.9196056294888688,0.1960605789716789,22,3009.0,496.0,Region 4,Variant,T,P,Polar-Neutral,Unique,,Primate Positive Selection,,,Primate Positive Selection,,Primate Positive Selection,Primate Positive Selection
RCVZ vIF2α,PKR-T496R,1.0381301056727412,0.7670850784044655,0.11189085843962913,47,6627.0,496.0,Region 4,Variant,T,R,Polar-Neutral,Positive Charge,,Primate Positive Selection,,,Primate Positive Selection,,Primate Positive Selection,Primate Positive Selection
RCVZ vIF2α,PKR-T496S,2.5937600277982398,0.6848565441080153,0.12717466756090495,29,4058.0,496.0,Region 4,Variant,T,S,Polar-Neutral,Polar-Neutral,,Primate Positive Selection,,,Primate Positive Selection,,Primate Positive Selection,Primate Positive Selection
RCVZ vIF2α,PKR-V259A,1.9599464660248984,0.5011916904117418,0.0823954063495505,37,7351.0,259.0,Region 1,Variant,V,A,Non-Polar,Non-Polar,,Primate Positive Selection,,,Primate Positive Selection,,Primate Positive Selection,Primate Positive Selection
RCVZ vIF2α,PKR-V259E,1.4134717731310453,0.5339510579910045,0.0762787225701435,49,9208.0,259.0,Region 1,Variant,V,E,Non-Polar,Negative Charge,,Primate Positive Selection,,,Primate Positive Selection,,Primate Positive Selection,Primate Positive Selection
RCVZ vIF2α,PKR-V259G,1.9634944242176628,0.8764817997408537,0.1656394907706154,28,4596.0,259.0,Region 1,Variant,V,G,Non-Polar,Unique,,Primate Positive Selection,,,Primate Positive Selection,,Primate Positive Selection,Primate Positive Selection
RCVZ vIF2α,PKR-V259L,1.4933375235578263,0.6870062701916934,0.08587578377396167,64,10785.0,259.0,Region 1,Variant,V,L,Non-Polar,Non-Polar,,Primate Positive Selection,,,Primate Positive Selection,,Primate Positive Selection,Primate Positive Selection
RCVZ vIF2α,PKR-V259M,1.4563559973848783,0.6324147378016773,0.09128120477732125,48,9048.0,259.0,Region 1,Variant,V,M,Non-Polar,Non-Polar,,Primate Positive Selection,,,Primate Positive Selection,,Primate Positive Selection,Primate Positive Selection
RCVZ vIF2α,PKR-V484A,6.085492226564288,0.844835020309028,0.15688192480010144,29,4386.0,484.0,Region 4,Variant,V,A,Non-Polar,Non-Polar,,,,,,,,
RCVZ vIF2α,PKR-V484E,6.029135886549558,0.7231883006325005,0.16170982007468251,20,3385.0,484.0,Region 4,Variant,V,E,Non-Polar,Negative Charge,,,,,,,,
RCVZ vIF2α,PKR-V484G,5.5649425057843045,0.900839929846837,0.16179562767791988,31,4911.0,484.0,Region 4,Variant,V,G,Non-Polar,Unique,,,,,,,,
RCVZ vIF2α,PKR-V484I,2.878253734340448,0.6999872393170465,0.12572141953242652,31,4472.0,484.0,Region 4,Variant,V,I,Non-Polar,Non-Polar,,,,,,,,
RCVZ vIF2α,PKR-V484L,4.588084388932066,0.636465729769021,0.08357204461343028,58,9851.0,484.0,Region 4,Variant,V,L,Non-Polar,Non-Polar,,,,,,,,
RCVZ vIF2α,PKR-W377C,2.137632307835518,0.9960812044369824,0.12549443583647346,63,8317.0,377.0,Region 2,Variant,W,C,Aromatic,Polar-Neutral,,,,Conserved PKR Residue,,Conserved PKR Residue,Conserved PKR Residue,Conserved PKR Residue
RCVZ vIF2α,PKR-W377G,2.240259383599116,0.9731608512201274,0.1839101141423132,28,3578.0,377.0,Region 2,Variant,W,G,Aromatic,Unique,,,,Conserved PKR Residue,,Conserved PKR Residue,Conserved PKR Residue,Conserved PKR Residue
RCVZ vIF2α,PKR-W377L,1.5389582360711778,0.8175143646740933,0.1343985336600035,37,5500.0,377.0,Region 2,Variant,W,L,Aromatic,Non-Polar,,,,Conserved PKR Residue,,Conserved PKR Residue,Conserved PKR Residue,Conserved PKR Residue
RCVZ vIF2α,PKR-W377R,4.455098164576173,1.036073832414237,0.15986966314957976,42,5432.0,377.0,Region 2,Variant,W,R,Aromatic,Positive Charge,,,,Conserved PKR Residue,,Conserved PKR Residue,Conserved PKR Residue,Conserved PKR Residue
RCVZ vIF2α,PKR-W377S,2.4058561832895156,0.8046267103868343,0.14451522333783773,31,4236.0,377.0,Region 2,Variant,W,S,Aromatic,Polar-Neutral,,,,Conserved PKR Residue,,Conserved PKR Residue,Conserved PKR Residue,Conserved PKR Residue
RCVZ vIF2α,PKR-WT,1.4314780449565883,0.8518170492325584,0.046196265616938924,340,63495.0,,,WT,,,,,,,,,,,,
RCVZ vIF2α,PKR-Y257C,0.1951840619201575,0.6882131346562996,0.10619359216537928,42,8388.0,257.0,Region 1,Variant,Y,C,Aromatic,Polar-Neutral,,,,,,,,
RCVZ vIF2α,PKR-Y257D,1.6805646309906375,0.7013446935548056,0.11377313289097972,38,6932.0,257.0,Region 1,Variant,Y,D,Aromatic,Negative Charge,,,,,,,,
RCVZ vIF2α,PKR-Y257F,1.217067769950362,0.7497527870994727,0.1001899305037533,56,10512.0,257.0,Region 1,Variant,Y,F,Aromatic,Aromatic,,,,,,,,
RCVZ vIF2α,PKR-Y257H,0.8377835757290868,0.5536286086347791,0.09358031482542246,35,7065.0,257.0,Region 1,Variant,Y,H,Aromatic,Positive Charge,,,,,,,,
RCVZ vIF2α,PKR-Y257N,0.5154252523031204,0.6180836253043185,0.08571277705997662,52,9582.0,257.0,Region 1,Variant,Y,N,Aromatic,Polar-Neutral,,,,,,,,
RCVZ vIF2α,PKR-Y257S,0.7786495133739015,0.7140672069046674,0.13037023893213168,30,5468.0,257.0,Region 1,Variant,Y,S,Aromatic,Polar-Neutral,,,,,,,,
RCVZ vIF2α,PKR-Y454C,-1.1574254478351507,0.5618741840877083,0.09237154685704314,37,7432.0,454.0,Region 3,Variant,Y,C,Aromatic,Polar-Neutral,Conserved Kinase Residue,,,Conserved PKR Residue,,Conserved PKR Residue,Conserved PKR Residue,Conserved PKR Residue
RCVZ vIF2α,PKR-Y454D,-3.9102586240593666,0.4617170223547522,0.08037461696635981,33,7411.0,454.0,Region 3,Variant,Y,D,Aromatic,Negative Charge,Conserved Kinase Residue,,,Conserved PKR Residue,,Conserved PKR Residue,Conserved PKR Residue,Conserved PKR Residue
RCVZ vIF2α,PKR-Y454F,0.5132935151088555,0.6100845604142084,0.11529514468401117,28,6817.0,454.0,Region 3,Variant,Y,F,Aromatic,Aromatic,Conserved Kinase Residue,,,Conserved PKR Residue,,Conserved PKR Residue,Conserved PKR Residue,Conserved PKR Residue
RCVZ vIF2α,PKR-Y454H,0.1339759653111125,0.5186380931625698,0.09468992760220178,30,6324.0,454.0,Region 3,Variant,Y,H,Aromatic,Positive Charge,Conserved Kinase Residue,,,Conserved PKR Residue,,Conserved PKR Residue,Conserved PKR Residue,Conserved PKR Residue
RCVZ vIF2α,PKR-Y454N,-3.6327869180958623,0.40556229950928063,0.06667403132855775,37,9178.0,454.0,Region 3,Variant,Y,N,Aromatic,Polar-Neutral,Conserved Kinase Residue,,,Conserved PKR Residue,,Conserved PKR Residue,Conserved PKR Residue,Conserved PKR Residue
RCVZ vIF2α,PKR-Y454S,-2.581414827348014,0.5923100492387346,0.13588524462501286,19,3960.0,454.0,Region 3,Variant,Y,S,Aromatic,Polar-Neutral,Conserved Kinase Residue,,,Conserved PKR Residue,,Conserved PKR Residue,Conserved PKR Residue,Conserved PKR Residue
TPV K3,PKR-A488D,5.311220665591994,1.0865628783434997,0.30135832091409454,13,4631.0,488.0,Region 4,Variant,A,D,Non-Polar,Negative Charge,,,Vertebrate Positive Selection,,,Vertebrate Positive Selection,,
TPV K3,PKR-A488G,3.19935118552474,1.0507259607674964,0.2626814901918741,16,6507.0,488.0,Region 4,Variant,A,G,Non-Polar,Unique,,,Vertebrate Positive Selection,,,Vertebrate Positive Selection,,
TPV K3,PKR-A488P,0.054919254060262254,2.175944203652473,0.6880939744983089,10,4202.0,488.0,Region 4,Variant,A,P,Non-Polar,Unique,,,Vertebrate Positive Selection,,,Vertebrate Positive Selection,,
TPV K3,PKR-A488S,0.16491746588682848,0.5283089982208703,0.11813348331466814,20,8062.0,488.0,Region 4,Variant,A,S,Non-Polar,Polar-Neutral,,,Vertebrate Positive Selection,,,Vertebrate Positive Selection,,
TPV K3,PKR-A488T,0.006178647623376084,0.39255198321360674,0.10135648623379949,15,5833.0,488.0,Region 4,Variant,A,T,Non-Polar,Polar-Neutral,,,Vertebrate Positive Selection,,,Vertebrate Positive Selection,,
TPV K3,PKR-A488V,-0.2693115178891454,0.4208252051441808,0.08253061280161018,26,11164.0,488.0,Region 4,Variant,A,V,Non-Polar,Non-Polar,,,Vertebrate Positive Selection,,,Vertebrate Positive Selection,,
TPV K3,PKR-C485F,-0.20447579998771231,0.7659822644921078,0.13334039710642348,33,6470.0,485.0,Region 4,Variant,C,F,Polar-Neutral,Aromatic,,,,,,,,
TPV K3,PKR-C485G,2.0561541160687304,0.900915941588798,0.1644839945413971,30,6711.0,485.0,Region 4,Variant,C,G,Polar-Neutral,Unique,,,,,,,,
TPV K3,PKR-C485R,1.5565182200860328,0.9312082293682108,0.14200792366060835,43,9459.0,485.0,Region 4,Variant,C,R,Polar-Neutral,Positive Charge,,,,,,,,
TPV K3,PKR-C485S,1.3141455720106736,0.6080377604820337,0.12411518812713306,24,5368.0,485.0,Region 4,Variant,C,S,Polar-Neutral,Polar-Neutral,,,,,,,,
TPV K3,PKR-C485W,0.07607360212011834,0.7314910919543094,0.07465749694497281,96,22506.0,485.0,Region 4,Variant,C,W,Polar-Neutral,Aromatic,,,,,,,,
TPV K3,PKR-C485Y,1.1496550034343347,0.8900320146841846,0.18975546311009533,22,4510.0,485.0,Region 4,Variant,C,Y,Polar-Neutral,Aromatic,,,,,,,,
TPV K3,PKR-D260A,-0.4305160509210585,0.6143407441562586,0.27474153305624016,5,1361.0,260.0,Region 1,Variant,D,A,Negative Charge,Non-Polar,,,,,,,,
TPV K3,PKR-D260E,-0.12832427969371837,0.7647167491359712,0.12926072283888515,35,10901.0,260.0,Region 1,Variant,D,E,Negative Charge,Negative Charge,,,,,,,,
TPV K3,PKR-D260G,-0.14796638870749085,0.6807804504659376,0.14855847361458543,21,6289.0,260.0,Region 1,Variant,D,G,Negative Charge,Unique,,,,,,,,
TPV K3,PKR-D260H,0.09794149469354022,0.6426108218160024,0.1659214007324026,15,3497.0,260.0,Region 1,Variant,D,H,Negative Charge,Positive Charge,,,,,,,,
TPV K3,PKR-D260N,-0.026297952571486413,0.37091205029572627,0.08093964507863968,21,6390.0,260.0,Region 1,Variant,D,N,Negative Charge,Polar-Neutral,,,,,,,,
TPV K3,PKR-D260V,0.14201888222391737,0.8863221922207035,0.1321251114514752,45,13681.0,260.0,Region 1,Variant,D,V,Negative Charge,Non-Polar,,,,,,,,
TPV K3,PKR-D260Y,-0.04597219645443355,0.6432846129699794,0.1238001814879206,27,8306.0,260.0,Region 1,Variant,D,Y,Negative Charge,Aromatic,,,,,,,,
TPV K3,PKR-D266A,-0.030699377418623434,0.44680524481593803,0.10531300615968844,18,5607.0,266.0,Region 1,Variant,D,A,Negative Charge,Non-Polar,Conserved Kinase Residue,,,,,,,
TPV K3,PKR-D266E,-0.1887434881950628,0.5240652728422149,0.06176168470185141,72,26051.0,266.0,Region 1,Variant,D,E,Negative Charge,Negative Charge,Conserved Kinase Residue,,,,,,,
TPV K3,PKR-D266G,0.0038233399329964347,0.5752322870725612,0.11504645741451225,25,8507.0,266.0,Region 1,Variant,D,G,Negative Charge,Unique,Conserved Kinase Residue,,,,,,,
TPV K3,PKR-D266H,-0.23381975519315015,0.421758705244311,0.1217512510029355,12,4481.0,266.0,Region 1,Variant,D,H,Negative Charge,Positive Charge,Conserved Kinase Residue,,,,,,,
TPV K3,PKR-D266N,-0.06893488276200045,0.4047160960225045,0.09539249865095296,18,7145.0,266.0,Region 1,Variant,D,N,Negative Charge,Polar-Neutral,Conserved Kinase Residue,,,,,,,
TPV K3,PKR-D266V,-0.24658560627028678,0.5978363570130457,0.1056835355209466,32,11544.0,266.0,Region 1,Variant,D,V,Negative Charge,Non-Polar,Conserved Kinase Residue,,,,,,,
TPV K3,PKR-D266Y,-0.039007097760955144,0.47715295536974567,0.07544450656245331,40,14584.0,266.0,Region 1,Variant,D,Y,Negative Charge,Aromatic,Conserved Kinase Residue,,,,,,,
TPV K3,PKR-D486A,0.22788754547921838,0.57175606212982,0.15857659992818773,13,5681.0,486.0,Region 4,Variant,D,A,Negative Charge,Non-Polar,,,Vertebrate Positive Selection,,,Vertebrate Positive Selection,,
TPV K3,PKR-D486E,0.18113801905863441,0.5615007599784937,0.09231015631165286,37,14710.0,486.0,Region 4,Variant,D,E,Negative Charge,Negative Charge,,,Vertebrate Positive Selection,,,Vertebrate Positive Selection,,
TPV K3,PKR-D486G,0.05453325679026142,0.5453877170852284,0.11132680157001675,24,10782.0,486.0,Region 4,Variant,D,G,Negative Charge,Unique,,,Vertebrate Positive Selection,,,Vertebrate Positive Selection,,
TPV K3,PKR-D486H,0.5702296851190178,0.7196382385173542,0.1468955403135678,24,10111.0,486.0,Region 4,Variant,D,H,Negative Charge,Positive Charge,,,Vertebrate Positive Selection,,,Vertebrate Positive Selection,,
TPV K3,PKR-D486N,-0.34880983417370287,0.626614899434429,0.1401153510849578,20,8353.0,486.0,Region 4,Variant,D,N,Negative Charge,Polar-Neutral,,,Vertebrate Positive Selection,,,Vertebrate Positive Selection,,
TPV K3,PKR-D486V,0.5500367257953719,0.7476630323703715,0.1813349208725081,17,7018.0,486.0,Region 4,Variant,D,V,Negative Charge,Non-Polar,,,Vertebrate Positive Selection,,,Vertebrate Positive Selection,,
TPV K3,PKR-D486Y,0.10801477658953952,0.6701914795801596,0.12665428469739465,28,11238.0,486.0,Region 4,Variant,D,Y,Negative Charge,Aromatic,,,Vertebrate Positive Selection,,,Vertebrate Positive Selection,,
TPV K3,PKR-D497A,-0.4344189130838978,0.34165630941087266,0.09131148956036536,14,5667.0,497.0,Region 4,Variant,D,A,Negative Charge,Non-Polar,,,,,,,,
TPV K3,PKR-D497E,-0.07483632503661619,0.5508869516101976,0.0663189956234125,69,28869.0,497.0,Region 4,Variant,D,E,Negative Charge,Negative Charge,,,,,,,,
TPV K3,PKR-D497G,-0.21083502542476848,1.0226274423734372,0.21323256194518225,23,9394.0,497.0,Region 4,Variant,D,G,Negative Charge,Unique,,,,,,,,
TPV K3,PKR-D497H,-0.3018203165642493,0.4775983286559775,0.13787076180702199,12,4693.0,497.0,Region 4,Variant,D,H,Negative Charge,Positive Charge,,,,,,,,
TPV K3,PKR-D497N,-0.020292303397793972,0.5009011218571846,0.12933211353663251,15,6141.0,497.0,Region 4,Variant,D,N,Negative Charge,Polar-Neutral,,,,,,,,
TPV K3,PKR-D497V,-0.13431469920353684,0.4569431811599668,0.08206941806131116,31,12505.0,497.0,Region 4,Variant,D,V,Negative Charge,Non-Polar,,,,,,,,
TPV K3,PKR-D497Y,-0.11726243011697103,0.6919037644898054,0.1331569415605015,27,9380.0,497.0,Region 4,Variant,D,Y,Negative Charge,Aromatic,,,,,,,,
TPV K3,PKR-D500A,0.2501044755358555,0.8430675909684302,0.23382487907065974,13,5046.0,500.0,Region 4,Variant,D,A,Negative Charge,Non-Polar,,,Vertebrate Positive Selection,,,Vertebrate Positive Selection,,
TPV K3,PKR-D500E,-0.21478301415444417,0.6209873042118228,0.07643825315466973,66,22332.0,500.0,Region 4,Variant,D,E,Negative Charge,Negative Charge,,,Vertebrate Positive Selection,,,Vertebrate Positive Selection,,
TPV K3,PKR-D500G,-0.1913907040379419,0.7073032043388162,0.15079754984565433,22,8480.0,500.0,Region 4,Variant,D,G,Negative Charge,Unique,,,Vertebrate Positive Selection,,,Vertebrate Positive Selection,,
TPV K3,PKR-D500H,-0.18147882636457896,0.7186848012975479,0.1498561402342834,23,9308.0,500.0,Region 4,Variant,D,H,Negative Charge,Positive Charge,,,Vertebrate Positive Selection,,,Vertebrate Positive Selection,,
TPV K3,PKR-D500N,-0.3905108114944718,0.5718610316710665,0.14296525791776662,16,5148.0,500.0,Region 4,Variant,D,N,Negative Charge,Polar-Neutral,,,Vertebrate Positive Selection,,,Vertebrate Positive Selection,,
TPV K3,PKR-D500V,-0.21761844847108566,0.5147235695226078,0.10094559711930422,26,8978.0,500.0,Region 4,Variant,D,V,Negative Charge,Non-Polar,,,Vertebrate Positive Selection,,,Vertebrate Positive Selection,,
TPV K3,PKR-D500Y,-0.22885414600908308,0.4957716301822345,0.12024228220152997,17,7075.0,500.0,Region 4,Variant,D,Y,Negative Charge,Aromatic,,,Vertebrate Positive Selection,,,Vertebrate Positive Selection,,
TPV K3,PKR-D505A,-0.15353505972376882,1.0085735000386995,0.3361911666795665,9,2686.0,505.0,Region 4,Variant,D,A,Negative Charge,Non-Polar,,,Vertebrate Positive Selection,,,Vertebrate Positive Selection,,
TPV K3,PKR-D505E,0.024541571417193143,0.572860648909853,0.09293026857604718,38,12496.0,505.0,Region 4,Variant,D,E,Negative Charge,Negative Charge,,,Vertebrate Positive Selection,,,Vertebrate Positive Selection,,
TPV K3,PKR-D505G,0.20358733868825615,0.7388630538482566,0.161233136784089,21,6874.0,505.0,Region 4,Variant,D,G,Negative Charge,Unique,,,Vertebrate Positive Selection,,,Vertebrate Positive Selection,,
TPV K3,PKR-D505H,-0.03185446141007329,0.40285526937451543,0.09495389760381773,18,6136.0,505.0,Region 4,Variant,D,H,Negative Charge,Positive Charge,,,Vertebrate Positive Selection,,,Vertebrate Positive Selection,,
TPV K3,PKR-D505N,0.06686956110645087,0.6409241726171667,0.13986112074976711,21,6709.0,505.0,Region 4,Variant,D,N,Negative Charge,Polar-Neutral,,,Vertebrate Positive Selection,,,Vertebrate Positive Selection,,
TPV K3,PKR-D505V,-0.09523751810098299,0.5790452369528383,0.13284208797978872,19,7109.0,505.0,Region 4,Variant,D,V,Negative Charge,Non-Polar,,,Vertebrate Positive Selection,,,Vertebrate Positive Selection,,
TPV K3,PKR-D505Y,0.13909844422274387,0.7706607510414447,0.17232498269197122,20,5139.0,505.0,Region 4,Variant,D,Y,Negative Charge,Aromatic,,,Vertebrate Positive Selection,,,Vertebrate Positive Selection,,
TPV K3,PKR-E269A,-0.1611326547007404,0.3700264630190475,0.09889373204693241,14,5793.0,269.0,Region 1,Variant,E,A,Negative Charge,Non-Polar,,,Vertebrate Positive Selection,,,Vertebrate Positive Selection,,
TPV K3,PKR-E269D,-0.05043436602357093,0.6560176622772814,0.08540622503606517,59,20806.0,269.0,Region 1,Variant,E,D,Negative Charge,Negative Charge,,,Vertebrate Positive Selection,,,Vertebrate Positive Selection,,
TPV K3,PKR-E269G,-0.12338939949736909,0.7340777793743071,0.21191000176393945,12,3641.0,269.0,Region 1,Variant,E,G,Negative Charge,Unique,,,Vertebrate Positive Selection,,,Vertebrate Positive Selection,,
TPV K3,PKR-E269K,0.013478885900390293,0.6824436748421437,0.11070698277459258,38,14534.0,269.0,Region 1,Variant,E,K,Negative Charge,Positive Charge,,,Vertebrate Positive Selection,,,Vertebrate Positive Selection,,
TPV K3,PKR-E269Q,-0.1913343189722072,0.6515949851816518,0.13586694653768044,23,7707.0,269.0,Region 1,Variant,E,Q,Negative Charge,Polar-Neutral,,,Vertebrate Positive Selection,,,Vertebrate Positive Selection,,
TPV K3,PKR-E269V,0.13478609103175254,0.6687187791579979,0.1337437558315996,25,7619.0,269.0,Region 1,Variant,E,V,Negative Charge,Non-Polar,,,Vertebrate Positive Selection,,,Vertebrate Positive Selection,,
TPV K3,PKR-E271A,0.03449803458400179,0.5236641627218416,0.13995513447406926,14,5609.0,271.0,Region 1,Variant,E,A,Negative Charge,Non-Polar,,,Vertebrate Positive Selection,,,Vertebrate Positive Selection,,
TPV K3,PKR-E271D,-0.00033683247151828174,0.5050727817342915,0.06575487542004275,59,19359.0,271.0,Region 1,Variant,E,D,Negative Charge,Negative Charge,,,Vertebrate Positive Selection,,,Vertebrate Positive Selection,,
TPV K3,PKR-E271G,0.19291042584771403,0.6735930751245158,0.1272971258310512,28,9271.0,271.0,Region 1,Variant,E,G,Negative Charge,Unique,,,Vertebrate Positive Selection,,,Vertebrate Positive Selection,,
TPV K3,PKR-E271K,-0.043220860224232126,0.6457540161552546,0.11598084510656739,31,10158.0,271.0,Region 1,Variant,E,K,Negative Charge,Positive Charge,,,Vertebrate Positive Selection,,,Vertebrate Positive Selection,,
TPV K3,PKR-E271Q,-0.06351730581455142,0.5288481295606638,0.08814135492677731,36,12248.0,271.0,Region 1,Variant,E,Q,Negative Charge,Polar-Neutral,,,Vertebrate Positive Selection,,,Vertebrate Positive Selection,,
TPV K3,PKR-E271V,0.03397615801825399,0.56552349579366,0.09698647939345824,34,10849.0,271.0,Region 1,Variant,E,V,Negative Charge,Non-Polar,,,Vertebrate Positive Selection,,,Vertebrate Positive Selection,,
TPV K3,PKR-E375A,0.1205242803117855,0.7387620313979667,0.15750459431037248,22,4187.0,375.0,Region 2,Variant,E,A,Negative Charge,Non-Polar,,,Vertebrate Positive Selection,,,Vertebrate Positive Selection,,
TPV K3,PKR-E375D,-0.15200861364306523,0.7256695253007123,0.07256695253007123,100,21639.0,375.0,Region 2,Variant,E,D,Negative Charge,Negative Charge,,,Vertebrate Positive Selection,,,Vertebrate Positive Selection,,
TPV K3,PKR-E375G,0.14647430662480718,0.6175516291472016,0.1380887422388883,20,4572.0,375.0,Region 2,Variant,E,G,Negative Charge,Unique,,,Vertebrate Positive Selection,,,Vertebrate Positive Selection,,
TPV K3,PKR-E375K,2.853344615376626,1.2541900803923862,0.17736926214847148,50,10442.0,375.0,Region 2,Variant,E,K,Negative Charge,Positive Charge,,,Vertebrate Positive Selection,,,Vertebrate Positive Selection,,
TPV K3,PKR-E375Q,0.24430484987977294,0.8017083721719106,0.11337868529935727,50,10368.0,375.0,Region 2,Variant,E,Q,Negative Charge,Polar-Neutral,,,Vertebrate Positive Selection,,,Vertebrate Positive Selection,,
TPV K3,PKR-E375V,0.30310914416095025,0.966567348711559,0.13669326534948914,50,11266.0,375.0,Region 2,Variant,E,V,Negative Charge,Non-Polar,,,Vertebrate Positive Selection,,,Vertebrate Positive Selection,,
TPV K3,PKR-E379A,0.30729632799046813,0.7243317103372579,0.193585792461286,14,2427.0,379.0,Region 2,Variant,E,A,Negative Charge,Non-Polar,,,Vertebrate Positive Selection,,,Vertebrate Positive Selection,,
TPV K3,PKR-E379D,-0.3664504166711657,0.9182957146003636,0.10331633979690863,79,13723.0,379.0,Region 2,Variant,E,D,Negative Charge,Negative Charge,,,Vertebrate Positive Selection,,,Vertebrate Positive Selection,,
TPV K3,PKR-E379G,0.6769189330343793,0.6414614700358673,0.12829229400717346,25,4997.0,379.0,Region 2,Variant,E,G,Negative Charge,Unique,,,Vertebrate Positive Selection,,,Vertebrate Positive Selection,,
TPV K3,PKR-E379K,4.362405140373264,1.1826886127354452,0.18035832259080695,43,8476.0,379.0,Region 2,Variant,E,K,Negative Charge,Positive Charge,,,Vertebrate Positive Selection,,,Vertebrate Positive Selection,,
TPV K3,PKR-E379Q,1.1112494754222202,1.0705339005067693,0.16718930647142488,41,8188.0,379.0,Region 2,Variant,E,Q,Negative Charge,Polar-Neutral,,,Vertebrate Positive Selection,,,Vertebrate Positive Selection,,
TPV K3,PKR-E379V,1.5914396681067102,0.6678671596799552,0.11626074964687635,33,5538.0,379.0,Region 2,Variant,E,V,Negative Charge,Non-Polar,,,Vertebrate Positive Selection,,,Vertebrate Positive Selection,,
TPV K3,PKR-E384A,-0.23032318550733974,1.057382947366652,0.22543480184077694,22,2843.0,384.0,Region 2,Variant,E,A,Negative Charge,Non-Polar,,,,,,,,
TPV K3,PKR-E384D,-0.057795054615954924,0.8336210131842912,0.09041889401866014,85,12107.0,384.0,Region 2,Variant,E,D,Negative Charge,Negative Charge,,,,,,,,
TPV K3,PKR-E384G,-0.04520141643886635,1.0899902288903103,0.21799804577806206,25,3810.0,384.0,Region 2,Variant,E,G,Negative Charge,Unique,,,,,,,,
TPV K3,PKR-E384K,-0.0817581164439186,1.060015735776393,0.16973836277421486,39,5469.0,384.0,Region 2,Variant,E,K,Negative Charge,Positive Charge,,,,,,,,
TPV K3,PKR-E384Q,-0.36406517483408124,1.4507789194801917,0.2293882883457715,40,5348.0,384.0,Region 2,Variant,E,Q,Negative Charge,Polar-Neutral,,,,,,,,
TPV K3,PKR-E384V,-0.22472714215760828,1.2859473116804931,0.21736476836469332,35,4425.0,384.0,Region 2,Variant,E,V,Negative Charge,Non-Polar,,,,,,,,
TPV K3,PKR-E480*,-1.4013168609564093,0.7501444868851033,0.12332299397660786,37,8315.0,480.0,Region 4,Nonsense,E,*,Negative Charge,Stop,Conserved Kinase Residue,,,Conserved PKR Residue,,Conserved PKR Residue,Conserved PKR Residue,Conserved PKR Residue
TPV K3,PKR-E480A,1.773659538028954,0.5918620635532921,0.1118514164725369,28,6673.0,480.0,Region 4,Variant,E,A,Negative Charge,Non-Polar,Conserved Kinase Residue,,,Conserved PKR Residue,,Conserved PKR Residue,Conserved PKR Residue,Conserved PKR Residue
TPV K3,PKR-E480D,1.628304175542263,0.9996197173690802,0.10655981991314036,88,17415.0,480.0,Region 4,Variant,E,D,Negative Charge,Negative Charge,Conserved Kinase Residue,,,Conserved PKR Residue,,Conserved PKR Residue,Conserved PKR Residue,Conserved PKR Residue
TPV K3,PKR-E480G,0.38193707690980677,0.7984902032187339,0.14578369874992825,30,7221.0,480.0,Region 4,Variant,E,G,Negative Charge,Unique,Conserved Kinase Residue,,,Conserved PKR Residue,,Conserved PKR Residue,Conserved PKR Residue,Conserved PKR Residue
TPV K3,PKR-E480K,2.036747198859941,0.8596680827180838,0.14743185987832463,34,8240.0,480.0,Region 4,Variant,E,K,Negative Charge,Positive Charge,Conserved Kinase Residue,,,Conserved PKR Residue,,Conserved PKR Residue,Conserved PKR Residue,Conserved PKR Residue
TPV K3,PKR-E480Q,0.8186242613754056,0.7739641722692209,0.1289940287115368,36,7601.0,480.0,Region 4,Variant,E,Q,Negative Charge,Polar-Neutral,Conserved Kinase Residue,,,Conserved PKR Residue,,Conserved PKR Residue,Conserved PKR Residue,Conserved PKR Residue
TPV K3,PKR-E480V,1.5901629123857979,1.0205812227352018,0.18330179875221117,31,7110.0,480.0,Region 4,Variant,E,V,Negative Charge,Non-Polar,Conserved Kinase Residue,,,Conserved PKR Residue,,Conserved PKR Residue,Conserved PKR Residue,Conserved PKR Residue
TPV K3,PKR-E490A,3.8417033807637933,1.1085421270755407,0.36951404235851354,9,3394.0,490.0,Region 4,Variant,E,A,Negative Charge,Non-Polar,Conserved Kinase Residue,,,Conserved PKR Residue,,Conserved PKR Residue,Conserved PKR Residue,Conserved PKR Residue
TPV K3,PKR-E490D,4.8843846824061385,1.1069126800067386,0.14057805093897702,62,24870.0,490.0,Region 4,Variant,E,D,Negative Charge,Negative Charge,Conserved Kinase Residue,,,Conserved PKR Residue,,Conserved PKR Residue,Conserved PKR Residue,Conserved PKR Residue
TPV K3,PKR-E490G,2.206753910383242,0.48242744474658694,0.10059307596638639,23,10123.0,490.0,Region 4,Variant,E,G,Negative Charge,Unique,Conserved Kinase Residue,,,Conserved PKR Residue,,Conserved PKR Residue,Conserved PKR Residue,Conserved PKR Residue
TPV K3,PKR-E490K,3.0775407321014616,0.7605020028479837,0.15210040056959676,25,11309.0,490.0,Region 4,Variant,E,K,Negative Charge,Positive Charge,Conserved Kinase Residue,,,Conserved PKR Residue,,Conserved PKR Residue,Conserved PKR Residue,Conserved PKR Residue
TPV K3,PKR-E490Q,2.0935853344080813,0.81453810679063,0.1975545088463768,17,7471.0,490.0,Region 4,Variant,E,Q,Negative Charge,Polar-Neutral,Conserved Kinase Residue,,,Conserved PKR Residue,,Conserved PKR Residue,Conserved PKR Residue,Conserved PKR Residue
TPV K3,PKR-E490V,3.070097196570024,1.0168447017563005,0.18564959354384625,30,12090.0,490.0,Region 4,Variant,E,V,Negative Charge,Non-Polar,Conserved Kinase Residue,,,Conserved PKR Residue,,Conserved PKR Residue,Conserved PKR Residue,Conserved PKR Residue
TPV K3,PKR-F263C,-0.1665099218501502,0.6698211672279506,0.1624554954561971,17,4292.0,263.0,Region 1,Variant,F,C,Aromatic,Polar-Neutral,Conserved Kinase Residue,,,Conserved PKR Residue,,Conserved PKR Residue,Conserved PKR Residue,Conserved PKR Residue
TPV K3,PKR-F263I,0.04226811856554006,0.7366579728228799,0.1323076776992851,31,8912.0,263.0,Region 1,Variant,F,I,Aromatic,Non-Polar,Conserved Kinase Residue,,,Conserved PKR Residue,,Conserved PKR Residue,Conserved PKR Residue,Conserved PKR Residue
TPV K3,PKR-F263L,0.036222968453674356,0.6296580839432934,0.08414160074744108,56,16760.0,263.0,Region 1,Variant,F,L,Aromatic,Non-Polar,Conserved Kinase Residue,,,Conserved PKR Residue,,Conserved PKR Residue,Conserved PKR Residue,Conserved PKR Residue
TPV K3,PKR-F263S,-0.23421789321406475,0.7617340348421869,0.2112670092991983,13,4493.0,263.0,Region 1,Variant,F,S,Aromatic,Polar-Neutral,Conserved Kinase Residue,,,Conserved PKR Residue,,Conserved PKR Residue,Conserved PKR Residue,Conserved PKR Residue
TPV K3,PKR-F263V,-0.262254490244405,0.44134461935183544,0.0900890931779056,24,8743.0,263.0,Region 1,Variant,F,V,Aromatic,Non-Polar,Conserved Kinase Residue,,,Conserved PKR Residue,,Conserved PKR Residue,Conserved PKR Residue,Conserved PKR Residue
TPV K3,PKR-F263Y,-0.21610687820447286,0.5615183170112066,0.15573716031508836,13,4131.0,263.0,Region 1,Variant,F,Y,Aromatic,Aromatic,Conserved Kinase Residue,,,Conserved PKR Residue,,Conserved PKR Residue,Conserved PKR Residue,Conserved PKR Residue
TPV K3,PKR-F267C,-0.21167660793334975,0.47844584535064066,0.07865601245610092,37,12991.0,267.0,Region 1,Variant,F,C,Aromatic,Polar-Neutral,Conserved Kinase Residue,,,Conserved PKR Residue,,Conserved PKR Residue,Conserved PKR Residue,Conserved PKR Residue
TPV K3,PKR-F267I,-1.2974619740214686,0.5529326913154153,0.1084390224123338,26,8550.0,267.0,Region 1,Variant,F,I,Aromatic,Non-Polar,Conserved Kinase Residue,,,Conserved PKR Residue,,Conserved PKR Residue,Conserved PKR Residue,Conserved PKR Residue
TPV K3,PKR-F267L,-0.18013525244951142,0.607579447469179,0.07160392456917204,72,25855.0,267.0,Region 1,Variant,F,L,Aromatic,Non-Polar,Conserved Kinase Residue,,,Conserved PKR Residue,,Conserved PKR Residue,Conserved PKR Residue,Conserved PKR Residue
TPV K3,PKR-F267S,-1.1582933556569381,0.7113171111864154,0.1676590509646466,18,5778.0,267.0,Region 1,Variant,F,S,Aromatic,Polar-Neutral,Conserved Kinase Residue,,,Conserved PKR Residue,,Conserved PKR Residue,Conserved PKR Residue,Conserved PKR Residue
TPV K3,PKR-F267V,-1.1223500072869976,0.6292411267208317,0.1095368203704846,33,12529.0,267.0,Region 1,Variant,F,V,Aromatic,Non-Polar,Conserved Kinase Residue,,,Conserved PKR Residue,,Conserved PKR Residue,Conserved PKR Residue,Conserved PKR Residue
TPV K3,PKR-F267Y,-0.11867268792515369,0.5741196002082954,0.13924445608212854,17,7044.0,267.0,Region 1,Variant,F,Y,Aromatic,Aromatic,Conserved Kinase Residue,,,Conserved PKR Residue,,Conserved PKR Residue,Conserved PKR Residue,Conserved PKR Residue
TPV K3,PKR-F278C,-0.4545085810721193,1.0341274998070469,0.1170918818408889,78,15176.0,278.0,Region 1,Variant,F,C,Aromatic,Polar-Neutral,Conserved Kinase Residue,,,Conserved PKR Residue,,Conserved PKR Residue,Conserved PKR Residue,Conserved PKR Residue
TPV K3,PKR-F278I,-0.650743217380942,0.7239806749037726,0.08653224152502119,70,13498.0,278.0,Region 1,Variant,F,I,Aromatic,Non-Polar,Conserved Kinase Residue,,,Conserved PKR Residue,,Conserved PKR Residue,Conserved PKR Residue,Conserved PKR Residue
TPV K3,PKR-F278L,-0.6100184101506994,0.8354746295666015,0.06426727919743089,169,33951.0,278.0,Region 1,Variant,F,L,Aromatic,Non-Polar,Conserved Kinase Residue,,,Conserved PKR Residue,,Conserved PKR Residue,Conserved PKR Residue,Conserved PKR Residue
TPV K3,PKR-F278S,-0.5651316654676948,0.9164788014096782,0.13512742725433846,46,8403.0,278.0,Region 1,Variant,F,S,Aromatic,Polar-Neutral,Conserved Kinase Residue,,,Conserved PKR Residue,,Conserved PKR Residue,Conserved PKR Residue,Conserved PKR Residue
TPV K3,PKR-F278V,-0.7675495229394039,0.8754204917236608,0.08754204917236608,100,18773.0,278.0,Region 1,Variant,F,V,Aromatic,Non-Polar,Conserved Kinase Residue,,,Conserved PKR Residue,,Conserved PKR Residue,Conserved PKR Residue,Conserved PKR Residue
TPV K3,PKR-F278Y,1.0859710652334342,1.2117150291955834,0.16967404228999938,51,9365.0,278.0,Region 1,Variant,F,Y,Aromatic,Aromatic,Conserved Kinase Residue,,,Conserved PKR Residue,,Conserved PKR Residue,Conserved PKR Residue,Conserved PKR Residue
TPV K3,PKR-F489C,0.003753937562577958,0.5589656290469041,0.12498851436348084,20,8049.0,489.0,Region 4,Variant,F,C,Aromatic,Polar-Neutral,,Primate Positive Selection,,,Primate Positive Selection,,Primate Positive Selection,Primate Positive Selection
TPV K3,PKR-F489I,5.753718515542848,1.2309792307265643,0.24141488916546874,26,9568.0,489.0,Region 4,Variant,F,I,Aromatic,Non-Polar,,Primate Positive Selection,,,Primate Positive Selection,,Primate Positive Selection,Primate Positive Selection
TPV K3,PKR-F489L,2.8039290187570507,0.9143880512885578,0.12111365608453456,57,21836.0,489.0,Region 4,Variant,F,L,Aromatic,Non-Polar,,Primate Positive Selection,,,Primate Positive Selection,,Primate Positive Selection,Primate Positive Selection
TPV K3,PKR-F489S,0.4572156952782523,0.5564167407533356,0.12441856561433358,20,7813.0,489.0,Region 4,Variant,F,S,Aromatic,Polar-Neutral,,Primate Positive Selection,,,Primate Positive Selection,,Primate Positive Selection,Primate Positive Selection
TPV K3,PKR-F489V,2.6150622536083827,0.7329603341624505,0.1496149016998211,24,10507.0,489.0,Region 4,Variant,F,V,Aromatic,Non-Polar,,Primate Positive Selection,,,Primate Positive Selection,,Primate Positive Selection,Primate Positive Selection
TPV K3,PKR-F489Y,0.08066578591225004,0.6152197557452723,0.1854957357655604,11,5607.0,489.0,Region 4,Variant,F,Y,Aromatic,Aromatic,,Primate Positive Selection,,,Primate Positive Selection,,Primate Positive Selection,Primate Positive Selection
TPV K3,PKR-F494C,-0.14250066087513774,0.8163266265807333,0.12748880020294848,41,7660.0,494.0,Region 4,Variant,F,C,Aromatic,Polar-Neutral,,,,,,,,
TPV K3,PKR-F494I,-0.36706339402824856,0.7777324056855214,0.11724757167997014,44,9482.0,494.0,Region 4,Variant,F,I,Aromatic,Non-Polar,,,,,,,,
TPV K3,PKR-F494L,-0.24599391711087853,0.8148816259777848,0.10107362619977718,65,13387.0,494.0,Region 4,Variant,F,L,Aromatic,Non-Polar,,,,,,,,
TPV K3,PKR-F494S,-0.1098071218269049,0.8211529151116015,0.16761713690186447,24,4451.0,494.0,Region 4,Variant,F,S,Aromatic,Polar-Neutral,,,,,,,,
TPV K3,PKR-F494V,-0.2965367218943157,0.7948932315130649,0.09859437099748124,65,12781.0,494.0,Region 4,Variant,F,V,Aromatic,Non-Polar,,,,,,,,
TPV K3,PKR-F494Y,-0.18403746082754557,0.7055000733835787,0.1288061015045787,30,6523.0,494.0,Region 4,Variant,F,Y,Aromatic,Aromatic,,,,,,,,
TPV K3,PKR-F495C,1.900556916338874,0.9048063898785965,0.13640469559742394,44,9998.0,495.0,Region 4,Variant,F,C,Aromatic,Polar-Neutral,Conserved Kinase Residue,,,,,,,
TPV K3,PKR-F495I,-0.01089676068906835,0.6448087530758463,0.09507186389930282,46,9626.0,495.0,Region 4,Variant,F,I,Aromatic,Non-Polar,Conserved Kinase Residue,,,,,,,
TPV K3,PKR-F495L,-0.3478590095655541,0.8185470042923444,0.0760001813879398,116,25382.0,495.0,Region 4,Variant,F,L,Aromatic,Non-Polar,Conserved Kinase Residue,,,,,,,
TPV K3,PKR-F495S,2.5413366315712165,1.0920442594695765,0.21016401572391516,27,6690.0,495.0,Region 4,Variant,F,S,Aromatic,Polar-Neutral,Conserved Kinase Residue,,,,,,,
TPV K3,PKR-F495V,2.363132261085246,1.090694657303685,0.1746509218391113,39,8315.0,495.0,Region 4,Variant,F,V,Aromatic,Non-Polar,Conserved Kinase Residue,,,,,,,
TPV K3,PKR-F495Y,3.613892892677552,1.060525026568416,0.20409813652387002,27,6034.0,495.0,Region 4,Variant,F,Y,Aromatic,Aromatic,Conserved Kinase Residue,,,,,,,
TPV K3,PKR-G264A,-0.6347169605132045,0.9917064247067382,0.24792660617668455,16,3699.0,264.0,Region 1,Variant,G,A,Unique,Non-Polar,,,,,,,,
TPV K3,PKR-G264C,-0.13671318176355082,0.659135476586994,0.13454546575036197,24,8162.0,264.0,Region 1,Variant,G,C,Unique,Polar-Neutral,,,,,,,,
TPV K3,PKR-G264D,0.15269145653553642,0.6082999271399295,0.1268393028785437,23,7214.0,264.0,Region 1,Variant,G,D,Unique,Negative Charge,,,,,,,,
TPV K3,PKR-G264R,-0.3329159512877084,0.5341893886207693,0.11944837858150927,20,5444.0,264.0,Region 1,Variant,G,R,Unique,Positive Charge,,,,,,,,
TPV K3,PKR-G264S,-0.1920494014160889,0.6210239182967453,0.13551852923680507,21,6923.0,264.0,Region 1,Variant,G,S,Unique,Polar-Neutral,,,,,,,,
TPV K3,PKR-G264V,-0.06409249783310492,0.4223748448333373,0.11288442558272528,14,4277.0,264.0,Region 1,Variant,G,V,Unique,Non-Polar,,,,,,,,
TPV K3,PKR-G274A,0.07963565410233035,1.163556260955389,0.3508254127325346,11,3602.0,274.0,Region 1,Variant,G,A,Unique,Non-Polar,Conserved Kinase Residue,,,,,,,
TPV K3,PKR-G274C,-0.47641460755931947,0.9677186277747891,0.20631830467225337,22,6354.0,274.0,Region 1,Variant,G,C,Unique,Polar-Neutral,Conserved Kinase Residue,,,,,,,
TPV K3,PKR-G274D,-0.06151812579659726,0.48760161101874105,0.09214804297357433,28,9477.0,274.0,Region 1,Variant,G,D,Unique,Negative Charge,Conserved Kinase Residue,,,,,,,
TPV K3,PKR-G274R,-0.9344377055014925,0.38746942826906233,0.10355556060228664,14,5237.0,274.0,Region 1,Variant,G,R,Unique,Positive Charge,Conserved Kinase Residue,,,,,,,
TPV K3,PKR-G274S,-0.3112646944376193,0.4653050388139402,0.08640497653804087,29,10501.0,274.0,Region 1,Variant,G,S,Unique,Polar-Neutral,Conserved Kinase Residue,,,,,,,
TPV K3,PKR-G274V,-0.8598916772651654,0.6492977603263458,0.14168838739337022,21,6930.0,274.0,Region 1,Variant,G,V,Unique,Non-Polar,Conserved Kinase Residue,,,,,,,
TPV K3,PKR-G276A,-0.8409125717626783,0.7413759220762568,0.13315504639988485,31,5893.0,276.0,Region 1,Variant,G,A,Unique,Non-Polar,Conserved Kinase Residue,,,Conserved PKR Residue,,Conserved PKR Residue,Conserved PKR Residue,Conserved PKR Residue
TPV K3,PKR-G276C,-0.7681042092204164,0.8163962782019732,0.09364707564645049,76,15835.0,276.0,Region 1,Variant,G,C,Unique,Polar-Neutral,Conserved Kinase Residue,,,Conserved PKR Residue,,Conserved PKR Residue,Conserved PKR Residue,Conserved PKR Residue
TPV K3,PKR-G276D,-1.4959900096532912,0.7376282800686587,0.10431639176630368,50,9558.0,276.0,Region 1,Variant,G,D,Unique,Negative Charge,Conserved Kinase Residue,,,Conserved PKR Residue,,Conserved PKR Residue,Conserved PKR Residue,Conserved PKR Residue
TPV K3,PKR-G276R,-1.393118361163285,0.6893862809246202,0.10766404888639332,41,7444.0,276.0,Region 1,Variant,G,R,Unique,Positive Charge,Conserved Kinase Residue,,,Conserved PKR Residue,,Conserved PKR Residue,Conserved PKR Residue,Conserved PKR Residue
TPV K3,PKR-G276S,-1.2637325941045445,0.8114545670912139,0.09913495358191979,67,13005.0,276.0,Region 1,Variant,G,S,Unique,Polar-Neutral,Conserved Kinase Residue,,,Conserved PKR Residue,,Conserved PKR Residue,Conserved PKR Residue,Conserved PKR Residue
TPV K3,PKR-G276V,-1.4316678651874837,0.6519211020639583,0.09128721355777522,51,10102.0,276.0,Region 1,Variant,G,V,Unique,Non-Polar,Conserved Kinase Residue,,,Conserved PKR Residue,,Conserved PKR Residue,Conserved PKR Residue,Conserved PKR Residue
TPV K3,PKR-G277A,-0.28336257776435053,1.008195137889075,0.1371979804990645,54,9872.0,277.0,Region 1,Variant,G,A,Unique,Non-Polar,,,,Conserved PKR Residue,,Conserved PKR Residue,Conserved PKR Residue,Conserved PKR Residue
TPV K3,PKR-G277E,-1.139372567214995,0.7086383612940981,0.10123405161344258,49,8114.0,277.0,Region 1,Variant,G,E,Unique,Negative Charge,,,,Conserved PKR Residue,,Conserved PKR Residue,Conserved PKR Residue,Conserved PKR Residue
TPV K3,PKR-G277R,-0.9947159296926292,0.8117322055270272,0.06417306548943313,160,28987.0,277.0,Region 1,Variant,G,R,Unique,Positive Charge,,,,Conserved PKR Residue,,Conserved PKR Residue,Conserved PKR Residue,Conserved PKR Residue
TPV K3,PKR-G277V,-1.3313077173969905,0.9949909064476676,0.1341645464558388,55,10368.0,277.0,Region 1,Variant,G,V,Unique,Non-Polar,,,,Conserved PKR Residue,,Conserved PKR Residue,Conserved PKR Residue,Conserved PKR Residue
TPV K3,PKR-G372A,-0.23229042055151614,0.7384121303996775,0.15072774494672372,24,5338.0,372.0,Region 2,Variant,G,A,Unique,Non-Polar,,,,,,,,
TPV K3,PKR-G372E,-0.2320648791718932,0.8713794055496288,0.14944033517408173,34,6783.0,372.0,Region 2,Variant,G,E,Unique,Negative Charge,,,,,,,,
TPV K3,PKR-G372R,-0.08740627058097648,0.9255408993884771,0.14281406130256946,42,8879.0,372.0,Region 2,Variant,G,R,Unique,Positive Charge,,,,,,,,
TPV K3,PKR-G372V,-0.626177855067325,0.843430441592891,0.15148457920086733,31,5585.0,372.0,Region 2,Variant,G,V,Unique,Non-Polar,,,,,,,,
TPV K3,PKR-G372W,-0.5409762090936098,0.718425801087873,0.10955890755595686,43,9082.0,372.0,Region 2,Variant,G,W,Unique,Aromatic,,,,,,,,
TPV K3,PKR-G383A,0.2312067704697468,1.1420303079068304,0.22840606158136606,25,3323.0,383.0,Region 2,Variant,G,A,Unique,Non-Polar,,,,,,,,
TPV K3,PKR-G383C,1.004240474307871,1.219085840648297,0.21895428060620217,31,4436.0,383.0,Region 2,Variant,G,C,Unique,Polar-Neutral,,,,,,,,
TPV K3,PKR-G383D,-0.037803014254716126,0.9869698051875925,0.21042266948735197,22,2768.0,383.0,Region 2,Variant,G,D,Unique,Negative Charge,,,,,,,,
TPV K3,PKR-G383R,1.1469989551664448,1.257038248444528,0.26800145505477513,22,3545.0,383.0,Region 2,Variant,G,R,Unique,Positive Charge,,,,,,,,
TPV K3,PKR-G383S,0.51899622849031,1.0422943514886356,0.19354920207971316,29,4291.0,383.0,Region 2,Variant,G,S,Unique,Polar-Neutral,,,,,,,,
TPV K3,PKR-G383V,0.6859839968010025,1.0100938837161557,0.16605841156627132,37,4715.0,383.0,Region 2,Variant,G,V,Unique,Non-Polar,,,,,,,,
TPV K3,PKR-G450A,-0.931722939375684,0.9404753739254768,0.1612901959895912,34,7481.0,450.0,Region 3,Variant,G,A,Unique,Non-Polar,Conserved Kinase Residue,,,Conserved PKR Residue,,Conserved PKR Residue,Conserved PKR Residue,Conserved PKR Residue
TPV K3,PKR-G450E,-1.2076782316800532,0.7672766121384494,0.13563662387223452,32,6572.0,450.0,Region 3,Variant,G,E,Unique,Negative Charge,Conserved Kinase Residue,,,Conserved PKR Residue,,Conserved PKR Residue,Conserved PKR Residue,Conserved PKR Residue
TPV K3,PKR-G450R,-1.455589392880182,0.7803693048301441,0.0659532438236731,140,31099.0,450.0,Region 3,Variant,G,R,Unique,Positive Charge,Conserved Kinase Residue,,,Conserved PKR Residue,,Conserved PKR Residue,Conserved PKR Residue,Conserved PKR Residue
TPV K3,PKR-G450V,-1.373726063709002,0.6174581146979633,0.09527585555917331,42,8982.0,450.0,Region 3,Variant,G,V,Unique,Non-Polar,Conserved Kinase Residue,,,Conserved PKR Residue,,Conserved PKR Residue,Conserved PKR Residue,Conserved PKR Residue
TPV K3,PKR-G501A,0.3699898445243803,0.5383573655991261,0.1554103849744366,12,4405.0,501.0,Region 4,Variant,G,A,Unique,Non-Polar,,,,,,,,
TPV K3,PKR-G501C,0.8555327021028943,0.4436283295429421,0.09458187765419808,22,8381.0,501.0,Region 4,Variant,G,C,Unique,Polar-Neutral,,,,,,,,
TPV K3,PKR-G501D,0.1944616855646402,0.5358152284115725,0.13834689708548956,15,5346.0,501.0,Region 4,Variant,G,D,Unique,Negative Charge,,,,,,,,
TPV K3,PKR-G501R,0.4678922737956357,0.7827762484542912,0.217103069309022,13,4120.0,501.0,Region 4,Variant,G,R,Unique,Positive Charge,,,,,,,,
TPV K3,PKR-G501S,0.40913048798723084,0.6071004937703418,0.14724349771645623,17,6350.0,501.0,Region 4,Variant,G,S,Unique,Polar-Neutral,,,,,,,,
TPV K3,PKR-G501V,0.8539166922571231,0.5374654927477286,0.09980483643428528,29,12654.0,501.0,Region 4,Variant,G,V,Unique,Non-Polar,,,,,,,,
TPV K3,PKR-H483D,0.9492550834621692,0.640494143365049,0.11503614406546009,31,7102.0,483.0,Region 4,Variant,H,D,Positive Charge,Negative Charge,,,Vertebrate Positive Selection,,,Vertebrate Positive Selection,,
TPV K3,PKR-H483L,-0.15219395159024898,0.7499759715603908,0.12676907666168344,35,7619.0,483.0,Region 4,Variant,H,L,Positive Charge,Non-Polar,,,Vertebrate Positive Selection,,,Vertebrate Positive Selection,,
TPV K3,PKR-H483N,-0.15160585065983606,0.7144521781270936,0.14011559991534303,26,4910.0,483.0,Region 4,Variant,H,N,Positive Charge,Polar-Neutral,,,Vertebrate Positive Selection,,,Vertebrate Positive Selection,,
TPV K3,PKR-H483P,1.8117344526025556,0.7045979180814659,0.12654952188445848,31,7494.0,483.0,Region 4,Variant,H,P,Positive Charge,Unique,,,Vertebrate Positive Selection,,,Vertebrate Positive Selection,,
TPV K3,PKR-H483R,-0.0019114947532901804,0.7371363363241482,0.13239359432040898,31,6864.0,483.0,Region 4,Variant,H,R,Positive Charge,Positive Charge,,,Vertebrate Positive Selection,,,Vertebrate Positive Selection,,
TPV K3,PKR-H483Y,-0.11748971935341763,0.645728254708605,0.10475095514311691,38,8609.0,483.0,Region 4,Variant,H,Y,Positive Charge,Aromatic,,,Vertebrate Positive Selection,,,Vertebrate Positive Selection,,
TPV K3,PKR-I270K,-0.06683583910667955,0.5337311041200008,0.11646967549439335,21,7021.0,270.0,Region 1,Variant,I,K,Non-Polar,Positive Charge,,,Vertebrate Positive Selection,,,Vertebrate Positive Selection,,
TPV K3,PKR-I270L,0.12733765809213127,0.7016803783240394,0.11235878354228351,39,12843.0,270.0,Region 1,Variant,I,L,Non-Polar,Non-Polar,,,Vertebrate Positive Selection,,,Vertebrate Positive Selection,,
TPV K3,PKR-I270M,0.07416550863254036,0.6142650280946238,0.07289984686126315,71,23261.0,270.0,Region 1,Variant,I,M,Non-Polar,Non-Polar,,,Vertebrate Positive Selection,,,Vertebrate Positive Selection,,
TPV K3,PKR-I270R,0.052026760769633126,0.5456499988964691,0.08970430724174885,37,12489.0,270.0,Region 1,Variant,I,R,Non-Polar,Positive Charge,,,Vertebrate Positive Selection,,,Vertebrate Positive Selection,,
TPV K3,PKR-I270T,0.07835730128367317,0.5296215531186056,0.13674769700139108,15,5609.0,270.0,Region 1,Variant,I,T,Non-Polar,Polar-Neutral,,,Vertebrate Positive Selection,,,Vertebrate Positive Selection,,
TPV K3,PKR-I270V,-0.14771588721990933,0.5678743246722138,0.10367919248366132,30,10599.0,270.0,Region 1,Variant,I,V,Non-Polar,Non-Polar,,,Vertebrate Positive Selection,,,Vertebrate Positive Selection,,
TPV K3,PKR-I273F,-0.07372156917319564,0.5796658722865577,0.09941187695254287,34,12071.0,273.0,Region 1,Variant,I,F,Non-Polar,Aromatic,Conserved Kinase Residue,,,,,,,
TPV K3,PKR-I273L,0.009984362243668684,0.6056161856642419,0.15636942675141785,15,5438.0,273.0,Region 1,Variant,I,L,Non-Polar,Non-Polar,Conserved Kinase Residue,,,,,,,
TPV K3,PKR-I273M,-0.07561063804257198,0.8319570316827071,0.10740519094890935,60,20185.0,273.0,Region 1,Variant,I,M,Non-Polar,Non-Polar,Conserved Kinase Residue,,,,,,,
TPV K3,PKR-I273N,0.005308922873320337,0.5105179954519844,0.08629329119434362,35,11104.0,273.0,Region 1,Variant,I,N,Non-Polar,Polar-Neutral,Conserved Kinase Residue,,,,,,,
TPV K3,PKR-I273S,0.029659634729386635,0.4152659936270979,0.09787913336329686,18,6342.0,273.0,Region 1,Variant,I,S,Non-Polar,Polar-Neutral,Conserved Kinase Residue,,,,,,,
TPV K3,PKR-I273T,0.008377626690529279,0.6133108964998435,0.15332772412496087,16,5392.0,273.0,Region 1,Variant,I,T,Non-Polar,Polar-Neutral,Conserved Kinase Residue,,,,,,,
TPV K3,PKR-I273V,-0.05109668713948004,0.5016454931015835,0.10239795748881153,24,6590.0,273.0,Region 1,Variant,I,V,Non-Polar,Non-Polar,Conserved Kinase Residue,,,,,,,
TPV K3,PKR-I378F,1.29313820174171,0.8905145041606556,0.14841908402677592,36,6645.0,378.0,Region 2,Variant,I,F,Non-Polar,Aromatic,,,Vertebrate Positive Selection,,,Vertebrate Positive Selection,,
TPV K3,PKR-I378L,0.7972964453079309,1.2035171006113043,0.2836717010387419,18,2908.0,378.0,Region 2,Variant,I,L,Non-Polar,Non-Polar,,,Vertebrate Positive Selection,,,Vertebrate Positive Selection,,
TPV K3,PKR-I378M,1.4821206313062063,0.8651199409523712,0.08402787678903893,106,19039.0,378.0,Region 2,Variant,I,M,Non-Polar,Non-Polar,,,Vertebrate Positive Selection,,,Vertebrate Positive Selection,,
TPV K3,PKR-I378N,0.2728930189873241,0.9129630918714354,0.17904679310163277,26,3861.0,378.0,Region 2,Variant,I,N,Non-Polar,Polar-Neutral,,,Vertebrate Positive Selection,,,Vertebrate Positive Selection,,
TPV K3,PKR-I378S,0.9728892944246844,0.8034220192457765,0.14202628949081936,32,6870.0,378.0,Region 2,Variant,I,S,Non-Polar,Polar-Neutral,,,Vertebrate Positive Selection,,,Vertebrate Positive Selection,,
TPV K3,PKR-I378T,0.27031798461853274,0.8409346938380046,0.19821020818262877,18,3005.0,378.0,Region 2,Variant,I,T,Non-Polar,Polar-Neutral,,,Vertebrate Positive Selection,,,Vertebrate Positive Selection,,
TPV K3,PKR-I378V,-0.004334654703459293,0.559390135677561,0.09074506277614403,38,7321.0,378.0,Region 2,Variant,I,V,Non-Polar,Non-Polar,,,Vertebrate Positive Selection,,,Vertebrate Positive Selection,,
TPV K3,PKR-I502F,0.13259818772233942,0.65731880350156,0.1161986458393452,32,9867.0,502.0,Region 4,Variant,I,F,Non-Polar,Aromatic,,Primate Positive Selection,Vertebrate Positive Selection,,Primate Positive Selection,Vertebrate Positive Selection,Primate Positive Selection,Primate Positive Selection
TPV K3,PKR-I502L,0.08188023384123382,0.6046657574887514,0.16160372128836054,14,4148.0,502.0,Region 4,Variant,I,L,Non-Polar,Non-Polar,,Primate Positive Selection,Vertebrate Positive Selection,,Primate Positive Selection,Vertebrate Positive Selection,Primate Positive Selection,Primate Positive Selection
TPV K3,PKR-I502M,-0.03441312217375986,0.6570182917512563,0.08859232838690624,55,19203.0,502.0,Region 4,Variant,I,M,Non-Polar,Non-Polar,,Primate Positive Selection,Vertebrate Positive Selection,,Primate Positive Selection,Vertebrate Positive Selection,Primate Positive Selection,Primate Positive Selection
TPV K3,PKR-I502N,0.05821510792105293,0.5228660195161103,0.09390950935472858,31,10308.0,502.0,Region 4,Variant,I,N,Non-Polar,Polar-Neutral,,Primate Positive Selection,Vertebrate Positive Selection,,Primate Positive Selection,Vertebrate Positive Selection,Primate Positive Selection,Primate Positive Selection
TPV K3,PKR-I502S,0.11639451746789141,0.6112141654667315,0.11550861997320389,28,9430.0,502.0,Region 4,Variant,I,S,Non-Polar,Polar-Neutral,,Primate Positive Selection,Vertebrate Positive Selection,,Primate Positive Selection,Vertebrate Positive Selection,Primate Positive Selection,Primate Positive Selection
TPV K3,PKR-I502T,0.08723276298624974,0.5493984214463822,0.10987968428927644,25,7814.0,502.0,Region 4,Variant,I,T,Non-Polar,Polar-Neutral,,Primate Positive Selection,Vertebrate Positive Selection,,Primate Positive Selection,Vertebrate Positive Selection,Primate Positive Selection,Primate Positive Selection
TPV K3,PKR-I502V,0.33799679224234674,0.4813434486348455,0.11042776051235012,19,6888.0,502.0,Region 4,Variant,I,V,Non-Polar,Non-Polar,,Primate Positive Selection,Vertebrate Positive Selection,,Primate Positive Selection,Vertebrate Positive Selection,Primate Positive Selection,Primate Positive Selection
TPV K3,PKR-I503F,-0.32785445047479517,0.4995649192395504,0.11774858067906535,18,5751.0,503.0,Region 4,Variant,I,F,Non-Polar,Aromatic,,,,,,,,
TPV K3,PKR-I503L,0.20984378506345722,0.623930531558195,0.1470618366180423,18,5232.0,503.0,Region 4,Variant,I,L,Non-Polar,Non-Polar,,,,,,,,
TPV K3,PKR-I503M,-0.26156718852355626,0.5562440823872719,0.07367632855478956,57,18312.0,503.0,Region 4,Variant,I,M,Non-Polar,Non-Polar,,,,,,,,
TPV K3,PKR-I503N,0.19508792990553717,0.4747277080755494,0.10615234260596043,20,6819.0,503.0,Region 4,Variant,I,N,Non-Polar,Polar-Neutral,,,,,,,,
TPV K3,PKR-I503S,0.12219770822860744,0.7412084325520834,0.15802616878892334,22,6801.0,503.0,Region 4,Variant,I,S,Non-Polar,Polar-Neutral,,,,,,,,
TPV K3,PKR-I503T,-0.20941142860275985,0.4958092249410241,0.13751273718253243,13,5137.0,503.0,Region 4,Variant,I,T,Non-Polar,Polar-Neutral,,,,,,,,
TPV K3,PKR-I503V,0.21630697854165695,0.8414235270110054,0.21035588175275136,16,5127.0,503.0,Region 4,Variant,I,V,Non-Polar,Non-Polar,,,,,,,,
TPV K3,PKR-I506K,0.3151849285816171,0.5890523820861017,0.13513788452448555,19,5448.0,506.0,Region 4,Variant,I,K,Non-Polar,Positive Charge,,Primate Positive Selection,,,Primate Positive Selection,,Primate Positive Selection,Primate Positive Selection
TPV K3,PKR-I506L,0.22672475412021817,0.6663482849547572,0.10161716079918354,43,12660.0,506.0,Region 4,Variant,I,L,Non-Polar,Non-Polar,,Primate Positive Selection,,,Primate Positive Selection,,Primate Positive Selection,Primate Positive Selection
TPV K3,PKR-I506M,-0.029015114142109517,0.6233549347665697,0.08997353484704015,48,14863.0,506.0,Region 4,Variant,I,M,Non-Polar,Non-Polar,,Primate Positive Selection,,,Primate Positive Selection,,Primate Positive Selection,Primate Positive Selection
TPV K3,PKR-I506R,0.23490191228266746,0.5610804596871458,0.14487035175004784,15,4758.0,506.0,Region 4,Variant,I,R,Non-Polar,Positive Charge,,Primate Positive Selection,,,Primate Positive Selection,,Primate Positive Selection,Primate Positive Selection
TPV K3,PKR-I506T,-0.08268355445205607,0.607160167775502,0.1324932108473012,21,6736.0,506.0,Region 4,Variant,I,T,Non-Polar,Polar-Neutral,,Primate Positive Selection,,,Primate Positive Selection,,Primate Positive Selection,Primate Positive Selection
TPV K3,PKR-I506V,0.07310480565228719,0.36503846216896485,0.08604039066452802,18,5478.0,506.0,Region 4,Variant,I,V,Non-Polar,Non-Polar,,Primate Positive Selection,,,Primate Positive Selection,,Primate Positive Selection,Primate Positive Selection
TPV K3,PKR-K256E,-0.04636161329078608,0.7860943379601041,0.10148434264891426,60,15726.0,256.0,Region 1,Variant,K,E,Positive Charge,Negative Charge,,,,,,,,
TPV K3,PKR-K256M,-0.14349478086717476,0.5398497308572816,0.09397577571594995,33,7438.0,256.0,Region 1,Variant,K,M,Positive Charge,Non-Polar,,,,,,,,
TPV K3,PKR-K256N,0.1124116964478791,0.6744882602152681,0.06131711456502437,121,28882.0,256.0,Region 1,Variant,K,N,Positive Charge,Polar-Neutral,,,,,,,,
TPV K3,PKR-K256Q,0.02417523491880861,0.7638748613528998,0.10300086529265064,55,13733.0,256.0,Region 1,Variant,K,Q,Positive Charge,Polar-Neutral,,,,,,,,
TPV K3,PKR-K256R,-0.10982992627773534,0.7388499790125475,0.10554999700179249,49,11695.0,256.0,Region 1,Variant,K,R,Positive Charge,Positive Charge,,,,,,,,
TPV K3,PKR-K256T,-0.1573760576640802,0.48932164157130165,0.08391796920908806,34,9047.0,256.0,Region 1,Variant,K,T,Positive Charge,Polar-Neutral,,,,,,,,
TPV K3,PKR-K261E,-0.0829436422926887,0.5716849497186683,0.09804316002401792,34,11862.0,261.0,Region 1,Variant,K,E,Positive Charge,Negative Charge,,Primate Positive Selection,Vertebrate Positive Selection,,Primate Positive Selection,Vertebrate Positive Selection,Primate Positive Selection,Primate Positive Selection
TPV K3,PKR-K261M,0.08562285639506793,0.576708441599565,0.1019486124556446,32,9650.0,261.0,Region 1,Variant,K,M,Positive Charge,Non-Polar,,Primate Positive Selection,Vertebrate Positive Selection,,Primate Positive Selection,Vertebrate Positive Selection,Primate Positive Selection,Primate Positive Selection
TPV K3,PKR-K261N,-0.011812190529155615,0.6285020157512556,0.07736325020233811,66,20181.0,261.0,Region 1,Variant,K,N,Positive Charge,Polar-Neutral,,Primate Positive Selection,Vertebrate Positive Selection,,Primate Positive Selection,Vertebrate Positive Selection,Primate Positive Selection,Primate Positive Selection
TPV K3,PKR-K261Q,0.03351637627702743,0.5763034195505528,0.08497130351728989,46,13791.0,261.0,Region 1,Variant,K,Q,Positive Charge,Polar-Neutral,,Primate Positive Selection,Vertebrate Positive Selection,,Primate Positive Selection,Vertebrate Positive Selection,Primate Positive Selection,Primate Positive Selection
TPV K3,PKR-K261R,-0.1010589019349052,0.49179750731494953,0.11282608605637211,19,5636.0,261.0,Region 1,Variant,K,R,Positive Charge,Positive Charge,,Primate Positive Selection,Vertebrate Positive Selection,,Primate Positive Selection,Vertebrate Positive Selection,Primate Positive Selection,Primate Positive Selection
TPV K3,PKR-K261T,0.04501599057758716,0.9865277852149733,0.2847860411784551,12,3423.0,261.0,Region 1,Variant,K,T,Positive Charge,Polar-Neutral,,Primate Positive Selection,Vertebrate Positive Selection,,Primate Positive Selection,Vertebrate Positive Selection,Primate Positive Selection,Primate Positive Selection
TPV K3,PKR-K268E,0.08767349237324695,0.6499239200566568,0.10028543808523696,42,14975.0,268.0,Region 1,Variant,K,E,Positive Charge,Negative Charge,,,,,,,,
TPV K3,PKR-K268I,-0.06281051404509051,0.5938817739560522,0.12122560947760233,24,6746.0,268.0,Region 1,Variant,K,I,Positive Charge,Non-Polar,,,,,,,,
TPV K3,PKR-K268N,-0.08822226008953675,0.6910805538032211,0.07585594558147594,83,29268.0,268.0,Region 1,Variant,K,N,Positive Charge,Polar-Neutral,,,,,,,,
TPV K3,PKR-K268Q,0.05749331090238335,0.5311516518669096,0.08732079367248763,37,13964.0,268.0,Region 1,Variant,K,Q,Positive Charge,Polar-Neutral,,,,,,,,
TPV K3,PKR-K268R,0.17341082875453637,0.6528564416175001,0.1583409451266966,17,4861.0,268.0,Region 1,Variant,K,R,Positive Charge,Positive Charge,,,,,,,,
TPV K3,PKR-K268T,-0.06647808699320462,0.685936838662686,0.18332433137447174,14,5355.0,268.0,Region 1,Variant,K,T,Positive Charge,Polar-Neutral,,,,,,,,
TPV K3,PKR-K371E,0.10896049424078073,0.6851330469741771,0.10832904643447665,40,7567.0,371.0,Region 2,Variant,K,E,Positive Charge,Negative Charge,,,,,,,,
TPV K3,PKR-K371I,-0.18545510165836165,0.7753062072727628,0.1155758255226293,45,10607.0,371.0,Region 2,Variant,K,I,Positive Charge,Non-Polar,,,,,,,,
TPV K3,PKR-K371N,-0.018373546429790638,1.0228618419641857,0.13316526928915692,59,13814.0,371.0,Region 2,Variant,K,N,Positive Charge,Polar-Neutral,,,,,,,,
TPV K3,PKR-K371Q,0.02971336931144482,1.0070712302833356,0.14848455218029388,46,9062.0,371.0,Region 2,Variant,K,Q,Positive Charge,Polar-Neutral,,,,,,,,
TPV K3,PKR-K371R,0.13520235224586633,1.3080077833919412,0.2565214312094905,26,5284.0,371.0,Region 2,Variant,K,R,Positive Charge,Positive Charge,,,,,,,,
TPV K3,PKR-K371T,-0.18303237694054605,1.2187209898395222,0.26594672318910084,21,3828.0,371.0,Region 2,Variant,K,T,Positive Charge,Polar-Neutral,,,,,,,,
TPV K3,PKR-K380E,0.14745281788714748,1.162517356758963,0.15264600725353292,58,10720.0,380.0,Region 2,Variant,K,E,Positive Charge,Negative Charge,,Primate Positive Selection,,,Primate Positive Selection,,Primate Positive Selection,Primate Positive Selection
TPV K3,PKR-K380I,0.18185553104854385,0.9535617680312211,0.14214859560417972,45,8264.0,380.0,Region 2,Variant,K,I,Positive Charge,Non-Polar,,Primate Positive Selection,,,Primate Positive Selection,,Primate Positive Selection,Primate Positive Selection
TPV K3,PKR-K380N,0.16171813958616593,0.8035327503227557,0.08664716482708883,86,17305.0,380.0,Region 2,Variant,K,N,Positive Charge,Polar-Neutral,,Primate Positive Selection,,,Primate Positive Selection,,Primate Positive Selection,Primate Positive Selection
TPV K3,PKR-K380Q,-0.03970119097885382,0.8250131261639835,0.11440873574288785,52,9522.0,380.0,Region 2,Variant,K,Q,Positive Charge,Polar-Neutral,,Primate Positive Selection,,,Primate Positive Selection,,Primate Positive Selection,Primate Positive Selection
TPV K3,PKR-K380R,-0.2560183722185553,0.816613918509042,0.14666818947308463,31,5773.0,380.0,Region 2,Variant,K,R,Positive Charge,Positive Charge,,Primate Positive Selection,,,Primate Positive Selection,,Primate Positive Selection,Primate Positive Selection
TPV K3,PKR-K380T,0.2915542030025994,0.8515888853060636,0.2007214251943369,18,3182.0,380.0,Region 2,Variant,K,T,Positive Charge,Polar-Neutral,,Primate Positive Selection,,,Primate Positive Selection,,Primate Positive Selection,Primate Positive Selection
TPV K3,PKR-K385E,0.25211226085685434,0.856911990541992,0.126344780138098,46,6107.0,385.0,Region 2,Variant,K,E,Positive Charge,Negative Charge,,,Vertebrate Positive Selection,,,Vertebrate Positive Selection,,
TPV K3,PKR-K385I,0.314089014018603,1.1098854031542813,0.19620187372758935,32,4584.0,385.0,Region 2,Variant,K,I,Positive Charge,Non-Polar,,,Vertebrate Positive Selection,,,Vertebrate Positive Selection,,
TPV K3,PKR-K385N,0.5083993781625417,0.9821928293823269,0.10653377007205471,85,12083.0,385.0,Region 2,Variant,K,N,Positive Charge,Polar-Neutral,,,Vertebrate Positive Selection,,,Vertebrate Positive Selection,,
TPV K3,PKR-K385Q,0.4060879912881063,0.7862223904252477,0.1243126750582971,40,5715.0,385.0,Region 2,Variant,K,Q,Positive Charge,Polar-Neutral,,,Vertebrate Positive Selection,,,Vertebrate Positive Selection,,
TPV K3,PKR-K385R,-0.051456358481801474,0.64300880621848,0.13125362294595191,24,3068.0,385.0,Region 2,Variant,K,R,Positive Charge,Positive Charge,,,Vertebrate Positive Selection,,,Vertebrate Positive Selection,,
TPV K3,PKR-K385T,0.28385368660092897,0.7646357978739204,0.17541948271294797,19,2742.0,385.0,Region 2,Variant,K,T,Positive Charge,Polar-Neutral,,,Vertebrate Positive Selection,,,Vertebrate Positive Selection,,
TPV K3,PKR-K449E,-0.554136102477339,0.7905045199707945,0.09805001832614714,65,12624.0,449.0,Region 3,Variant,K,E,Positive Charge,Negative Charge,,,Vertebrate Positive Selection,,Primate Positive Selection,Vertebrate Positive Selection,,Primate Positive Selection
TPV K3,PKR-K449M,-0.6891257305586234,0.7058838441989128,0.091898248955214,59,11285.0,449.0,Region 3,Variant,K,M,Positive Charge,Non-Polar,,,Vertebrate Positive Selection,,Primate Positive Selection,Vertebrate Positive Selection,,Primate Positive Selection
TPV K3,PKR-K449N,-0.4062003189309982,0.8555416163691029,0.07621770496618979,126,24635.0,449.0,Region 3,Variant,K,N,Positive Charge,Polar-Neutral,,,Vertebrate Positive Selection,,Primate Positive Selection,Vertebrate Positive Selection,,Primate Positive Selection
TPV K3,PKR-K449Q,-0.4533309503672172,0.6911278277678314,0.08260557524552455,70,14585.0,449.0,Region 3,Variant,K,Q,Positive Charge,Polar-Neutral,,,Vertebrate Positive Selection,,Primate Positive Selection,Vertebrate Positive Selection,,Primate Positive Selection
TPV K3,PKR-K449R,0.2860249557378897,0.9711640598320745,0.14985386779487456,42,7658.0,449.0,Region 3,Variant,K,R,Positive Charge,Positive Charge,,,Vertebrate Positive Selection,,Primate Positive Selection,Vertebrate Positive Selection,,Primate Positive Selection
TPV K3,PKR-K449T,-0.40234509134804664,0.7861750674562984,0.11989057381822454,43,7259.0,449.0,Region 3,Variant,K,T,Positive Charge,Polar-Neutral,,,Vertebrate Positive Selection,,Primate Positive Selection,Vertebrate Positive Selection,,Primate Positive Selection
TPV K3,PKR-K493E,0.40853113018105713,0.662291351158992,0.07973050930060198,69,14383.0,493.0,Region 4,Variant,K,E,Positive Charge,Negative Charge,,,Vertebrate Positive Selection,,,Vertebrate Positive Selection,,
TPV K3,PKR-K493M,0.2446583739448852,0.7608358494393634,0.11341871193768079,45,7973.0,493.0,Region 4,Variant,K,M,Positive Charge,Non-Polar,,,Vertebrate Positive Selection,,,Vertebrate Positive Selection,,
TPV K3,PKR-K493N,0.5380669664172868,0.6640976873972886,0.07039421407582523,89,17821.0,493.0,Region 4,Variant,K,N,Positive Charge,Polar-Neutral,,,Vertebrate Positive Selection,,,Vertebrate Positive Selection,,
TPV K3,PKR-K493Q,0.8988946119311041,0.8747700185405947,0.13340117719726677,43,8536.0,493.0,Region 4,Variant,K,Q,Positive Charge,Polar-Neutral,,,Vertebrate Positive Selection,,,Vertebrate Positive Selection,,
TPV K3,PKR-K493R,-0.28001531505629973,0.6371123872254973,0.09950023825883621,41,8444.0,493.0,Region 4,Variant,K,R,Positive Charge,Positive Charge,,,Vertebrate Positive Selection,,,Vertebrate Positive Selection,,
TPV K3,PKR-K493T,0.6102809262373864,0.9547626699776058,0.19908177869394875,23,4532.0,493.0,Region 4,Variant,K,T,Positive Charge,Polar-Neutral,,,Vertebrate Positive Selection,,,Vertebrate Positive Selection,,
TPV K3,PKR-L272F,-0.2883339396482145,0.6511054950082578,0.07062230656019206,85,29221.0,272.0,Region 1,Variant,L,F,Non-Polar,Aromatic,,,Vertebrate Positive Selection,,,Vertebrate Positive Selection,,
TPV K3,PKR-L272I,0.21088743039058502,0.5838725809771128,0.11236633059985922,27,8393.0,272.0,Region 1,Variant,L,I,Non-Polar,Non-Polar,,,Vertebrate Positive Selection,,,Vertebrate Positive Selection,,
TPV K3,PKR-L272S,0.22304384917856632,0.7094287703550598,0.09565935588016966,55,19056.0,272.0,Region 1,Variant,L,S,Non-Polar,Polar-Neutral,,,Vertebrate Positive Selection,,,Vertebrate Positive Selection,,
TPV K3,PKR-L272V,0.11317813767534317,0.525648363711325,0.07509262338733214,49,15031.0,272.0,Region 1,Variant,L,V,Non-Polar,Non-Polar,,,Vertebrate Positive Selection,,,Vertebrate Positive Selection,,
TPV K3,PKR-L374F,0.04750961537949851,0.7744717923890138,0.07384298804689039,110,23565.0,374.0,Region 2,Variant,L,F,Non-Polar,Aromatic,,,,Conserved PKR Residue,,Conserved PKR Residue,Conserved PKR Residue,Conserved PKR Residue
TPV K3,PKR-L374M,0.0068904078927601005,0.7560624082176884,0.10385315877318563,53,12513.0,374.0,Region 2,Variant,L,M,Non-Polar,Non-Polar,,,,Conserved PKR Residue,,Conserved PKR Residue,Conserved PKR Residue,Conserved PKR Residue
TPV K3,PKR-L374S,-0.3540731132966546,0.8534478298039881,0.1195065998831451,51,9881.0,374.0,Region 2,Variant,L,S,Non-Polar,Polar-Neutral,,,,Conserved PKR Residue,,Conserved PKR Residue,Conserved PKR Residue,Conserved PKR Residue
TPV K3,PKR-L374V,0.060938809439647856,0.7010847910702185,0.1137309711405746,38,9020.0,374.0,Region 2,Variant,L,V,Non-Polar,Non-Polar,,,,Conserved PKR Residue,,Conserved PKR Residue,Conserved PKR Residue,Conserved PKR Residue
TPV K3,PKR-L374W,0.03533010285356571,0.9054540117660029,0.11689361027754745,60,12172.0,374.0,Region 2,Variant,L,W,Non-Polar,Aromatic,,,,Conserved PKR Residue,,Conserved PKR Residue,Conserved PKR Residue,Conserved PKR Residue
TPV K3,PKR-L452F,2.6107099560934492,1.1531891245531827,0.10153264098777023,129,35243.0,452.0,Region 3,Variant,L,F,Non-Polar,Aromatic,,,,,,,,
TPV K3,PKR-L452M,1.7605190982934855,0.9556774627040384,0.12658257222693206,57,14095.0,452.0,Region 3,Variant,L,M,Non-Polar,Non-Polar,,,,,,,,
TPV K3,PKR-L452S,4.548412859348764,1.6711086999144438,0.25785767054759484,42,10435.0,452.0,Region 3,Variant,L,S,Non-Polar,Polar-Neutral,,,,,,,,
TPV K3,PKR-L452V,1.7413655152968188,0.873946778441228,0.12004582234782707,53,15864.0,452.0,Region 3,Variant,L,V,Non-Polar,Non-Polar,,,,,,,,
TPV K3,PKR-L452W,1.4983178078496657,0.9199078969724586,0.20074036048875857,21,5276.0,452.0,Region 3,Variant,L,W,Non-Polar,Aromatic,,,,,,,,
TPV K3,PKR-L481F,0.08078802979307799,0.9577771785995465,0.14778822717515083,42,8359.0,481.0,Region 4,Variant,L,F,Non-Polar,Aromatic,Conserved Kinase Residue,,,,,,,
TPV K3,PKR-L481H,-0.2575874172665922,0.8269956726162024,0.17631606982476425,22,4217.0,481.0,Region 4,Variant,L,H,Non-Polar,Positive Charge,Conserved Kinase Residue,,,,,,,
TPV K3,PKR-L481I,-0.15467847074446808,0.6620432994112208,0.14446969204239202,21,4321.0,481.0,Region 4,Variant,L,I,Non-Polar,Non-Polar,Conserved Kinase Residue,,,,,,,
TPV K3,PKR-L481P,-1.4728797193038463,0.47258560180832565,0.11138949457659754,18,4369.0,481.0,Region 4,Variant,L,P,Non-Polar,Unique,Conserved Kinase Residue,,,,,,,
TPV K3,PKR-L481R,-1.4457083494440885,0.6600703514148912,0.11157225318368849,35,8226.0,481.0,Region 4,Variant,L,R,Non-Polar,Positive Charge,Conserved Kinase Residue,,,,,,,
TPV K3,PKR-L481V,0.3000871155085899,0.7871914890265529,0.13119858150442548,36,7865.0,481.0,Region 4,Variant,L,V,Non-Polar,Non-Polar,Conserved Kinase Residue,,,,,,,
TPV K3,PKR-L482F,0.18985415510778897,0.714769813550158,0.1304985167683944,30,6112.0,482.0,Region 4,Variant,L,F,Non-Polar,Aromatic,,,,,,,,
TPV K3,PKR-L482H,0.9469060482050283,0.8781761165831221,0.19636614928966412,20,4471.0,482.0,Region 4,Variant,L,H,Non-Polar,Positive Charge,,,,,,,,
TPV K3,PKR-L482I,0.024733459062118206,0.8356814420703558,0.1525738589034602,30,6263.0,482.0,Region 4,Variant,L,I,Non-Polar,Non-Polar,,,,,,,,
TPV K3,PKR-L482P,-0.18149020716753692,1.348914313800674,0.32715977621810266,17,3021.0,482.0,Region 4,Variant,L,P,Non-Polar,Unique,,,,,,,,
TPV K3,PKR-L482R,0.037465324738160416,0.6627901005155719,0.12100836298116505,30,6448.0,482.0,Region 4,Variant,L,R,Non-Polar,Positive Charge,,,,,,,,
TPV K3,PKR-L482V,0.06923535666276404,0.7801978982850926,0.14012767916214905,31,6837.0,482.0,Region 4,Variant,L,V,Non-Polar,Non-Polar,,,,,,,,
TPV K3,PKR-L498I,0.39250222390791367,0.5655054122677524,0.11090473585367701,26,10390.0,498.0,Region 4,Variant,L,I,Non-Polar,Non-Polar,Conserved Kinase Residue,,,,,,,
TPV K3,PKR-L498P,2.874112312927418,0.6426572988129007,0.20322608191801905,10,4196.0,498.0,Region 4,Variant,L,P,Non-Polar,Unique,Conserved Kinase Residue,,,,,,,
TPV K3,PKR-L498Q,0.3311793294050361,0.4952414934084663,0.10326498981481701,23,10463.0,498.0,Region 4,Variant,L,Q,Non-Polar,Polar-Neutral,Conserved Kinase Residue,,,,,,,
TPV K3,PKR-L498R,0.8681715970617312,0.6787324083644435,0.15176918036350423,20,7635.0,498.0,Region 4,Variant,L,R,Non-Polar,Positive Charge,Conserved Kinase Residue,,,,,,,
TPV K3,PKR-L498V,0.43652926487645893,0.6365614331405348,0.10609357219008914,36,13651.0,498.0,Region 4,Variant,L,V,Non-Polar,Non-Polar,Conserved Kinase Residue,,,,,,,
TPV K3,PKR-M265I,-0.035695064162851516,0.5557621660769096,0.0694702707596137,64,21108.0,265.0,Region 1,Variant,M,I,Non-Polar,Non-Polar,,Primate Positive Selection,,,Primate Positive Selection,,Primate Positive Selection,Primate Positive Selection
TPV K3,PKR-M265K,0.08835666390981572,0.6076109640927102,0.11916231394544825,26,10366.0,265.0,Region 1,Variant,M,K,Non-Polar,Positive Charge,,Primate Positive Selection,,,Primate Positive Selection,,Primate Positive Selection,Primate Positive Selection
TPV K3,PKR-M265L,0.2173511455037748,0.7335820875318672,0.13175523239259304,31,10836.0,265.0,Region 1,Variant,M,L,Non-Polar,Non-Polar,,Primate Positive Selection,,,Primate Positive Selection,,Primate Positive Selection,Primate Positive Selection
TPV K3,PKR-M265R,0.1663835281319245,0.823530318909662,0.18893081247731786,19,6312.0,265.0,Region 1,Variant,M,R,Non-Polar,Positive Charge,,Primate Positive Selection,,,Primate Positive Selection,,Primate Positive Selection,Primate Positive Selection
TPV K3,PKR-M265T,0.2791718371277019,0.6814874526172217,0.14529361308535177,22,7109.0,265.0,Region 1,Variant,M,T,Non-Polar,Polar-Neutral,,Primate Positive Selection,,,Primate Positive Selection,,Primate Positive Selection,Primate Positive Selection
TPV K3,PKR-M265V,0.1335861322986609,0.6447451582521598,0.14791468363991073,19,6240.0,265.0,Region 1,Variant,M,V,Non-Polar,Non-Polar,,Primate Positive Selection,,,Primate Positive Selection,,Primate Positive Selection,Primate Positive Selection
TPV K3,PKR-M455I,0.8111484377243352,0.6254158529779746,0.06823846397849861,84,26951.0,455.0,Region 3,Variant,M,I,Non-Polar,Non-Polar,,,,Conserved PKR Residue,,Conserved PKR Residue,Conserved PKR Residue,Conserved PKR Residue
TPV K3,PKR-M455K,3.000244433198208,0.8287224735171431,0.13624113540340912,37,11295.0,455.0,Region 3,Variant,M,K,Non-Polar,Positive Charge,,,,Conserved PKR Residue,,Conserved PKR Residue,Conserved PKR Residue,Conserved PKR Residue
TPV K3,PKR-M455L,1.92432438654126,1.0549755364631423,0.14629878427223036,52,15469.0,455.0,Region 3,Variant,M,L,Non-Polar,Non-Polar,,,,Conserved PKR Residue,,Conserved PKR Residue,Conserved PKR Residue,Conserved PKR Residue
TPV K3,PKR-M455R,2.4787381526518857,1.0324897566520768,0.14457748432028295,51,14761.0,455.0,Region 3,Variant,M,R,Non-Polar,Positive Charge,,,,Conserved PKR Residue,,Conserved PKR Residue,Conserved PKR Residue,Conserved PKR Residue
TPV K3,PKR-M455T,1.4071467929118628,0.8305498932770329,0.13132146865825964,40,11848.0,455.0,Region 3,Variant,M,T,Non-Polar,Polar-Neutral,,,,Conserved PKR Residue,,Conserved PKR Residue,Conserved PKR Residue,Conserved PKR Residue
TPV K3,PKR-M455V,1.9219269202826768,1.0665054234237072,0.1539367983264683,48,14559.0,455.0,Region 3,Variant,M,V,Non-Polar,Non-Polar,,,,Conserved PKR Residue,,Conserved PKR Residue,Conserved PKR Residue,Conserved PKR Residue
TPV K3,PKR-Q376*,-1.3549928484514857,0.714112649074377,0.13037853549926898,30,5355.0,376.0,Region 2,Nonsense,Q,*,Polar-Neutral,Stop,,Primate Positive Selection,,,,,Primate Positive Selection,
TPV K3,PKR-Q376E,0.3136935522930965,1.5538313436159286,0.35647335800672925,19,3755.0,376.0,Region 2,Variant,Q,E,Polar-Neutral,Negative Charge,,Primate Positive Selection,,,,,Primate Positive Selection,
TPV K3,PKR-Q376H,-0.23776848729991545,0.8287405729433565,0.08414585626286754,97,16667.0,376.0,Region 2,Variant,Q,H,Polar-Neutral,Positive Charge,,Primate Positive Selection,,,,,Primate Positive Selection,
TPV K3,PKR-Q376K,-0.05158776417838461,1.0902322827238515,0.2569702133941749,18,3141.0,376.0,Region 2,Variant,Q,K,Polar-Neutral,Positive Charge,,Primate Positive Selection,,,,,Primate Positive Selection,
TPV K3,PKR-Q376L,0.026993950005158536,0.9211649598205898,0.18423299196411796,25,4550.0,376.0,Region 2,Variant,Q,L,Polar-Neutral,Non-Polar,,Primate Positive Selection,,,,,Primate Positive Selection,
TPV K3,PKR-Q376P,0.28070315089609593,0.6090567177736359,0.1397271938768343,19,3943.0,376.0,Region 2,Variant,Q,P,Polar-Neutral,Unique,,Primate Positive Selection,,,,,Primate Positive Selection,
TPV K3,PKR-Q376R,0.3307664266151054,0.6326117878707703,0.11012357716248686,33,5969.0,376.0,Region 2,Variant,Q,R,Polar-Neutral,Positive Charge,,Primate Positive Selection,,,,,Primate Positive Selection,
TPV K3,PKR-R262G,-0.3128925896946948,0.8604047093800659,0.1655849635242009,27,8095.0,262.0,Region 1,Variant,R,G,Positive Charge,Unique,Conserved Kinase Residue,,,,,,,
TPV K3,PKR-R262K,-0.16924962365334362,0.9294214414180405,0.22541781021649399,17,4027.0,262.0,Region 1,Variant,R,K,Positive Charge,Positive Charge,Conserved Kinase Residue,,,,,,,
TPV K3,PKR-R262M,-0.2823943751397528,1.3267150435906094,0.25532642918498816,27,7051.0,262.0,Region 1,Variant,R,M,Positive Charge,Non-Polar,Conserved Kinase Residue,,,,,,,
TPV K3,PKR-R262S,-0.13965838407945982,0.6960649162765881,0.08840033276750366,62,18197.0,262.0,Region 1,Variant,R,S,Positive Charge,Polar-Neutral,Conserved Kinase Residue,,,,,,,
TPV K3,PKR-R262T,-0.4915237028016967,0.6286401724188113,0.17435341349788827,13,4420.0,262.0,Region 1,Variant,R,T,Positive Charge,Polar-Neutral,Conserved Kinase Residue,,,,,,,
TPV K3,PKR-R262W,-0.2691665233769058,0.6539937497425459,0.09973311184219749,43,13155.0,262.0,Region 1,Variant,R,W,Positive Charge,Aromatic,Conserved Kinase Residue,,,,,,,
TPV K3,PKR-R381G,0.5583716190032819,0.9329131044464153,0.10631531516946391,77,10713.0,381.0,Region 2,Variant,R,G,Positive Charge,Unique,,,,,,,,
TPV K3,PKR-R381I,0.30421401784725155,1.0719669068892184,0.20258270352285737,28,4419.0,381.0,Region 2,Variant,R,I,Positive Charge,Non-Polar,,,,,,,,
TPV K3,PKR-R381K,-0.07327937409973477,0.9694062146282907,0.24235155365707267,16,2170.0,381.0,Region 2,Variant,R,K,Positive Charge,Positive Charge,,,,,,,,
TPV K3,PKR-R381S,0.24768394958347528,1.0022890336247736,0.12832996065627347,61,7850.0,381.0,Region 2,Variant,R,S,Positive Charge,Polar-Neutral,,,,,,,,
TPV K3,PKR-R381T,-0.047943099110034394,1.3692040957559355,0.4564013652519785,9,1203.0,381.0,Region 2,Variant,R,T,Positive Charge,Polar-Neutral,,,,,,,,
TPV K3,PKR-R382G,4.055284149060399,1.7257609972428585,0.23931999095211517,52,7580.0,382.0,Region 2,Variant,R,G,Positive Charge,Unique,,,Vertebrate Positive Selection,,,Vertebrate Positive Selection,,
TPV K3,PKR-R382I,2.353123979959686,1.4714282904169387,0.2419013208369979,37,4981.0,382.0,Region 2,Variant,R,I,Positive Charge,Non-Polar,,,Vertebrate Positive Selection,,,Vertebrate Positive Selection,,
TPV K3,PKR-R382K,3.386428980820497,1.482883046000939,0.37072076150023475,16,2677.0,382.0,Region 2,Variant,R,K,Positive Charge,Positive Charge,,,Vertebrate Positive Selection,,,Vertebrate Positive Selection,,
TPV K3,PKR-R382S,4.131293748044003,1.5841825550188722,0.2028337915887397,61,7676.0,382.0,Region 2,Variant,R,S,Positive Charge,Polar-Neutral,,,Vertebrate Positive Selection,,,Vertebrate Positive Selection,,
TPV K3,PKR-R382T,4.738543530200053,1.7182602624707233,0.37495512935270375,21,2408.0,382.0,Region 2,Variant,R,T,Positive Charge,Polar-Neutral,,,Vertebrate Positive Selection,,,Vertebrate Positive Selection,,
TPV K3,PKR-R453*,-1.4865482533158823,0.6059389042414244,0.08569270163477144,50,14025.0,453.0,Region 3,Nonsense,R,*,Positive Charge,Stop,,,,,,,,
TPV K3,PKR-R453G,5.32319388566574,1.3409950628700893,0.1935559651325013,48,13662.0,453.0,Region 3,Variant,R,G,Positive Charge,Unique,,,,,,,,
TPV K3,PKR-R453L,4.6103517772362315,1.4810954753780041,0.20739484967158167,51,17612.0,453.0,Region 3,Variant,R,L,Positive Charge,Non-Polar,,,,,,,,
TPV K3,PKR-R453P,3.8489231386608767,1.3403792703443833,0.33509481758609583,16,4489.0,453.0,Region 3,Variant,R,P,Positive Charge,Unique,,,,,,,,
TPV K3,PKR-R453Q,0.11373248311296219,0.6455722850646267,0.13763647363510675,22,5845.0,453.0,Region 3,Variant,R,Q,Positive Charge,Polar-Neutral,,,,,,,,
TPV K3,PKR-R499G,1.4383955595358777,0.51293017613028,0.08928968272970238,33,13236.0,499.0,Region 4,Variant,R,G,Positive Charge,Unique,Conserved Kinase Residue,,,,,,,
TPV K3,PKR-R499L,2.8415819983233632,1.6087729809320308,0.2889441571328124,31,12504.0,499.0,Region 4,Variant,R,L,Positive Charge,Non-Polar,Conserved Kinase Residue,,,,,,,
TPV K3,PKR-R499P,1.3806993556455858,0.5854230769571982,0.12774978874906281,21,10475.0,499.0,Region 4,Variant,R,P,Positive Charge,Unique,Conserved Kinase Residue,,,,,,,
TPV K3,PKR-R499Q,0.8754255545700742,0.5527876389038043,0.09343816499617622,35,14873.0,499.0,Region 4,Variant,R,Q,Positive Charge,Polar-Neutral,Conserved Kinase Residue,,,,,,,
TPV K3,PKR-R499W,2.885209789336128,0.8281267562162176,0.11952980140614121,48,19198.0,499.0,Region 4,Variant,R,W,Positive Charge,Aromatic,Conserved Kinase Residue,,,,,,,
TPV K3,PKR-S275*,-1.3740319314794247,0.6594606100604252,0.07327340111782503,81,15364.0,275.0,Region 1,Nonsense,S,*,Polar-Neutral,Stop,,Primate Positive Selection,,,Primate Positive Selection,,Primate Positive Selection,Primate Positive Selection
TPV K3,PKR-S275A,-0.15767277682515504,0.7784473574495723,0.120117035023607,42,7628.0,275.0,Region 1,Variant,S,A,Polar-Neutral,Non-Polar,,Primate Positive Selection,,,Primate Positive Selection,,Primate Positive Selection,Primate Positive Selection
TPV K3,PKR-S275L,-0.32155743082091076,0.6900923498792937,0.07194710099017539,92,17399.0,275.0,Region 1,Variant,S,L,Polar-Neutral,Non-Polar,,Primate Positive Selection,,,Primate Positive Selection,,Primate Positive Selection,Primate Positive Selection
TPV K3,PKR-S275P,-0.8501213953407022,0.9915397126774061,0.19830794253548123,25,5167.0,275.0,Region 1,Variant,S,P,Polar-Neutral,Unique,,Primate Positive Selection,,,Primate Positive Selection,,Primate Positive Selection,Primate Positive Selection
TPV K3,PKR-S275T,-0.33243403340232947,0.6793435192457362,0.08844299295248276,59,10123.0,275.0,Region 1,Variant,S,T,Polar-Neutral,Polar-Neutral,,Primate Positive Selection,,,Primate Positive Selection,,Primate Positive Selection,Primate Positive Selection
TPV K3,PKR-S448C,-0.4001758363543146,0.7628912565399628,0.08638042493299129,78,17017.0,448.0,Region 3,Variant,S,C,Polar-Neutral,Polar-Neutral,,,Vertebrate Positive Selection,,,Vertebrate Positive Selection,,
TPV K3,PKR-S448G,-0.23911953462539098,0.7375466560292278,0.09769044107558342,57,12219.0,448.0,Region 3,Variant,S,G,Polar-Neutral,Unique,,,Vertebrate Positive Selection,,,Vertebrate Positive Selection,,
TPV K3,PKR-S448I,-0.3382902398100741,0.7704851887789097,0.11615501262299055,44,9475.0,448.0,Region 3,Variant,S,I,Polar-Neutral,Non-Polar,,,Vertebrate Positive Selection,,,Vertebrate Positive Selection,,
TPV K3,PKR-S448N,0.009531107752168979,1.300448615375981,0.2502714527181996,27,5586.0,448.0,Region 3,Variant,S,N,Polar-Neutral,Polar-Neutral,,,Vertebrate Positive Selection,,,Vertebrate Positive Selection,,
TPV K3,PKR-S448R,-0.3536118392967336,0.981392923409774,0.09623349359554437,104,19255.0,448.0,Region 3,Variant,S,R,Polar-Neutral,Positive Charge,,,Vertebrate Positive Selection,,,Vertebrate Positive Selection,,
TPV K3,PKR-S448T,-0.20112635613749508,0.739749921716096,0.12877393236574897,33,6745.0,448.0,Region 3,Variant,S,T,Polar-Neutral,Polar-Neutral,,,Vertebrate Positive Selection,,,Vertebrate Positive Selection,,
TPV K3,PKR-S492A,-0.11953344072778131,0.6734734352750164,0.10648549995435196,40,8946.0,492.0,Region 4,Variant,S,A,Polar-Neutral,Non-Polar,,Primate Positive Selection,,,Primate Positive Selection,,Primate Positive Selection,Primate Positive Selection
TPV K3,PKR-S492L,2.1620413972418415,1.0696714561055947,0.11032818663438906,94,18159.0,492.0,Region 4,Variant,S,L,Polar-Neutral,Non-Polar,,Primate Positive Selection,,,Primate Positive Selection,,Primate Positive Selection,Primate Positive Selection
TPV K3,PKR-S492P,0.32691660199176314,0.8273741379542376,0.15363952034635892,29,6221.0,492.0,Region 4,Variant,S,P,Polar-Neutral,Unique,,Primate Positive Selection,,,Primate Positive Selection,,Primate Positive Selection,Primate Positive Selection
TPV K3,PKR-S492T,1.1346767015476862,0.8807858191676654,0.1221430166811758,52,10925.0,492.0,Region 4,Variant,S,T,Polar-Neutral,Polar-Neutral,,Primate Positive Selection,,,Primate Positive Selection,,Primate Positive Selection,Primate Positive Selection
TPV K3,PKR-S504A,0.14858553364651347,0.8279546506447292,0.13611490610075436,37,10576.0,504.0,Region 4,Variant,S,A,Polar-Neutral,Non-Polar,,,Vertebrate Positive Selection,,,Vertebrate Positive Selection,,
TPV K3,PKR-S504L,-0.02248428091181363,0.5845678495065464,0.08029656947449158,53,16929.0,504.0,Region 4,Variant,S,L,Polar-Neutral,Non-Polar,,,Vertebrate Positive Selection,,,Vertebrate Positive Selection,,
TPV K3,PKR-S504P,0.18641282795524894,0.7770483283199636,0.16202577687366668,23,6862.0,504.0,Region 4,Variant,S,P,Polar-Neutral,Unique,,,Vertebrate Positive Selection,,,Vertebrate Positive Selection,,
TPV K3,PKR-S504T,0.2721983376936514,0.54961851911543,0.1468917279968574,14,3728.0,504.0,Region 4,Variant,S,T,Polar-Neutral,Polar-Neutral,,,Vertebrate Positive Selection,,,Vertebrate Positive Selection,,
TPV K3,PKR-T255A,0.027701933243083014,0.7327222416578815,0.09539231069286765,59,15541.0,255.0,Region 1,Variant,T,A,Polar-Neutral,Non-Polar,,Primate Positive Selection,,,Primate Positive Selection,,Primate Positive Selection,Primate Positive Selection
TPV K3,PKR-T255I,0.12827517277637568,0.8965306674134252,0.13364690108331162,45,11806.0,255.0,Region 1,Variant,T,I,Polar-Neutral,Non-Polar,,Primate Positive Selection,,,Primate Positive Selection,,Primate Positive Selection,Primate Positive Selection
TPV K3,PKR-T255K,-0.06413884350646634,0.6919881616856822,0.10432114053087248,44,12749.0,255.0,Region 1,Variant,T,K,Polar-Neutral,Positive Charge,,Primate Positive Selection,,,Primate Positive Selection,,Primate Positive Selection,Primate Positive Selection
TPV K3,PKR-T255P,-0.021434557940265955,0.9398294639792166,0.17452195014237804,29,7587.0,255.0,Region 1,Variant,T,P,Polar-Neutral,Unique,,Primate Positive Selection,,,Primate Positive Selection,,Primate Positive Selection,Primate Positive Selection
TPV K3,PKR-T255R,-0.033906791712372694,0.5534153438831717,0.11068306877663434,25,5999.0,255.0,Region 1,Variant,T,R,Polar-Neutral,Positive Charge,,Primate Positive Selection,,,Primate Positive Selection,,Primate Positive Selection,Primate Positive Selection
TPV K3,PKR-T255S,0.13649237530764916,0.6969577941279143,0.09956539916113061,49,13331.0,255.0,Region 1,Variant,T,S,Polar-Neutral,Polar-Neutral,,Primate Positive Selection,,,Primate Positive Selection,,Primate Positive Selection,Primate Positive Selection
TPV K3,PKR-T258A,0.02195982058099833,0.6278510920779171,0.11276538502049477,31,8246.0,258.0,Region 1,Variant,T,A,Polar-Neutral,Non-Polar,,,,,,,,
TPV K3,PKR-T258I,0.06531269501113142,0.8635546823115396,0.12596239639333978,47,11614.0,258.0,Region 1,Variant,T,I,Polar-Neutral,Non-Polar,,,,,,,,
TPV K3,PKR-T258N,0.023165046831173635,0.6188900768676877,0.09910172541711129,39,10258.0,258.0,Region 1,Variant,T,N,Polar-Neutral,Polar-Neutral,,,,,,,,
TPV K3,PKR-T258P,-0.1340797493253624,1.2235702794707053,0.2197597095953214,31,7620.0,258.0,Region 1,Variant,T,P,Polar-Neutral,Unique,,,,,,,,
TPV K3,PKR-T258S,-0.04582649514739895,0.8306744709917231,0.1347531931813217,38,8485.0,258.0,Region 1,Variant,T,S,Polar-Neutral,Polar-Neutral,,,,,,,,
TPV K3,PKR-T373A,0.255493586095604,1.1346602224744884,0.1710564646585937,44,9120.0,373.0,Region 2,Variant,T,A,Polar-Neutral,Non-Polar,,,,,,,,
TPV K3,PKR-T373I,-0.019537076278205116,0.6830423373255113,0.09295028884252708,54,12454.0,373.0,Region 2,Variant,T,I,Polar-Neutral,Non-Polar,,,,,,,,
TPV K3,PKR-T373N,-0.3833342617817024,0.5286813177475443,0.07970170748360299,44,9029.0,373.0,Region 2,Variant,T,N,Polar-Neutral,Polar-Neutral,,,,,,,,
TPV K3,PKR-T373P,-0.17196636987895803,0.4457445848573458,0.10506300620993723,18,3360.0,373.0,Region 2,Variant,T,P,Polar-Neutral,Unique,,,,,,,,
TPV K3,PKR-T373S,-0.5455145924520344,0.7076350312314975,0.11961215148804936,35,7266.0,373.0,Region 2,Variant,T,S,Polar-Neutral,Polar-Neutral,,,,,,,,
TPV K3,PKR-T451A,-0.968328948527225,0.9584389956621815,0.13833875303684878,48,8618.0,451.0,Region 3,Variant,T,A,Polar-Neutral,Non-Polar,Conserved Kinase Residue,,,Conserved PKR Residue,,Conserved PKR Residue,Conserved PKR Residue,Conserved PKR Residue
TPV K3,PKR-T451I,-1.2815113393885806,0.7105519734958458,0.08259998912365293,74,14792.0,451.0,Region 3,Variant,T,I,Polar-Neutral,Non-Polar,Conserved Kinase Residue,,,Conserved PKR Residue,,Conserved PKR Residue,Conserved PKR Residue,Conserved PKR Residue
TPV K3,PKR-T451N,-1.3254191623625742,0.9033369014985013,0.1252702891296773,52,9049.0,451.0,Region 3,Variant,T,N,Polar-Neutral,Polar-Neutral,Conserved Kinase Residue,,,Conserved PKR Residue,,Conserved PKR Residue,Conserved PKR Residue,Conserved PKR Residue
TPV K3,PKR-T451P,-1.2465942257309208,1.065621528929775,0.1728666388105241,38,5951.0,451.0,Region 3,Variant,T,P,Polar-Neutral,Unique,Conserved Kinase Residue,,,Conserved PKR Residue,,Conserved PKR Residue,Conserved PKR Residue,Conserved PKR Residue
TPV K3,PKR-T451S,-0.6367546946565315,0.803815557745823,0.12117975480423405,44,8860.0,451.0,Region 3,Variant,T,S,Polar-Neutral,Polar-Neutral,Conserved Kinase Residue,,,Conserved PKR Residue,,Conserved PKR Residue,Conserved PKR Residue,Conserved PKR Residue
TPV K3,PKR-T487A,0.4500791435093658,1.150721526143697,0.20031490592885803,33,12523.0,487.0,Region 4,Variant,T,A,Polar-Neutral,Non-Polar,Conserved Kinase Residue,,,,,,,
TPV K3,PKR-T487I,-0.7601475913861225,0.49660986499499205,0.09385044295700783,28,12134.0,487.0,Region 4,Variant,T,I,Polar-Neutral,Non-Polar,Conserved Kinase Residue,,,,,,,
TPV K3,PKR-T487N,-0.6085424286992549,0.5420879055070689,0.10631218493319947,26,9092.0,487.0,Region 4,Variant,T,N,Polar-Neutral,Polar-Neutral,Conserved Kinase Residue,,,,,,,
TPV K3,PKR-T487P,-1.106094238241722,0.5770963932574326,0.1323949925732082,19,8175.0,487.0,Region 4,Variant,T,P,Polar-Neutral,Unique,Conserved Kinase Residue,,,,,,,
TPV K3,PKR-T487S,4.1658805277231234,1.0596130734207292,0.23122652934834723,21,8008.0,487.0,Region 4,Variant,T,S,Polar-Neutral,Polar-Neutral,Conserved Kinase Residue,,,,,,,
TPV K3,PKR-T491A,1.2330531097131583,0.7768956304417448,0.15858315649834373,24,8725.0,491.0,Region 4,Variant,T,A,Polar-Neutral,Non-Polar,,,Vertebrate Positive Selection,,,Vertebrate Positive Selection,,
TPV K3,PKR-T491I,2.9299367947847896,0.9188853237781694,0.18020823833457347,26,8817.0,491.0,Region 4,Variant,T,I,Polar-Neutral,Non-Polar,,,Vertebrate Positive Selection,,,Vertebrate Positive Selection,,
TPV K3,PKR-T491K,1.3619603118864507,0.42174955837323697,0.1333689206629567,10,4392.0,491.0,Region 4,Variant,T,K,Polar-Neutral,Positive Charge,,,Vertebrate Positive Selection,,,Vertebrate Positive Selection,,
TPV K3,PKR-T491P,-0.9385357393040866,0.7692946557373498,0.19863102599980825,15,6147.0,491.0,Region 4,Variant,T,P,Polar-Neutral,Unique,,,Vertebrate Positive Selection,,,Vertebrate Positive Selection,,
TPV K3,PKR-T491R,2.4407911774473843,0.5888037495612023,0.12553338119931776,22,7507.0,491.0,Region 4,Variant,T,R,Polar-Neutral,Positive Charge,,,Vertebrate Positive Selection,,,Vertebrate Positive Selection,,
TPV K3,PKR-T491S,0.803369070558556,0.542688557575301,0.11077583794220817,24,9749.0,491.0,Region 4,Variant,T,S,Polar-Neutral,Polar-Neutral,,,Vertebrate Positive Selection,,,Vertebrate Positive Selection,,
TPV K3,PKR-T496A,0.05482221175011447,0.7034810474908215,0.12843747949602866,30,6130.0,496.0,Region 4,Variant,T,A,Polar-Neutral,Non-Polar,,Primate Positive Selection,,,Primate Positive Selection,,Primate Positive Selection,Primate Positive Selection
TPV K3,PKR-T496I,-0.5008809267703093,0.784555606407877,0.1409103466456863,31,6263.0,496.0,Region 4,Variant,T,I,Polar-Neutral,Non-Polar,,Primate Positive Selection,,,Primate Positive Selection,,Primate Positive Selection,Primate Positive Selection
TPV K3,PKR-T496K,-0.2947524272454361,0.8392761026106176,0.13987935043510294,36,7809.0,496.0,Region 4,Variant,T,K,Polar-Neutral,Positive Charge,,Primate Positive Selection,,,Primate Positive Selection,,Primate Positive Selection,Primate Positive Selection
TPV K3,PKR-T496P,2.8907154059934403,1.5832822243536657,0.33755690442530584,22,4096.0,496.0,Region 4,Variant,T,P,Polar-Neutral,Unique,,Primate Positive Selection,,,Primate Positive Selection,,Primate Positive Selection,Primate Positive Selection
TPV K3,PKR-T496R,-0.4140515651660626,0.7242236681171358,0.10453268243523164,48,9572.0,496.0,Region 4,Variant,T,R,Polar-Neutral,Positive Charge,,Primate Positive Selection,,,Primate Positive Selection,,Primate Positive Selection,Primate Positive Selection
TPV K3,PKR-T496S,0.008291233323351264,0.825283605203225,0.15067548230299807,30,6268.0,496.0,Region 4,Variant,T,S,Polar-Neutral,Polar-Neutral,,Primate Positive Selection,,,Primate Positive Selection,,Primate Positive Selection,Primate Positive Selection
TPV K3,PKR-V259A,-0.21324692413181198,0.6205704999855084,0.1034284166642514,36,9779.0,259.0,Region 1,Variant,V,A,Non-Polar,Non-Polar,,Primate Positive Selection,,,Primate Positive Selection,,Primate Positive Selection,Primate Positive Selection
TPV K3,PKR-V259E,0.100275177587438,0.7487733929264755,0.1048492469565023,51,14064.0,259.0,Region 1,Variant,V,E,Non-Polar,Negative Charge,,Primate Positive Selection,,,Primate Positive Selection,,Primate Positive Selection,Primate Positive Selection
TPV K3,PKR-V259G,0.24611358253976948,1.2610671252377161,0.23417428628498033,29,5937.0,259.0,Region 1,Variant,V,G,Non-Polar,Unique,,Primate Positive Selection,,,Primate Positive Selection,,Primate Positive Selection,Primate Positive Selection
TPV K3,PKR-V259L,-0.049461501672554684,0.5090205411078172,0.06313622771676339,65,15069.0,259.0,Region 1,Variant,V,L,Non-Polar,Non-Polar,,Primate Positive Selection,,,Primate Positive Selection,,Primate Positive Selection,Primate Positive Selection
TPV K3,PKR-V259M,-0.010252772880761993,0.6165367928197364,0.08719146941076822,50,12803.0,259.0,Region 1,Variant,V,M,Non-Polar,Non-Polar,,Primate Positive Selection,,,Primate Positive Selection,,Primate Positive Selection,Primate Positive Selection
TPV K3,PKR-V484A,1.1204705552556322,0.8045642805002139,0.14940383615266364,29,5349.0,484.0,Region 4,Variant,V,A,Non-Polar,Non-Polar,,,,,,,,
TPV K3,PKR-V484E,2.9920072049749735,1.0334702063886096,0.22552168805987802,21,5468.0,484.0,Region 4,Variant,V,E,Non-Polar,Negative Charge,,,,,,,,
TPV K3,PKR-V484G,1.4605845264358173,0.900793353814424,0.16446161317829744,30,7192.0,484.0,Region 4,Variant,V,G,Non-Polar,Unique,,,,,,,,
TPV K3,PKR-V484I,0.08658169890355215,0.7476990006874763,0.1365105363002005,30,6434.0,484.0,Region 4,Variant,V,I,Non-Polar,Non-Polar,,,,,,,,
TPV K3,PKR-V484L,0.33193191524590376,0.7135668458998758,0.09212108368586577,60,13381.0,484.0,Region 4,Variant,V,L,Non-Polar,Non-Polar,,,,,,,,
TPV K3,PKR-W377C,-0.07163193567987979,0.7720978364943598,0.09099260265410401,72,12415.0,377.0,Region 2,Variant,W,C,Aromatic,Polar-Neutral,,,,Conserved PKR Residue,,Conserved PKR Residue,Conserved PKR Residue,Conserved PKR Residue
TPV K3,PKR-W377G,-0.07083798201343502,0.783171875823107,0.13844653605727691,32,5276.0,377.0,Region 2,Variant,W,G,Aromatic,Unique,,,,Conserved PKR Residue,,Conserved PKR Residue,Conserved PKR Residue,Conserved PKR Residue
TPV K3,PKR-W377L,-0.15355540781560595,0.6685373043499212,0.10705164429538253,39,8124.0,377.0,Region 2,Variant,W,L,Aromatic,Non-Polar,,,,Conserved PKR Residue,,Conserved PKR Residue,Conserved PKR Residue,Conserved PKR Residue
TPV K3,PKR-W377R,1.0554068404488024,0.742186337588872,0.11591003236358109,41,7491.0,377.0,Region 2,Variant,W,R,Aromatic,Positive Charge,,,,Conserved PKR Residue,,Conserved PKR Residue,Conserved PKR Residue,Conserved PKR Residue
TPV K3,PKR-W377S,0.2086896644286232,0.882250325242913,0.1584568361284738,31,5282.0,377.0,Region 2,Variant,W,S,Aromatic,Polar-Neutral,,,,Conserved PKR Residue,,Conserved PKR Residue,Conserved PKR Residue,Conserved PKR Residue
TPV K3,PKR-WT,0.010454956253577553,0.7728141284043866,0.04095906688738064,356,89861.0,,,WT,,,,,,,,,,,,
TPV K3,PKR-Y257C,-0.011357382978196651,0.7930158705734462,0.11955164070405278,44,12800.0,257.0,Region 1,Variant,Y,C,Aromatic,Polar-Neutral,,,,,,,,
TPV K3,PKR-Y257D,-0.12322326297391821,0.712096788993348,0.10859374225992403,43,10834.0,257.0,Region 1,Variant,Y,D,Aromatic,Negative Charge,,,,,,,,
TPV K3,PKR-Y257F,0.1526503773331083,0.9205009384021562,0.11883616015332833,60,14966.0,257.0,Region 1,Variant,Y,F,Aromatic,Aromatic,,,,,,,,
TPV K3,PKR-Y257H,0.09425146687446379,0.6842124104596993,0.11403540174328321,36,9494.0,257.0,Region 1,Variant,Y,H,Aromatic,Positive Charge,,,,,,,,
TPV K3,PKR-Y257N,-0.14648599180017938,0.6005545678010278,0.08249251411511038,53,14686.0,257.0,Region 1,Variant,Y,N,Aromatic,Polar-Neutral,,,,,,,,
TPV K3,PKR-Y257S,-0.12497268808182004,0.6002215392112427,0.11343120887838228,28,8057.0,257.0,Region 1,Variant,Y,S,Aromatic,Polar-Neutral,,,,,,,,
TPV K3,PKR-Y454C,3.006109254805889,1.1029599842224183,0.18132550444449844,37,10634.0,454.0,Region 3,Variant,Y,C,Aromatic,Polar-Neutral,Conserved Kinase Residue,,,Conserved PKR Residue,,Conserved PKR Residue,Conserved PKR Residue,Conserved PKR Residue
TPV K3,PKR-Y454D,-1.1596600228317988,0.6753044648040002,0.11101937013656393,37,10309.0,454.0,Region 3,Variant,Y,D,Aromatic,Negative Charge,Conserved Kinase Residue,,,Conserved PKR Residue,,Conserved PKR Residue,Conserved PKR Residue,Conserved PKR Residue
TPV K3,PKR-Y454F,1.8245008333239614,0.705464065345461,0.1310013881860832,29,8874.0,454.0,Region 3,Variant,Y,F,Aromatic,Aromatic,Conserved Kinase Residue,,,Conserved PKR Residue,,Conserved PKR Residue,Conserved PKR Residue,Conserved PKR Residue
TPV K3,PKR-Y454H,5.298475261211434,1.334289902503861,0.24777141467168004,29,8902.0,454.0,Region 3,Variant,Y,H,Aromatic,Positive Charge,Conserved Kinase Residue,,,Conserved PKR Residue,,Conserved PKR Residue,Conserved PKR Residue,Conserved PKR Residue
TPV K3,PKR-Y454N,0.7125056269180984,0.8494744501203308,0.13780295251279315,38,12932.0,454.0,Region 3,Variant,Y,N,Aromatic,Polar-Neutral,Conserved Kinase Residue,,,Conserved PKR Residue,,Conserved PKR Residue,Conserved PKR Residue,Conserved PKR Residue
TPV K3,PKR-Y454S,0.5553225373575538,0.7443243971244331,0.16242489959167075,21,5358.0,454.0,Region 3,Variant,Y,S,Aromatic,Polar-Neutral,Conserved Kinase Residue,,,Conserved PKR Residue,,Conserved PKR Residue,Conserved PKR Residue,Conserved PKR Residue
VACV K3,PKR-A488D,0.09707049206593488,1.4453820647461386,0.4817940215820462,9,2141.0,488.0,Region 4,Variant,A,D,Non-Polar,Negative Charge,,,Vertebrate Positive Selection,,,Vertebrate Positive Selection,,
VACV K3,PKR-A488G,6.3532549038545145,0.6182599738483702,0.171474464405948,13,4347.0,488.0,Region 4,Variant,A,G,Non-Polar,Unique,,,Vertebrate Positive Selection,,,Vertebrate Positive Selection,,
VACV K3,PKR-A488P,-4.674444495725223,0.9963350251590322,0.3321116750530107,9,3342.0,488.0,Region 4,Variant,A,P,Non-Polar,Unique,,,Vertebrate Positive Selection,,,Vertebrate Positive Selection,,
VACV K3,PKR-A488S,3.198286880258902,0.9404067201355583,0.23510168003388957,16,5812.0,488.0,Region 4,Variant,A,S,Non-Polar,Polar-Neutral,,,Vertebrate Positive Selection,,,Vertebrate Positive Selection,,
VACV K3,PKR-A488T,1.1266932084169647,1.1976847579786123,0.3611155417584248,11,3242.0,488.0,Region 4,Variant,A,T,Non-Polar,Polar-Neutral,,,Vertebrate Positive Selection,,,Vertebrate Positive Selection,,
VACV K3,PKR-A488V,-2.641161075246314,1.082741577490252,0.22576722560561274,23,7183.0,488.0,Region 4,Variant,A,V,Non-Polar,Non-Polar,,,Vertebrate Positive Selection,,,Vertebrate Positive Selection,,
VACV K3,PKR-C485F,3.382842400861578,1.1017572213582214,0.21607236811335911,26,5717.0,485.0,Region 4,Variant,C,F,Polar-Neutral,Aromatic,,,,,,,,
VACV K3,PKR-C485G,5.669846203316092,1.4427407703241313,0.2726523774722434,28,5484.0,485.0,Region 4,Variant,C,G,Polar-Neutral,Unique,,,,,,,,
VACV K3,PKR-C485R,5.501436889468855,0.8451935172302681,0.1494105168621079,32,5974.0,485.0,Region 4,Variant,C,R,Polar-Neutral,Positive Charge,,,,,,,,
VACV K3,PKR-C485S,5.359389032828755,1.4665175104590138,0.3786531929952881,15,2611.0,485.0,Region 4,Variant,C,S,Polar-Neutral,Polar-Neutral,,,,,,,,
VACV K3,PKR-C485W,2.902644894770628,1.21594896207814,0.14745547076495102,68,14407.0,485.0,Region 4,Variant,C,W,Polar-Neutral,Aromatic,,,,,,,,
VACV K3,PKR-C485Y,4.95168602129304,1.1508062847294223,0.2791115215625906,17,4073.0,485.0,Region 4,Variant,C,Y,Polar-Neutral,Aromatic,,,,,,,,
VACV K3,PKR-D260A,4.644058967033085,1.1597961134932708,0.6696085983304217,3,825.0,260.0,Region 1,Variant,D,A,Negative Charge,Non-Polar,,,,,,,,
VACV K3,PKR-D260E,3.3441889943868564,1.3501051153878414,0.2755890526518014,24,5752.0,260.0,Region 1,Variant,D,E,Negative Charge,Negative Charge,,,,,,,,
VACV K3,PKR-D260G,2.554934129104789,1.1629572372845032,0.2741116495712817,18,4444.0,260.0,Region 1,Variant,D,G,Negative Charge,Unique,,,,,,,,
VACV K3,PKR-D260H,3.8683722110321823,1.2087453093735367,0.4568627838597441,7,1393.0,260.0,Region 1,Variant,D,H,Negative Charge,Positive Charge,,,,,,,,
VACV K3,PKR-D260N,4.014741277163417,1.1183406988880047,0.27123746040837166,17,3790.0,260.0,Region 1,Variant,D,N,Negative Charge,Polar-Neutral,,,,,,,,
VACV K3,PKR-D260V,1.7935627313106404,1.2213325660775114,0.2094568070707629,34,9118.0,260.0,Region 1,Variant,D,V,Negative Charge,Non-Polar,,,,,,,,
VACV K3,PKR-D260Y,1.2257939895493628,1.3884443521984278,0.3104655954491344,20,4577.0,260.0,Region 1,Variant,D,Y,Negative Charge,Aromatic,,,,,,,,
VACV K3,PKR-D266A,3.1731377496307256,1.5773803194410563,0.39434507986026407,16,4586.0,266.0,Region 1,Variant,D,A,Negative Charge,Non-Polar,Conserved Kinase Residue,,,,,,,
VACV K3,PKR-D266E,3.326262993641776,0.9978993009174187,0.12473741261467734,64,15116.0,266.0,Region 1,Variant,D,E,Negative Charge,Negative Charge,Conserved Kinase Residue,,,,,,,
VACV K3,PKR-D266G,3.162505067200718,0.9314281260904297,0.21368426709471805,19,5701.0,266.0,Region 1,Variant,D,G,Negative Charge,Unique,Conserved Kinase Residue,,,,,,,
VACV K3,PKR-D266H,2.723129529211336,1.471545581174263,0.4653435717266866,10,2600.0,266.0,Region 1,Variant,D,H,Negative Charge,Positive Charge,Conserved Kinase Residue,,,,,,,
VACV K3,PKR-D266N,2.3478036919698884,1.1602300583659904,0.2734688473356852,18,6102.0,266.0,Region 1,Variant,D,N,Negative Charge,Polar-Neutral,Conserved Kinase Residue,,,,,,,
VACV K3,PKR-D266V,2.244348693990341,1.1299321983499826,0.22598643966999651,25,6990.0,266.0,Region 1,Variant,D,V,Negative Charge,Non-Polar,Conserved Kinase Residue,,,,,,,
VACV K3,PKR-D266Y,3.303326996432947,1.1094381405612301,0.1902670714093868,34,6813.0,266.0,Region 1,Variant,D,Y,Negative Charge,Aromatic,Conserved Kinase Residue,,,,,,,
VACV K3,PKR-D486A,5.36105449824504,0.9313542881948915,0.29452008592607276,10,1676.0,486.0,Region 4,Variant,D,A,Negative Charge,Non-Polar,,,Vertebrate Positive Selection,,,Vertebrate Positive Selection,,
VACV K3,PKR-D486E,5.375573793528395,1.217574549194792,0.21523880508394774,32,9008.0,486.0,Region 4,Variant,D,E,Negative Charge,Negative Charge,,,Vertebrate Positive Selection,,,Vertebrate Positive Selection,,
VACV K3,PKR-D486G,3.8836756159181993,1.0167008427600004,0.2218623129082427,21,5377.0,486.0,Region 4,Variant,D,G,Negative Charge,Unique,,,Vertebrate Positive Selection,,,Vertebrate Positive Selection,,
VACV K3,PKR-D486H,5.339545611011245,0.8475287919580906,0.18494594489535385,21,6631.0,486.0,Region 4,Variant,D,H,Negative Charge,Positive Charge,,,Vertebrate Positive Selection,,,Vertebrate Positive Selection,,
VACV K3,PKR-D486N,2.107499249915029,1.2142100087430652,0.2785588802287715,19,5429.0,486.0,Region 4,Variant,D,N,Negative Charge,Polar-Neutral,,,Vertebrate Positive Selection,,,Vertebrate Positive Selection,,
VACV K3,PKR-D486V,5.389387452640887,0.950830216792968,0.24550330631399683,15,5630.0,486.0,Region 4,Variant,D,V,Negative Charge,Non-Polar,,,Vertebrate Positive Selection,,,Vertebrate Positive Selection,,
VACV K3,PKR-D486Y,0.9435662332780714,1.1737204094832137,0.24473762345022218,23,7824.0,486.0,Region 4,Variant,D,Y,Negative Charge,Aromatic,,,Vertebrate Positive Selection,,,Vertebrate Positive Selection,,
VACV K3,PKR-D497A,3.7124085079977305,1.111051626512488,0.33499466980509146,11,2873.0,497.0,Region 4,Variant,D,A,Negative Charge,Non-Polar,,,,,,,,
VACV K3,PKR-D497E,3.134369976088382,1.047093384597322,0.12888828590468024,66,24479.0,497.0,Region 4,Variant,D,E,Negative Charge,Negative Charge,,,,,,,,
VACV K3,PKR-D497G,3.5890123323909293,1.0242074722954593,0.22901975311158795,20,6295.0,497.0,Region 4,Variant,D,G,Negative Charge,Unique,,,,,,,,
VACV K3,PKR-D497H,3.359178424784039,0.9477910692915327,0.2736037144954948,12,3465.0,497.0,Region 4,Variant,D,H,Negative Charge,Positive Charge,,,,,,,,
VACV K3,PKR-D497N,3.888779812861399,1.1362875249206896,0.31514945652089327,13,3072.0,497.0,Region 4,Variant,D,N,Negative Charge,Polar-Neutral,,,,,,,,
VACV K3,PKR-D497V,2.7513119916546853,1.2252717417254118,0.2315545940771716,28,7901.0,497.0,Region 4,Variant,D,V,Negative Charge,Non-Polar,,,,,,,,
VACV K3,PKR-D497Y,3.196535685903178,1.3276599112139766,0.28971914477601896,21,7502.0,497.0,Region 4,Variant,D,Y,Negative Charge,Aromatic,,,,,,,,
VACV K3,PKR-D500A,3.845183844369248,1.6397853991568663,0.4547946413397897,13,3743.0,500.0,Region 4,Variant,D,A,Negative Charge,Non-Polar,,,Vertebrate Positive Selection,,,Vertebrate Positive Selection,,
VACV K3,PKR-D500E,3.9058504473404105,1.1777263260327213,0.15738030026423097,56,17270.0,500.0,Region 4,Variant,D,E,Negative Charge,Negative Charge,,,Vertebrate Positive Selection,,,Vertebrate Positive Selection,,
VACV K3,PKR-D500G,3.726568097837032,0.7943342189299147,0.18223276777430586,19,6005.0,500.0,Region 4,Variant,D,G,Negative Charge,Unique,,,Vertebrate Positive Selection,,,Vertebrate Positive Selection,,
VACV K3,PKR-D500H,3.242882521721265,1.162400992796572,0.2666730768142951,19,6106.0,500.0,Region 4,Variant,D,H,Negative Charge,Positive Charge,,,Vertebrate Positive Selection,,,Vertebrate Positive Selection,,
VACV K3,PKR-D500N,2.873462200307841,1.0811596977236377,0.28895208351928076,14,4100.0,500.0,Region 4,Variant,D,N,Negative Charge,Polar-Neutral,,,Vertebrate Positive Selection,,,Vertebrate Positive Selection,,
VACV K3,PKR-D500V,3.551448755009801,1.2309689381643762,0.26861944463226994,21,6163.0,500.0,Region 4,Variant,D,V,Negative Charge,Non-Polar,,,Vertebrate Positive Selection,,,Vertebrate Positive Selection,,
VACV K3,PKR-D500Y,2.182790384508706,1.1655864909500173,0.32327552762372547,13,4482.0,500.0,Region 4,Variant,D,Y,Negative Charge,Aromatic,,,Vertebrate Positive Selection,,,Vertebrate Positive Selection,,
VACV K3,PKR-D505A,4.6405593535579515,0.46394037615913575,0.16402769302418127,8,2223.0,505.0,Region 4,Variant,D,A,Negative Charge,Non-Polar,,,Vertebrate Positive Selection,,,Vertebrate Positive Selection,,
VACV K3,PKR-D505E,4.442771517336116,0.7985416055618304,0.1457930834908691,30,10032.0,505.0,Region 4,Variant,D,E,Negative Charge,Negative Charge,,,Vertebrate Positive Selection,,,Vertebrate Positive Selection,,
VACV K3,PKR-D505G,4.802634698293852,1.4220482264174035,0.3262402374628794,19,5506.0,505.0,Region 4,Variant,D,G,Negative Charge,Unique,,,Vertebrate Positive Selection,,,Vertebrate Positive Selection,,
VACV K3,PKR-D505H,3.670322506957959,0.9686605546432051,0.24216513866080128,16,4842.0,505.0,Region 4,Variant,D,H,Negative Charge,Positive Charge,,,Vertebrate Positive Selection,,,Vertebrate Positive Selection,,
VACV K3,PKR-D505N,3.909475709866689,0.9909370258416702,0.22158025512034402,20,4965.0,505.0,Region 4,Variant,D,N,Negative Charge,Polar-Neutral,,,Vertebrate Positive Selection,,,Vertebrate Positive Selection,,
VACV K3,PKR-D505V,4.182629658006661,1.4028494947026506,0.330654796896122,18,3721.0,505.0,Region 4,Variant,D,V,Negative Charge,Non-Polar,,,Vertebrate Positive Selection,,,Vertebrate Positive Selection,,
VACV K3,PKR-D505Y,2.264444827563844,1.0963002954955834,0.2658918773955378,17,3799.0,505.0,Region 4,Variant,D,Y,Negative Charge,Aromatic,,,Vertebrate Positive Selection,,,Vertebrate Positive Selection,,
VACV K3,PKR-E269A,4.027652769975071,0.7231530066849776,0.2180388353810401,11,4459.0,269.0,Region 1,Variant,E,A,Negative Charge,Non-Polar,,,Vertebrate Positive Selection,,,Vertebrate Positive Selection,,
VACV K3,PKR-E269D,4.032624729182183,1.1649491479646192,0.16642130685208847,49,16391.0,269.0,Region 1,Variant,E,D,Negative Charge,Negative Charge,,,Vertebrate Positive Selection,,,Vertebrate Positive Selection,,
VACV K3,PKR-E269G,4.804453008050046,0.9116080100640255,0.2882757645056019,10,3322.0,269.0,Region 1,Variant,E,G,Negative Charge,Unique,,,Vertebrate Positive Selection,,,Vertebrate Positive Selection,,
VACV K3,PKR-E269K,3.746287481365431,0.771663005614184,0.1458306006288407,28,8707.0,269.0,Region 1,Variant,E,K,Negative Charge,Positive Charge,,,Vertebrate Positive Selection,,,Vertebrate Positive Selection,,
VACV K3,PKR-E269Q,3.8130160059619627,1.6720791389080267,0.39411283260080965,18,4149.0,269.0,Region 1,Variant,E,Q,Negative Charge,Polar-Neutral,,,Vertebrate Positive Selection,,,Vertebrate Positive Selection,,
VACV K3,PKR-E269V,2.9444341574559916,1.1888843606707988,0.26584262478462833,20,5082.0,269.0,Region 1,Variant,E,V,Negative Charge,Non-Polar,,,Vertebrate Positive Selection,,,Vertebrate Positive Selection,,
VACV K3,PKR-E271A,4.5488091394410946,1.0869890412572265,0.32773952737076056,11,3032.0,271.0,Region 1,Variant,E,A,Negative Charge,Non-Polar,,,Vertebrate Positive Selection,,,Vertebrate Positive Selection,,
VACV K3,PKR-E271D,4.115700315995227,1.3173579873449024,0.18819399819212893,49,12335.0,271.0,Region 1,Variant,E,D,Negative Charge,Negative Charge,,,Vertebrate Positive Selection,,,Vertebrate Positive Selection,,
VACV K3,PKR-E271G,4.623044555195196,0.8740736733506935,0.1748147346701387,25,6993.0,271.0,Region 1,Variant,E,G,Negative Charge,Unique,,,Vertebrate Positive Selection,,,Vertebrate Positive Selection,,
VACV K3,PKR-E271K,4.160463452514367,0.997037439789758,0.19187994475158401,27,7919.0,271.0,Region 1,Variant,E,K,Negative Charge,Positive Charge,,,Vertebrate Positive Selection,,,Vertebrate Positive Selection,,
VACV K3,PKR-E271Q,3.9141911926249056,0.8154878489019913,0.15143229188113186,29,7240.0,271.0,Region 1,Variant,E,Q,Negative Charge,Polar-Neutral,,,Vertebrate Positive Selection,,,Vertebrate Positive Selection,,
VACV K3,PKR-E271V,3.722657272055327,1.2633964631190153,0.2387594891922501,28,5799.0,271.0,Region 1,Variant,E,V,Negative Charge,Non-Polar,,,Vertebrate Positive Selection,,,Vertebrate Positive Selection,,
VACV K3,PKR-E375A,6.206941174019987,0.9057893858756325,0.22644734646890813,16,3089.0,375.0,Region 2,Variant,E,A,Negative Charge,Non-Polar,,,Vertebrate Positive Selection,,,Vertebrate Positive Selection,,
VACV K3,PKR-E375D,3.715455568249959,1.2441264262855167,0.15314137677827314,66,15061.0,375.0,Region 2,Variant,E,D,Negative Charge,Negative Charge,,,Vertebrate Positive Selection,,,Vertebrate Positive Selection,,
VACV K3,PKR-E375G,6.549143847201315,1.36280165950243,0.3779731739710329,13,2633.0,375.0,Region 2,Variant,E,G,Negative Charge,Unique,,,Vertebrate Positive Selection,,,Vertebrate Positive Selection,,
VACV K3,PKR-E375K,6.620217980899767,1.568749467388296,0.2864131567875949,30,5555.0,375.0,Region 2,Variant,E,K,Negative Charge,Positive Charge,,,Vertebrate Positive Selection,,,Vertebrate Positive Selection,,
VACV K3,PKR-E375Q,6.066984396946302,0.960933777462277,0.17844092277160944,29,6986.0,375.0,Region 2,Variant,E,Q,Negative Charge,Polar-Neutral,,,Vertebrate Positive Selection,,,Vertebrate Positive Selection,,
VACV K3,PKR-E375V,6.039198189464672,0.9128483290147683,0.1589064973579665,33,7305.0,375.0,Region 2,Variant,E,V,Negative Charge,Non-Polar,,,Vertebrate Positive Selection,,,Vertebrate Positive Selection,,
VACV K3,PKR-E379A,5.289743477234408,1.10051228862539,0.4159545472104741,7,1545.0,379.0,Region 2,Variant,E,A,Negative Charge,Non-Polar,,,Vertebrate Positive Selection,,,Vertebrate Positive Selection,,
VACV K3,PKR-E379D,1.762226682919138,1.6737567077769586,0.2321082935592931,52,10055.0,379.0,Region 2,Variant,E,D,Negative Charge,Negative Charge,,,Vertebrate Positive Selection,,,Vertebrate Positive Selection,,
VACV K3,PKR-E379G,5.495756342866175,0.9217301410394032,0.21145939673717107,19,3364.0,379.0,Region 2,Variant,E,G,Negative Charge,Unique,,,Vertebrate Positive Selection,,,Vertebrate Positive Selection,,
VACV K3,PKR-E379K,6.228106146194863,1.2929305721118776,0.25356454680458257,26,5517.0,379.0,Region 2,Variant,E,K,Negative Charge,Positive Charge,,,Vertebrate Positive Selection,,,Vertebrate Positive Selection,,
VACV K3,PKR-E379Q,4.055783697179123,2.219678180853821,0.44393563617076415,25,4884.0,379.0,Region 2,Variant,E,Q,Negative Charge,Polar-Neutral,,,Vertebrate Positive Selection,,,Vertebrate Positive Selection,,
VACV K3,PKR-E379V,4.65338063622407,1.362146874142871,0.29041068934881564,22,4790.0,379.0,Region 2,Variant,E,V,Negative Charge,Non-Polar,,,Vertebrate Positive Selection,,,Vertebrate Positive Selection,,
VACV K3,PKR-E384A,0.853025694350603,1.356911621400633,0.5539568497473569,6,460.0,384.0,Region 2,Variant,E,A,Negative Charge,Non-Polar,,,,,,,,
VACV K3,PKR-E384D,2.6499055587660534,2.2863744892743934,0.3111361588688197,54,8357.0,384.0,Region 2,Variant,E,D,Negative Charge,Negative Charge,,,,,,,,
VACV K3,PKR-E384G,2.89560010345768,2.2900504856803487,0.6610806321826913,12,1693.0,384.0,Region 2,Variant,E,G,Negative Charge,Unique,,,,,,,,
VACV K3,PKR-E384K,1.7463023826100528,2.400465854903949,0.5367604829232376,20,4179.0,384.0,Region 2,Variant,E,K,Negative Charge,Positive Charge,,,,,,,,
VACV K3,PKR-E384Q,2.0564530513731656,2.2336555628973764,0.4221212238573178,28,4245.0,384.0,Region 2,Variant,E,Q,Negative Charge,Polar-Neutral,,,,,,,,
VACV K3,PKR-E384V,2.552957598491474,2.1444416949014187,0.45719650553582186,22,3724.0,384.0,Region 2,Variant,E,V,Negative Charge,Non-Polar,,,,,,,,
VACV K3,PKR-E480*,-5.78413071508437,1.1720948070014452,0.23441896140028903,25,4579.0,480.0,Region 4,Nonsense,E,*,Negative Charge,Stop,Conserved Kinase Residue,,,Conserved PKR Residue,,Conserved PKR Residue,Conserved PKR Residue,Conserved PKR Residue
VACV K3,PKR-E480A,5.5509299016533555,0.8542579526592071,0.2013505304026207,18,4505.0,480.0,Region 4,Variant,E,A,Negative Charge,Non-Polar,Conserved Kinase Residue,,,Conserved PKR Residue,,Conserved PKR Residue,Conserved PKR Residue,Conserved PKR Residue
VACV K3,PKR-E480D,5.990931024872208,1.138667479110561,0.15216084229618906,56,10352.0,480.0,Region 4,Variant,E,D,Negative Charge,Negative Charge,Conserved Kinase Residue,,,Conserved PKR Residue,,Conserved PKR Residue,Conserved PKR Residue,Conserved PKR Residue
VACV K3,PKR-E480G,5.4102729295018435,1.2472565305995404,0.25459517319357566,24,3610.0,480.0,Region 4,Variant,E,G,Negative Charge,Unique,Conserved Kinase Residue,,,Conserved PKR Residue,,Conserved PKR Residue,Conserved PKR Residue,Conserved PKR Residue
VACV K3,PKR-E480K,0.9019547093319935,1.5753225878614763,0.2829362891824611,31,6863.0,480.0,Region 4,Variant,E,K,Negative Charge,Positive Charge,Conserved Kinase Residue,,,Conserved PKR Residue,,Conserved PKR Residue,Conserved PKR Residue,Conserved PKR Residue
VACV K3,PKR-E480Q,5.667104307058454,1.264115110546643,0.25803641641510217,24,5558.0,480.0,Region 4,Variant,E,Q,Negative Charge,Polar-Neutral,Conserved Kinase Residue,,,Conserved PKR Residue,,Conserved PKR Residue,Conserved PKR Residue,Conserved PKR Residue
VACV K3,PKR-E480V,5.882919193459621,0.7745572678891316,0.16150635486755097,23,5221.0,480.0,Region 4,Variant,E,V,Negative Charge,Non-Polar,Conserved Kinase Residue,,,Conserved PKR Residue,,Conserved PKR Residue,Conserved PKR Residue,Conserved PKR Residue
VACV K3,PKR-E490A,5.295058703030227,0.7058633995597403,0.24956039821004092,8,2760.0,490.0,Region 4,Variant,E,A,Negative Charge,Non-Polar,Conserved Kinase Residue,,,Conserved PKR Residue,,Conserved PKR Residue,Conserved PKR Residue,Conserved PKR Residue
VACV K3,PKR-E490D,4.367135125119623,0.7884611357313338,0.10933988667653448,52,17442.0,490.0,Region 4,Variant,E,D,Negative Charge,Negative Charge,Conserved Kinase Residue,,,Conserved PKR Residue,,Conserved PKR Residue,Conserved PKR Residue,Conserved PKR Residue
VACV K3,PKR-E490G,6.415436714941743,1.112188077031031,0.23711929474518464,22,6548.0,490.0,Region 4,Variant,E,G,Negative Charge,Unique,Conserved Kinase Residue,,,Conserved PKR Residue,,Conserved PKR Residue,Conserved PKR Residue,Conserved PKR Residue
VACV K3,PKR-E490K,1.6098654555645115,1.0191699496149154,0.2125116248685325,23,7741.0,490.0,Region 4,Variant,E,K,Negative Charge,Positive Charge,Conserved Kinase Residue,,,Conserved PKR Residue,,Conserved PKR Residue,Conserved PKR Residue,Conserved PKR Residue
VACV K3,PKR-E490Q,5.993535509825118,0.4740637258752196,0.12240272769038424,15,4779.0,490.0,Region 4,Variant,E,Q,Negative Charge,Polar-Neutral,Conserved Kinase Residue,,,Conserved PKR Residue,,Conserved PKR Residue,Conserved PKR Residue,Conserved PKR Residue
VACV K3,PKR-E490V,-0.47408123589370416,0.8348608608628496,0.1606690475850163,27,10384.0,490.0,Region 4,Variant,E,V,Negative Charge,Non-Polar,Conserved Kinase Residue,,,Conserved PKR Residue,,Conserved PKR Residue,Conserved PKR Residue,Conserved PKR Residue
VACV K3,PKR-F263C,4.091588611100303,1.184026415503184,0.32838984250773545,13,4166.0,263.0,Region 1,Variant,F,C,Aromatic,Polar-Neutral,Conserved Kinase Residue,,,Conserved PKR Residue,,Conserved PKR Residue,Conserved PKR Residue,Conserved PKR Residue
VACV K3,PKR-F263I,1.96956269417504,1.3286417645327233,0.2657283529065447,25,6711.0,263.0,Region 1,Variant,F,I,Aromatic,Non-Polar,Conserved Kinase Residue,,,Conserved PKR Residue,,Conserved PKR Residue,Conserved PKR Residue,Conserved PKR Residue
VACV K3,PKR-F263L,3.0435351995838094,1.0762703362986088,0.16044090894201657,45,10560.0,263.0,Region 1,Variant,F,L,Aromatic,Non-Polar,Conserved Kinase Residue,,,Conserved PKR Residue,,Conserved PKR Residue,Conserved PKR Residue,Conserved PKR Residue
VACV K3,PKR-F263S,3.5264230690273983,0.9542265375625375,0.2754614741648078,12,2869.0,263.0,Region 1,Variant,F,S,Aromatic,Polar-Neutral,Conserved Kinase Residue,,,Conserved PKR Residue,,Conserved PKR Residue,Conserved PKR Residue,Conserved PKR Residue
VACV K3,PKR-F263V,3.103598290234384,1.0271753981197413,0.24210756315948695,18,4398.0,263.0,Region 1,Variant,F,V,Aromatic,Non-Polar,Conserved Kinase Residue,,,Conserved PKR Residue,,Conserved PKR Residue,Conserved PKR Residue,Conserved PKR Residue
VACV K3,PKR-F263Y,3.521231310311781,1.2410429651067005,0.37418853308809585,11,2545.0,263.0,Region 1,Variant,F,Y,Aromatic,Aromatic,Conserved Kinase Residue,,,Conserved PKR Residue,,Conserved PKR Residue,Conserved PKR Residue,Conserved PKR Residue
VACV K3,PKR-F267C,2.605000931967899,1.1060999271390295,0.18969457253057567,34,11155.0,267.0,Region 1,Variant,F,C,Aromatic,Polar-Neutral,Conserved Kinase Residue,,,Conserved PKR Residue,,Conserved PKR Residue,Conserved PKR Residue,Conserved PKR Residue
VACV K3,PKR-F267I,-5.547257560526274,1.2736426396025604,0.2847951521193591,20,4521.0,267.0,Region 1,Variant,F,I,Aromatic,Non-Polar,Conserved Kinase Residue,,,Conserved PKR Residue,,Conserved PKR Residue,Conserved PKR Residue,Conserved PKR Residue
VACV K3,PKR-F267L,4.114579761535229,1.286557181138702,0.16339292539762224,62,18785.0,267.0,Region 1,Variant,F,L,Aromatic,Non-Polar,Conserved Kinase Residue,,,Conserved PKR Residue,,Conserved PKR Residue,Conserved PKR Residue,Conserved PKR Residue
VACV K3,PKR-F267S,-5.732036710789832,1.0527687059735698,0.27182371104293124,15,5059.0,267.0,Region 1,Variant,F,S,Aromatic,Polar-Neutral,Conserved Kinase Residue,,,Conserved PKR Residue,,Conserved PKR Residue,Conserved PKR Residue,Conserved PKR Residue
VACV K3,PKR-F267V,-5.776070617971818,0.8090274942690078,0.15289182526068054,28,7407.0,267.0,Region 1,Variant,F,V,Aromatic,Non-Polar,Conserved Kinase Residue,,,Conserved PKR Residue,,Conserved PKR Residue,Conserved PKR Residue,Conserved PKR Residue
VACV K3,PKR-F267Y,3.8043412246644817,1.0014426181973874,0.25036065454934686,16,5725.0,267.0,Region 1,Variant,F,Y,Aromatic,Aromatic,Conserved Kinase Residue,,,Conserved PKR Residue,,Conserved PKR Residue,Conserved PKR Residue,Conserved PKR Residue
VACV K3,PKR-F278C,-3.1173724206658,1.2691032016314279,0.1759929487437549,52,12547.0,278.0,Region 1,Variant,F,C,Aromatic,Polar-Neutral,Conserved Kinase Residue,,,Conserved PKR Residue,,Conserved PKR Residue,Conserved PKR Residue,Conserved PKR Residue
VACV K3,PKR-F278I,-5.402959514461884,1.783899533305837,0.27204212844614084,43,7587.0,278.0,Region 1,Variant,F,I,Aromatic,Non-Polar,Conserved Kinase Residue,,,Conserved PKR Residue,,Conserved PKR Residue,Conserved PKR Residue,Conserved PKR Residue
VACV K3,PKR-F278L,-4.696324667584111,1.9421251649450266,0.18775232632461852,107,18527.0,278.0,Region 1,Variant,F,L,Aromatic,Non-Polar,Conserved Kinase Residue,,,Conserved PKR Residue,,Conserved PKR Residue,Conserved PKR Residue,Conserved PKR Residue
VACV K3,PKR-F278S,-2.247926434595254,1.6702401765099275,0.32143787183977823,27,5136.0,278.0,Region 1,Variant,F,S,Aromatic,Polar-Neutral,Conserved Kinase Residue,,,Conserved PKR Residue,,Conserved PKR Residue,Conserved PKR Residue,Conserved PKR Residue
VACV K3,PKR-F278V,-4.730016334358043,2.3395593551663114,0.29018662367375314,65,13414.0,278.0,Region 1,Variant,F,V,Aromatic,Non-Polar,Conserved Kinase Residue,,,Conserved PKR Residue,,Conserved PKR Residue,Conserved PKR Residue,Conserved PKR Residue
VACV K3,PKR-F278Y,4.379651427577192,1.178511041817561,0.1863389569900718,40,6428.0,278.0,Region 1,Variant,F,Y,Aromatic,Aromatic,Conserved Kinase Residue,,,Conserved PKR Residue,,Conserved PKR Residue,Conserved PKR Residue,Conserved PKR Residue
VACV K3,PKR-F489C,-4.929932235904227,1.059454063235431,0.23690113044327843,20,5035.0,489.0,Region 4,Variant,F,C,Aromatic,Polar-Neutral,,Primate Positive Selection,,,Primate Positive Selection,,Primate Positive Selection,Primate Positive Selection
VACV K3,PKR-F489I,2.3570518675621956,0.9735474257164186,0.21769182232218387,20,5528.0,489.0,Region 4,Variant,F,I,Aromatic,Non-Polar,,Primate Positive Selection,,,Primate Positive Selection,,Primate Positive Selection,Primate Positive Selection
VACV K3,PKR-F489L,-4.125276494736774,1.277923688665581,0.18445239641371816,48,15956.0,489.0,Region 4,Variant,F,L,Aromatic,Non-Polar,,Primate Positive Selection,,,Primate Positive Selection,,Primate Positive Selection,Primate Positive Selection
VACV K3,PKR-F489S,4.104881626922002,1.2351569505822309,0.28336443826314767,19,5004.0,489.0,Region 4,Variant,F,S,Aromatic,Polar-Neutral,,Primate Positive Selection,,,Primate Positive Selection,,Primate Positive Selection,Primate Positive Selection
VACV K3,PKR-F489V,-4.812178484536365,1.2107327776574235,0.2421465555314847,25,8032.0,489.0,Region 4,Variant,F,V,Aromatic,Non-Polar,,Primate Positive Selection,,,Primate Positive Selection,,Primate Positive Selection,Primate Positive Selection
VACV K3,PKR-F489Y,4.158592547722294,1.6353125898707968,0.5451041966235989,9,3734.0,489.0,Region 4,Variant,F,Y,Aromatic,Aromatic,,Primate Positive Selection,,,Primate Positive Selection,,Primate Positive Selection,Primate Positive Selection
VACV K3,PKR-F494C,3.987851414047796,1.1491887867746715,0.22537446340638725,26,5284.0,494.0,Region 4,Variant,F,C,Aromatic,Polar-Neutral,,,,,,,,
VACV K3,PKR-F494I,2.071330799382527,1.3254150585761888,0.22730680727239183,34,5430.0,494.0,Region 4,Variant,F,I,Aromatic,Non-Polar,,,,,,,,
VACV K3,PKR-F494L,3.963335293710926,1.2527798603773483,0.18886367008115865,44,10948.0,494.0,Region 4,Variant,F,L,Aromatic,Non-Polar,,,,,,,,
VACV K3,PKR-F494S,4.4402440162189585,1.4322225028371751,0.3827775648031842,14,1888.0,494.0,Region 4,Variant,F,S,Aromatic,Polar-Neutral,,,,,,,,
VACV K3,PKR-F494V,3.2767640321960982,1.1638779707953748,0.17959026984080811,42,7045.0,494.0,Region 4,Variant,F,V,Aromatic,Non-Polar,,,,,,,,
VACV K3,PKR-F494Y,2.120022398344751,1.4148293990983662,0.3016426414087495,22,4273.0,494.0,Region 4,Variant,F,Y,Aromatic,Aromatic,,,,,,,,
VACV K3,PKR-F495C,4.640842109143075,1.4883768837548692,0.2590931591026938,33,8022.0,495.0,Region 4,Variant,F,C,Aromatic,Polar-Neutral,Conserved Kinase Residue,,,,,,,
VACV K3,PKR-F495I,1.845006425696331,1.275775161207524,0.2502000939213133,26,5721.0,495.0,Region 4,Variant,F,I,Aromatic,Non-Polar,Conserved Kinase Residue,,,,,,,
VACV K3,PKR-F495L,-2.688685095060985,1.4238537069932933,0.16121968524101543,78,16211.0,495.0,Region 4,Variant,F,L,Aromatic,Non-Polar,Conserved Kinase Residue,,,,,,,
VACV K3,PKR-F495S,6.424590444947233,0.8284393943696439,0.19526503785361726,18,4063.0,495.0,Region 4,Variant,F,S,Aromatic,Polar-Neutral,Conserved Kinase Residue,,,,,,,
VACV K3,PKR-F495V,4.316515428799241,1.0135516165161824,0.19505809954439943,27,5023.0,495.0,Region 4,Variant,F,V,Aromatic,Non-Polar,Conserved Kinase Residue,,,,,,,
VACV K3,PKR-F495Y,6.080725996166719,0.9300838268271788,0.20296093043284508,21,3989.0,495.0,Region 4,Variant,F,Y,Aromatic,Aromatic,Conserved Kinase Residue,,,,,,,
VACV K3,PKR-G264A,4.088598526982468,1.466359280287282,0.40669489025602057,13,2189.0,264.0,Region 1,Variant,G,A,Unique,Non-Polar,,,,,,,,
VACV K3,PKR-G264C,3.1271651114745005,0.9994257757675141,0.21809258423545694,21,5783.0,264.0,Region 1,Variant,G,C,Unique,Polar-Neutral,,,,,,,,
VACV K3,PKR-G264D,4.055732555808554,1.3185034165670801,0.2749269673377359,23,5031.0,264.0,Region 1,Variant,G,D,Unique,Negative Charge,,,,,,,,
VACV K3,PKR-G264R,3.8217003092723667,0.7624562266853026,0.21146730927774257,13,3005.0,264.0,Region 1,Variant,G,R,Unique,Positive Charge,,,,,,,,
VACV K3,PKR-G264S,4.033125105843551,1.7864105075128933,0.40983067757515307,19,4735.0,264.0,Region 1,Variant,G,S,Unique,Polar-Neutral,,,,,,,,
VACV K3,PKR-G264V,3.923429994300699,1.0569848203010994,0.305125235265094,12,1907.0,264.0,Region 1,Variant,G,V,Unique,Non-Polar,,,,,,,,
VACV K3,PKR-G274A,5.456759038977972,1.0996835219735304,0.41564130285965634,7,2029.0,274.0,Region 1,Variant,G,A,Unique,Non-Polar,Conserved Kinase Residue,,,,,,,
VACV K3,PKR-G274C,2.774601889686245,0.8585688776847153,0.22168153098965968,15,4298.0,274.0,Region 1,Variant,G,C,Unique,Polar-Neutral,Conserved Kinase Residue,,,,,,,
VACV K3,PKR-G274D,4.038790188747577,1.0625763953293044,0.2318731792033266,21,5654.0,274.0,Region 1,Variant,G,D,Unique,Negative Charge,Conserved Kinase Residue,,,,,,,
VACV K3,PKR-G274R,-2.5931485524278832,1.4415780362498447,0.38527793628180745,14,3224.0,274.0,Region 1,Variant,G,R,Unique,Positive Charge,Conserved Kinase Residue,,,,,,,
VACV K3,PKR-G274S,1.247679624331745,1.4720239567985294,0.2944047913597059,25,7702.0,274.0,Region 1,Variant,G,S,Unique,Polar-Neutral,Conserved Kinase Residue,,,,,,,
VACV K3,PKR-G274V,-0.4469404300807007,1.4664652652848653,0.35567006970993664,17,4157.0,274.0,Region 1,Variant,G,V,Unique,Non-Polar,Conserved Kinase Residue,,,,,,,
VACV K3,PKR-G276A,-4.9045989115152,1.127904061036944,0.25220701525766787,20,4459.0,276.0,Region 1,Variant,G,A,Unique,Non-Polar,Conserved Kinase Residue,,,Conserved PKR Residue,,Conserved PKR Residue,Conserved PKR Residue,Conserved PKR Residue
VACV K3,PKR-G276C,-4.717189134383596,2.483328811503946,0.35843763945203916,48,9275.0,276.0,Region 1,Variant,G,C,Unique,Polar-Neutral,Conserved Kinase Residue,,,Conserved PKR Residue,,Conserved PKR Residue,Conserved PKR Residue,Conserved PKR Residue
VACV K3,PKR-G276D,-5.305860616274007,1.532530534812542,0.26282681840804334,34,7354.0,276.0,Region 1,Variant,G,D,Unique,Negative Charge,Conserved Kinase Residue,,,Conserved PKR Residue,,Conserved PKR Residue,Conserved PKR Residue,Conserved PKR Residue
VACV K3,PKR-G276R,-5.002843758447091,1.2498681370132496,0.26647278216127707,22,4391.0,276.0,Region 1,Variant,G,R,Unique,Positive Charge,Conserved Kinase Residue,,,Conserved PKR Residue,,Conserved PKR Residue,Conserved PKR Residue,Conserved PKR Residue
VACV K3,PKR-G276S,-5.8921879848839795,1.0919485068418973,0.168491312591809,42,8710.0,276.0,Region 1,Variant,G,S,Unique,Polar-Neutral,Conserved Kinase Residue,,,Conserved PKR Residue,,Conserved PKR Residue,Conserved PKR Residue,Conserved PKR Residue
VACV K3,PKR-G276V,-5.373670987321682,1.4960822396837161,0.22554288384297463,44,7645.0,276.0,Region 1,Variant,G,V,Unique,Non-Polar,Conserved Kinase Residue,,,Conserved PKR Residue,,Conserved PKR Residue,Conserved PKR Residue,Conserved PKR Residue
VACV K3,PKR-G277A,4.296868324951845,1.3396405190805314,0.22644057690152591,35,5618.0,277.0,Region 1,Variant,G,A,Unique,Non-Polar,,,,Conserved PKR Residue,,Conserved PKR Residue,Conserved PKR Residue,Conserved PKR Residue
VACV K3,PKR-G277E,-5.403953345332904,1.5429825575123142,0.2915962946062857,28,5502.0,277.0,Region 1,Variant,G,E,Unique,Negative Charge,,,,Conserved PKR Residue,,Conserved PKR Residue,Conserved PKR Residue,Conserved PKR Residue
VACV K3,PKR-G277R,-5.145650583069657,1.6199398293857334,0.15587878276114162,108,22465.0,277.0,Region 1,Variant,G,R,Unique,Positive Charge,,,,Conserved PKR Residue,,Conserved PKR Residue,Conserved PKR Residue,Conserved PKR Residue
VACV K3,PKR-G277V,-5.6167741307562356,1.172151821973757,0.1927005725006151,37,7417.0,277.0,Region 1,Variant,G,V,Unique,Non-Polar,,,,Conserved PKR Residue,,Conserved PKR Residue,Conserved PKR Residue,Conserved PKR Residue
VACV K3,PKR-G372A,2.8623081797104186,0.9237127514954027,0.2385016068814083,15,3831.0,372.0,Region 2,Variant,G,A,Unique,Non-Polar,,,,,,,,
VACV K3,PKR-G372E,1.6828783812339774,1.4444664733461612,0.28328318208933184,26,4921.0,372.0,Region 2,Variant,G,E,Unique,Negative Charge,,,,,,,,
VACV K3,PKR-G372R,1.0389638236090548,1.431851490059961,0.27059449693399495,28,6023.0,372.0,Region 2,Variant,G,R,Unique,Positive Charge,,,,,,,,
VACV K3,PKR-G372V,-1.833199042727027,1.8346050995523144,0.4102301714466744,20,3434.0,372.0,Region 2,Variant,G,V,Unique,Non-Polar,,,,,,,,
VACV K3,PKR-G372W,-0.07250335196800842,1.4141732480995164,0.24999287337594348,32,6190.0,372.0,Region 2,Variant,G,W,Unique,Aromatic,,,,,,,,
VACV K3,PKR-G383A,2.0816851571952624,1.9291786513714417,0.5155946822364675,14,2638.0,383.0,Region 2,Variant,G,A,Unique,Non-Polar,,,,,,,,
VACV K3,PKR-G383C,4.54123457954083,2.0814915419428126,0.46543565823749833,20,3170.0,383.0,Region 2,Variant,G,C,Unique,Polar-Neutral,,,,,,,,
VACV K3,PKR-G383D,2.5360861754396558,2.1489870352242724,0.5960217650621886,13,1838.0,383.0,Region 2,Variant,G,D,Unique,Negative Charge,,,,,,,,
VACV K3,PKR-G383R,4.5548813857088195,1.763395048050451,0.5090483028397905,12,2604.0,383.0,Region 2,Variant,G,R,Unique,Positive Charge,,,,,,,,
VACV K3,PKR-G383S,2.7603406471933463,1.9779434819154655,0.5107028110132072,15,3863.0,383.0,Region 2,Variant,G,S,Unique,Polar-Neutral,,,,,,,,
VACV K3,PKR-G383V,2.71144144243409,2.653510735367814,0.6435708847430524,17,2237.0,383.0,Region 2,Variant,G,V,Unique,Non-Polar,,,,,,,,
VACV K3,PKR-G450A,-4.171699027282338,2.1700566668075183,0.4978451427563519,19,3491.0,450.0,Region 3,Variant,G,A,Unique,Non-Polar,Conserved Kinase Residue,,,Conserved PKR Residue,,Conserved PKR Residue,Conserved PKR Residue,Conserved PKR Residue
VACV K3,PKR-G450E,-5.488620440720246,0.9360661080193932,0.20426637121340854,21,5167.0,450.0,Region 3,Variant,G,E,Unique,Negative Charge,Conserved Kinase Residue,,,Conserved PKR Residue,,Conserved PKR Residue,Conserved PKR Residue,Conserved PKR Residue
VACV K3,PKR-G450R,-5.204775832029926,1.8475429274781878,0.18955390481406525,95,20824.0,450.0,Region 3,Variant,G,R,Unique,Positive Charge,Conserved Kinase Residue,,,Conserved PKR Residue,,Conserved PKR Residue,Conserved PKR Residue,Conserved PKR Residue
VACV K3,PKR-G450V,-5.411799095839263,1.4177408597722736,0.289395141161399,24,5193.0,450.0,Region 3,Variant,G,V,Unique,Non-Polar,Conserved Kinase Residue,,,Conserved PKR Residue,,Conserved PKR Residue,Conserved PKR Residue,Conserved PKR Residue
VACV K3,PKR-G501A,4.439440558713275,1.051267597180635,0.350422532393545,9,2303.0,501.0,Region 4,Variant,G,A,Unique,Non-Polar,,,,,,,,
VACV K3,PKR-G501C,4.799108799521864,1.0861937097166752,0.24918992704023896,19,4895.0,501.0,Region 4,Variant,G,C,Unique,Polar-Neutral,,,,,,,,
VACV K3,PKR-G501D,4.008668489530658,0.8718308812007373,0.2418023804386317,13,4221.0,501.0,Region 4,Variant,G,D,Unique,Negative Charge,,,,,,,,
VACV K3,PKR-G501R,3.977115697585248,1.0071129029649337,0.29072845281557497,12,2284.0,501.0,Region 4,Variant,G,R,Unique,Positive Charge,,,,,,,,
VACV K3,PKR-G501S,4.750516537302086,1.3800841640587722,0.3688430076300175,14,3528.0,501.0,Region 4,Variant,G,S,Unique,Polar-Neutral,,,,,,,,
VACV K3,PKR-G501V,4.682395801237573,1.24000092800904,0.248000185601808,25,7727.0,501.0,Region 4,Variant,G,V,Unique,Non-Polar,,,,,,,,
VACV K3,PKR-H483D,5.906453232239224,1.0848162771659027,0.22619983039282543,23,4491.0,483.0,Region 4,Variant,H,D,Positive Charge,Negative Charge,,,Vertebrate Positive Selection,,,Vertebrate Positive Selection,,
VACV K3,PKR-H483L,3.2762990505898477,1.360596177968645,0.26184685653619105,27,6387.0,483.0,Region 4,Variant,H,L,Positive Charge,Non-Polar,,,Vertebrate Positive Selection,,,Vertebrate Positive Selection,,
VACV K3,PKR-H483N,4.234268177144178,0.8604946750530893,0.18345808114150686,22,3739.0,483.0,Region 4,Variant,H,N,Positive Charge,Polar-Neutral,,,Vertebrate Positive Selection,,,Vertebrate Positive Selection,,
VACV K3,PKR-H483P,2.474029103184101,1.1359757258507115,0.2271951451701423,25,5606.0,483.0,Region 4,Variant,H,P,Positive Charge,Unique,,,Vertebrate Positive Selection,,,Vertebrate Positive Selection,,
VACV K3,PKR-H483R,3.5244495608287814,1.253740399741495,0.28034487599597424,20,3891.0,483.0,Region 4,Variant,H,R,Positive Charge,Positive Charge,,,Vertebrate Positive Selection,,,Vertebrate Positive Selection,,
VACV K3,PKR-H483Y,4.795208940332296,1.4335883330695485,0.320560096449412,20,4724.0,483.0,Region 4,Variant,H,Y,Positive Charge,Aromatic,,,Vertebrate Positive Selection,,,Vertebrate Positive Selection,,
VACV K3,PKR-I270K,3.970752446782501,1.0270228909030796,0.2567557227257699,16,4939.0,270.0,Region 1,Variant,I,K,Non-Polar,Positive Charge,,,Vertebrate Positive Selection,,,Vertebrate Positive Selection,,
VACV K3,PKR-I270L,4.322995457559111,0.9590371082365533,0.16953541066090094,32,7528.0,270.0,Region 1,Variant,I,L,Non-Polar,Non-Polar,,,Vertebrate Positive Selection,,,Vertebrate Positive Selection,,
VACV K3,PKR-I270M,4.135543365265889,1.0470537963614186,0.1351740638630342,60,15594.0,270.0,Region 1,Variant,I,M,Non-Polar,Non-Polar,,,Vertebrate Positive Selection,,,Vertebrate Positive Selection,,
VACV K3,PKR-I270R,3.6609016873530513,1.0294435902842518,0.18489352695253058,31,8425.0,270.0,Region 1,Variant,I,R,Non-Polar,Positive Charge,,,Vertebrate Positive Selection,,,Vertebrate Positive Selection,,
VACV K3,PKR-I270T,4.447922398939256,0.7565935524459693,0.22812153929685092,11,2969.0,270.0,Region 1,Variant,I,T,Non-Polar,Polar-Neutral,,,Vertebrate Positive Selection,,,Vertebrate Positive Selection,,
VACV K3,PKR-I270V,3.9321938935727325,1.1276225407760139,0.21310062968886595,28,7292.0,270.0,Region 1,Variant,I,V,Non-Polar,Non-Polar,,,Vertebrate Positive Selection,,,Vertebrate Positive Selection,,
VACV K3,PKR-I273F,4.8405616363361155,1.0618678754268847,0.19718391422674295,29,6540.0,273.0,Region 1,Variant,I,F,Non-Polar,Aromatic,Conserved Kinase Residue,,,,,,,
VACV K3,PKR-I273L,-0.8350447149538986,1.7572476991513677,0.48737282176779806,13,3744.0,273.0,Region 1,Variant,I,L,Non-Polar,Non-Polar,Conserved Kinase Residue,,,,,,,
VACV K3,PKR-I273M,-2.5365083268446638,1.3354346012971763,0.1968990899321908,46,14938.0,273.0,Region 1,Variant,I,M,Non-Polar,Non-Polar,Conserved Kinase Residue,,,,,,,
VACV K3,PKR-I273N,1.9182858614409017,1.1532445868051113,0.2404681192821611,23,6612.0,273.0,Region 1,Variant,I,N,Non-Polar,Polar-Neutral,Conserved Kinase Residue,,,,,,,
VACV K3,PKR-I273S,2.3508954395095305,1.2190442329381677,0.3047610582345419,16,4637.0,273.0,Region 1,Variant,I,S,Non-Polar,Polar-Neutral,Conserved Kinase Residue,,,,,,,
VACV K3,PKR-I273T,3.7700758172272733,0.9812101366903685,0.27213872768016567,13,3216.0,273.0,Region 1,Variant,I,T,Non-Polar,Polar-Neutral,Conserved Kinase Residue,,,,,,,
VACV K3,PKR-I273V,4.545948746239966,1.0551707123391936,0.23594334406573128,20,5525.0,273.0,Region 1,Variant,I,V,Non-Polar,Non-Polar,Conserved Kinase Residue,,,,,,,
VACV K3,PKR-I378F,2.8708990260088414,1.59682218241777,0.30177102733348826,28,6042.0,378.0,Region 2,Variant,I,F,Non-Polar,Aromatic,,,Vertebrate Positive Selection,,,Vertebrate Positive Selection,,
VACV K3,PKR-I378L,4.038791313141854,1.4685454738213493,0.37917681088389105,15,2955.0,378.0,Region 2,Variant,I,L,Non-Polar,Non-Polar,,,Vertebrate Positive Selection,,,Vertebrate Positive Selection,,
VACV K3,PKR-I378M,4.4861424245531865,1.3938451626900688,0.1770185126802399,62,9977.0,378.0,Region 2,Variant,I,M,Non-Polar,Non-Polar,,,Vertebrate Positive Selection,,,Vertebrate Positive Selection,,
VACV K3,PKR-I378N,5.521139501214249,1.2599869467389204,0.3149967366847301,16,2708.0,378.0,Region 2,Variant,I,N,Non-Polar,Polar-Neutral,,,Vertebrate Positive Selection,,,Vertebrate Positive Selection,,
VACV K3,PKR-I378S,4.351540348945952,1.2460929588201854,0.27863485622057804,20,3275.0,378.0,Region 2,Variant,I,S,Non-Polar,Polar-Neutral,,,Vertebrate Positive Selection,,,Vertebrate Positive Selection,,
VACV K3,PKR-I378T,5.2665860772369895,1.1505951287341634,0.3321482036514707,12,1644.0,378.0,Region 2,Variant,I,T,Non-Polar,Polar-Neutral,,,Vertebrate Positive Selection,,,Vertebrate Positive Selection,,
VACV K3,PKR-I378V,4.0801997097234555,1.4838440800065213,0.28556592634239925,27,4613.0,378.0,Region 2,Variant,I,V,Non-Polar,Non-Polar,,,Vertebrate Positive Selection,,,Vertebrate Positive Selection,,
VACV K3,PKR-I502F,4.12564085745501,0.987628968216553,0.19006928355309974,27,7320.0,502.0,Region 4,Variant,I,F,Non-Polar,Aromatic,,Primate Positive Selection,Vertebrate Positive Selection,,Primate Positive Selection,Vertebrate Positive Selection,Primate Positive Selection,Primate Positive Selection
VACV K3,PKR-I502L,4.851281300202978,0.8419275843892254,0.25385071800630393,11,2420.0,502.0,Region 4,Variant,I,L,Non-Polar,Non-Polar,,Primate Positive Selection,Vertebrate Positive Selection,,Primate Positive Selection,Vertebrate Positive Selection,Primate Positive Selection,Primate Positive Selection
VACV K3,PKR-I502M,4.442672909525376,1.5580957211239523,0.2297286809990906,46,10351.0,502.0,Region 4,Variant,I,M,Non-Polar,Non-Polar,,Primate Positive Selection,Vertebrate Positive Selection,,Primate Positive Selection,Vertebrate Positive Selection,Primate Positive Selection,Primate Positive Selection
VACV K3,PKR-I502N,3.7494363670149937,0.9471214785037342,0.185745803870515,26,6830.0,502.0,Region 4,Variant,I,N,Non-Polar,Polar-Neutral,,Primate Positive Selection,Vertebrate Positive Selection,,Primate Positive Selection,Vertebrate Positive Selection,Primate Positive Selection,Primate Positive Selection
VACV K3,PKR-I502S,4.351589221931002,0.7991863476463563,0.15983726952927127,25,6450.0,502.0,Region 4,Variant,I,S,Non-Polar,Polar-Neutral,,Primate Positive Selection,Vertebrate Positive Selection,,Primate Positive Selection,Vertebrate Positive Selection,Primate Positive Selection,Primate Positive Selection
VACV K3,PKR-I502T,4.710185419882757,1.3639358044231797,0.3049853175636088,20,5399.0,502.0,Region 4,Variant,I,T,Non-Polar,Polar-Neutral,,Primate Positive Selection,Vertebrate Positive Selection,,Primate Positive Selection,Vertebrate Positive Selection,Primate Positive Selection,Primate Positive Selection
VACV K3,PKR-I502V,4.699244539274175,1.158685467714399,0.2991713013300279,15,2857.0,502.0,Region 4,Variant,I,V,Non-Polar,Non-Polar,,Primate Positive Selection,Vertebrate Positive Selection,,Primate Positive Selection,Vertebrate Positive Selection,Primate Positive Selection,Primate Positive Selection
VACV K3,PKR-I503F,2.8434183934217265,1.1315892965838137,0.2828973241459534,16,3379.0,503.0,Region 4,Variant,I,F,Non-Polar,Aromatic,,,,,,,,
VACV K3,PKR-I503L,4.5089468766592695,0.8605543357404563,0.22999282050311576,14,2411.0,503.0,Region 4,Variant,I,L,Non-Polar,Non-Polar,,,,,,,,
VACV K3,PKR-I503M,3.358482727217068,1.2929328100133535,0.19950386386096136,42,9992.0,503.0,Region 4,Variant,I,M,Non-Polar,Non-Polar,,,,,,,,
VACV K3,PKR-I503N,2.663672837160789,1.292681040687408,0.29656136960986323,19,4931.0,503.0,Region 4,Variant,I,N,Non-Polar,Polar-Neutral,,,,,,,,
VACV K3,PKR-I503S,2.35570481876064,1.2465008500733892,0.2938030679472299,18,5206.0,503.0,Region 4,Variant,I,S,Non-Polar,Polar-Neutral,,,,,,,,
VACV K3,PKR-I503T,3.5761875872220763,1.3932727150758941,0.40220318855181414,12,1962.0,503.0,Region 4,Variant,I,T,Non-Polar,Polar-Neutral,,,,,,,,
VACV K3,PKR-I503V,4.318222410803633,0.9106907487576008,0.24339234051111205,14,4859.0,503.0,Region 4,Variant,I,V,Non-Polar,Non-Polar,,,,,,,,
VACV K3,PKR-I506K,5.489572517741113,0.9260404080300692,0.2315101020075173,16,3585.0,506.0,Region 4,Variant,I,K,Non-Polar,Positive Charge,,Primate Positive Selection,,,Primate Positive Selection,,Primate Positive Selection,Primate Positive Selection
VACV K3,PKR-I506L,4.493620844516747,0.9457876884762068,0.159867297797103,35,10766.0,506.0,Region 4,Variant,I,L,Non-Polar,Non-Polar,,Primate Positive Selection,,,Primate Positive Selection,,Primate Positive Selection,Primate Positive Selection
VACV K3,PKR-I506M,4.650495678084404,0.9194883153379128,0.15542189237619858,35,8958.0,506.0,Region 4,Variant,I,M,Non-Polar,Non-Polar,,Primate Positive Selection,,,Primate Positive Selection,,Primate Positive Selection,Primate Positive Selection
VACV K3,PKR-I506R,4.9687835764776995,1.2500370808914751,0.33408646267563735,14,3994.0,506.0,Region 4,Variant,I,R,Non-Polar,Positive Charge,,Primate Positive Selection,,,Primate Positive Selection,,Primate Positive Selection,Primate Positive Selection
VACV K3,PKR-I506T,5.369660283255054,0.679966273336745,0.18172863067054149,14,4063.0,506.0,Region 4,Variant,I,T,Non-Polar,Polar-Neutral,,Primate Positive Selection,,,Primate Positive Selection,,Primate Positive Selection,Primate Positive Selection
VACV K3,PKR-I506V,4.064033731926452,1.524287899896179,0.36969411853663914,17,3551.0,506.0,Region 4,Variant,I,V,Non-Polar,Non-Polar,,Primate Positive Selection,,,Primate Positive Selection,,Primate Positive Selection,Primate Positive Selection
VACV K3,PKR-K256E,3.698096656048475,1.2541388110956766,0.18293494701765045,47,10662.0,256.0,Region 1,Variant,K,E,Positive Charge,Negative Charge,,,,,,,,
VACV K3,PKR-K256M,4.016251684759498,0.9840314644752661,0.2008645815673395,24,4839.0,256.0,Region 1,Variant,K,M,Positive Charge,Non-Polar,,,,,,,,
VACV K3,PKR-K256N,3.7042625949088293,1.185749172849702,0.13094409069977958,82,17977.0,256.0,Region 1,Variant,K,N,Positive Charge,Polar-Neutral,,,,,,,,
VACV K3,PKR-K256Q,3.889158859740897,1.2468185656075783,0.1838333682834243,46,10382.0,256.0,Region 1,Variant,K,Q,Positive Charge,Polar-Neutral,,,,,,,,
VACV K3,PKR-K256R,3.9809638136895416,1.2801134369672695,0.2195376432618009,34,7644.0,256.0,Region 1,Variant,K,R,Positive Charge,Positive Charge,,,,,,,,
VACV K3,PKR-K256T,3.8885050797140903,0.8594164776545399,0.17542765389947032,24,5800.0,256.0,Region 1,Variant,K,T,Positive Charge,Polar-Neutral,,,,,,,,
VACV K3,PKR-K261E,3.9314710260018613,0.9680256417990614,0.18629662162504942,27,8217.0,261.0,Region 1,Variant,K,E,Positive Charge,Negative Charge,,Primate Positive Selection,Vertebrate Positive Selection,,Primate Positive Selection,Vertebrate Positive Selection,Primate Positive Selection,Primate Positive Selection
VACV K3,PKR-K261M,4.054597503519791,1.4154481526830942,0.26749455755037493,28,6228.0,261.0,Region 1,Variant,K,M,Positive Charge,Non-Polar,,Primate Positive Selection,Vertebrate Positive Selection,,Primate Positive Selection,Vertebrate Positive Selection,Primate Positive Selection,Primate Positive Selection
VACV K3,PKR-K261N,4.426817224038673,1.1374017629572009,0.1533672224302388,55,13638.0,261.0,Region 1,Variant,K,N,Positive Charge,Polar-Neutral,,Primate Positive Selection,Vertebrate Positive Selection,,Primate Positive Selection,Vertebrate Positive Selection,Primate Positive Selection,Primate Positive Selection
VACV K3,PKR-K261Q,4.2722469963201615,1.2053705684525373,0.18824725614504031,41,9583.0,261.0,Region 1,Variant,K,Q,Positive Charge,Polar-Neutral,,Primate Positive Selection,Vertebrate Positive Selection,,Primate Positive Selection,Vertebrate Positive Selection,Primate Positive Selection,Primate Positive Selection
VACV K3,PKR-K261R,4.074061086996578,1.1523716787178886,0.2975410880210311,15,4227.0,261.0,Region 1,Variant,K,R,Positive Charge,Positive Charge,,Primate Positive Selection,Vertebrate Positive Selection,,Primate Positive Selection,Vertebrate Positive Selection,Primate Positive Selection,Primate Positive Selection
VACV K3,PKR-K261T,3.597727630388752,0.6834640963534269,0.20607217866214791,11,2436.0,261.0,Region 1,Variant,K,T,Positive Charge,Polar-Neutral,,Primate Positive Selection,Vertebrate Positive Selection,,Primate Positive Selection,Vertebrate Positive Selection,Primate Positive Selection,Primate Positive Selection
VACV K3,PKR-K268E,3.951592825736499,1.0736231364137943,0.16767176406438633,41,10196.0,268.0,Region 1,Variant,K,E,Positive Charge,Negative Charge,,,,,,,,
VACV K3,PKR-K268I,3.3396320326110005,0.9973089793519572,0.22879837139373016,19,6846.0,268.0,Region 1,Variant,K,I,Positive Charge,Non-Polar,,,,,,,,
VACV K3,PKR-K268N,4.021885403764384,1.0356203847826364,0.12747605725148498,66,20325.0,268.0,Region 1,Variant,K,N,Positive Charge,Polar-Neutral,,,,,,,,
VACV K3,PKR-K268Q,4.431016660550373,1.1251289364650456,0.20207912245286858,31,7888.0,268.0,Region 1,Variant,K,Q,Positive Charge,Polar-Neutral,,,,,,,,
VACV K3,PKR-K268R,4.1394511594165255,1.2015890563179146,0.37997582294969456,10,2113.0,268.0,Region 1,Variant,K,R,Positive Charge,Positive Charge,,,,,,,,
VACV K3,PKR-K268T,3.9428414118908206,0.779605768903255,0.2162237364944781,13,3149.0,268.0,Region 1,Variant,K,T,Positive Charge,Polar-Neutral,,,,,,,,
VACV K3,PKR-K371E,3.906073842750117,1.0025394734518667,0.19661416685685015,26,4890.0,371.0,Region 2,Variant,K,E,Positive Charge,Negative Charge,,,,,,,,
VACV K3,PKR-K371I,3.716509792261732,0.9809799784112213,0.17341439873570189,32,7339.0,371.0,Region 2,Variant,K,I,Positive Charge,Non-Polar,,,,,,,,
VACV K3,PKR-K371N,4.158836768482275,1.253630534983727,0.206095590406398,37,7054.0,371.0,Region 2,Variant,K,N,Positive Charge,Polar-Neutral,,,,,,,,
VACV K3,PKR-K371Q,4.119770225255649,1.4591013722470374,0.2539969466825064,33,6680.0,371.0,Region 2,Variant,K,Q,Positive Charge,Polar-Neutral,,,,,,,,
VACV K3,PKR-K371R,2.9425622014687365,1.568875300826799,0.4050818608252229,15,3324.0,371.0,Region 2,Variant,K,R,Positive Charge,Positive Charge,,,,,,,,
VACV K3,PKR-K371T,3.621196283578329,1.4391119736626574,0.384618853332122,14,3092.0,371.0,Region 2,Variant,K,T,Positive Charge,Polar-Neutral,,,,,,,,
VACV K3,PKR-K380E,3.923476779147333,1.083554908138338,0.1781353295876922,37,8552.0,380.0,Region 2,Variant,K,E,Positive Charge,Negative Charge,,Primate Positive Selection,,,Primate Positive Selection,,Primate Positive Selection,Primate Positive Selection
VACV K3,PKR-K380I,4.540857074116353,1.3275190317688714,0.22766763569811468,34,6407.0,380.0,Region 2,Variant,K,I,Positive Charge,Non-Polar,,Primate Positive Selection,,,Primate Positive Selection,,Primate Positive Selection,Primate Positive Selection
VACV K3,PKR-K380N,4.062111415535837,1.3739575903509322,0.18697194581020557,54,8596.0,380.0,Region 2,Variant,K,N,Positive Charge,Polar-Neutral,,Primate Positive Selection,,,Primate Positive Selection,,Primate Positive Selection,Primate Positive Selection
VACV K3,PKR-K380Q,3.6720956503603723,1.1074595959774902,0.19278397053340568,33,6889.0,380.0,Region 2,Variant,K,Q,Positive Charge,Polar-Neutral,,Primate Positive Selection,,,Primate Positive Selection,,Primate Positive Selection,Primate Positive Selection
VACV K3,PKR-K380R,2.2695318526776416,1.6936938381060722,0.39920746605955815,18,3831.0,380.0,Region 2,Variant,K,R,Positive Charge,Positive Charge,,Primate Positive Selection,,,Primate Positive Selection,,Primate Positive Selection,Primate Positive Selection
VACV K3,PKR-K380T,4.569049602952177,0.9332679525346758,0.2951252397251488,10,1586.0,380.0,Region 2,Variant,K,T,Positive Charge,Polar-Neutral,,Primate Positive Selection,,,Primate Positive Selection,,Primate Positive Selection,Primate Positive Selection
VACV K3,PKR-K385E,5.150043940130272,1.0025228738646386,0.18616382409252397,29,5234.0,385.0,Region 2,Variant,K,E,Positive Charge,Negative Charge,,,Vertebrate Positive Selection,,,Vertebrate Positive Selection,,
VACV K3,PKR-K385I,4.810412982335571,1.3857919031451917,0.3703684650667661,14,2677.0,385.0,Region 2,Variant,K,I,Positive Charge,Non-Polar,,,Vertebrate Positive Selection,,,Vertebrate Positive Selection,,
VACV K3,PKR-K385N,5.082150829589449,1.4221065962847135,0.20967817841700073,46,6800.0,385.0,Region 2,Variant,K,N,Positive Charge,Polar-Neutral,,,Vertebrate Positive Selection,,,Vertebrate Positive Selection,,
VACV K3,PKR-K385Q,3.843594116705746,1.315685988600032,0.2871062206453549,21,4082.0,385.0,Region 2,Variant,K,Q,Positive Charge,Polar-Neutral,,,Vertebrate Positive Selection,,,Vertebrate Positive Selection,,
VACV K3,PKR-K385R,4.717434161839556,1.125912317566476,0.3250228898154602,12,2398.0,385.0,Region 2,Variant,K,R,Positive Charge,Positive Charge,,,Vertebrate Positive Selection,,,Vertebrate Positive Selection,,
VACV K3,PKR-K385T,5.374655151557952,1.6926262500989289,0.4694500565329248,13,1625.0,385.0,Region 2,Variant,K,T,Positive Charge,Polar-Neutral,,,Vertebrate Positive Selection,,,Vertebrate Positive Selection,,
VACV K3,PKR-K449E,3.2204661679408964,1.3447139704848061,0.20045812321984482,45,8913.0,449.0,Region 3,Variant,K,E,Positive Charge,Negative Charge,,,Vertebrate Positive Selection,,Primate Positive Selection,Vertebrate Positive Selection,,Primate Positive Selection
VACV K3,PKR-K449M,2.070038554369252,1.2116164895966812,0.19918852389216637,37,6954.0,449.0,Region 3,Variant,K,M,Positive Charge,Non-Polar,,,Vertebrate Positive Selection,,Primate Positive Selection,Vertebrate Positive Selection,,Primate Positive Selection
VACV K3,PKR-K449N,-0.13319855125898195,1.5180040177585594,0.17528400565676752,75,14874.0,449.0,Region 3,Variant,K,N,Positive Charge,Polar-Neutral,,,Vertebrate Positive Selection,,Primate Positive Selection,Vertebrate Positive Selection,,Primate Positive Selection
VACV K3,PKR-K449Q,1.928568849445719,1.5209684231288665,0.21509741719300632,50,10416.0,449.0,Region 3,Variant,K,Q,Positive Charge,Polar-Neutral,,,Vertebrate Positive Selection,,Primate Positive Selection,Vertebrate Positive Selection,,Primate Positive Selection
VACV K3,PKR-K449R,3.5039737038033962,1.4526376226598756,0.2905275245319751,25,5322.0,449.0,Region 3,Variant,K,R,Positive Charge,Positive Charge,,,Vertebrate Positive Selection,,Primate Positive Selection,Vertebrate Positive Selection,,Primate Positive Selection
VACV K3,PKR-K449T,3.457913409794615,1.1406376158278435,0.20486456349386029,31,6673.0,449.0,Region 3,Variant,K,T,Positive Charge,Polar-Neutral,,,Vertebrate Positive Selection,,Primate Positive Selection,Vertebrate Positive Selection,,Primate Positive Selection
VACV K3,PKR-K493E,4.698382417909468,1.3061937987962242,0.1847236985345254,50,10583.0,493.0,Region 4,Variant,K,E,Positive Charge,Negative Charge,,,Vertebrate Positive Selection,,,Vertebrate Positive Selection,,
VACV K3,PKR-K493M,2.5316907976125234,1.0923465587778975,0.21422678533901646,26,4518.0,493.0,Region 4,Variant,K,M,Positive Charge,Non-Polar,,,Vertebrate Positive Selection,,,Vertebrate Positive Selection,,
VACV K3,PKR-K493N,4.892421421588857,1.2152909054990355,0.16386979226805573,55,10908.0,493.0,Region 4,Variant,K,N,Positive Charge,Polar-Neutral,,,Vertebrate Positive Selection,,,Vertebrate Positive Selection,,
VACV K3,PKR-K493Q,4.510351000931683,1.1032815710407449,0.1950344701102646,32,7002.0,493.0,Region 4,Variant,K,Q,Positive Charge,Polar-Neutral,,,Vertebrate Positive Selection,,,Vertebrate Positive Selection,,
VACV K3,PKR-K493R,4.3793077620761425,1.2115144711180095,0.2077730176764135,34,7219.0,493.0,Region 4,Variant,K,R,Positive Charge,Positive Charge,,,Vertebrate Positive Selection,,,Vertebrate Positive Selection,,
VACV K3,PKR-K493T,4.882958004615023,1.5298453380102044,0.3605880042245472,18,3066.0,493.0,Region 4,Variant,K,T,Positive Charge,Polar-Neutral,,,Vertebrate Positive Selection,,,Vertebrate Positive Selection,,
VACV K3,PKR-L272F,3.95176470849387,1.1444914293716424,0.13778057707425653,69,17981.0,272.0,Region 1,Variant,L,F,Non-Polar,Aromatic,,,Vertebrate Positive Selection,,,Vertebrate Positive Selection,,
VACV K3,PKR-L272I,4.401049002668131,1.158175938661185,0.25897601287510363,20,5343.0,272.0,Region 1,Variant,L,I,Non-Polar,Non-Polar,,,Vertebrate Positive Selection,,,Vertebrate Positive Selection,,
VACV K3,PKR-L272S,4.219180063094023,0.8872879305878147,0.1280689813933952,48,12892.0,272.0,Region 1,Variant,L,S,Non-Polar,Polar-Neutral,,,Vertebrate Positive Selection,,,Vertebrate Positive Selection,,
VACV K3,PKR-L272V,3.6677043775218032,1.1589885662973973,0.20175401290050582,33,7005.0,272.0,Region 1,Variant,L,V,Non-Polar,Non-Polar,,,Vertebrate Positive Selection,,,Vertebrate Positive Selection,,
VACV K3,PKR-L374F,4.326685351907097,1.1633687878609897,0.13172557607356347,78,15817.0,374.0,Region 2,Variant,L,F,Non-Polar,Aromatic,,,,Conserved PKR Residue,,Conserved PKR Residue,Conserved PKR Residue,Conserved PKR Residue
VACV K3,PKR-L374M,3.3347429281650407,0.9574180407652958,0.15330958328743047,39,8877.0,374.0,Region 2,Variant,L,M,Non-Polar,Non-Polar,,,,Conserved PKR Residue,,Conserved PKR Residue,Conserved PKR Residue,Conserved PKR Residue
VACV K3,PKR-L374S,-2.258680705537314,1.3531698333627764,0.2392088913169724,32,7331.0,374.0,Region 2,Variant,L,S,Non-Polar,Polar-Neutral,,,,Conserved PKR Residue,,Conserved PKR Residue,Conserved PKR Residue,Conserved PKR Residue
VACV K3,PKR-L374V,3.335482797847417,1.53196215994646,0.31271046642673467,24,3642.0,374.0,Region 2,Variant,L,V,Non-Polar,Non-Polar,,,,Conserved PKR Residue,,Conserved PKR Residue,Conserved PKR Residue,Conserved PKR Residue
VACV K3,PKR-L374W,2.391357884282387,1.685412969006823,0.26648718900241686,40,6932.0,374.0,Region 2,Variant,L,W,Non-Polar,Aromatic,,,,Conserved PKR Residue,,Conserved PKR Residue,Conserved PKR Residue,Conserved PKR Residue
VACV K3,PKR-L452F,1.0044010428779004,1.1496954421362897,0.12619546941960968,83,20394.0,452.0,Region 3,Variant,L,F,Non-Polar,Aromatic,,,,,,,,
VACV K3,PKR-L452M,4.335824306176102,1.2864172213544576,0.2059916146785594,39,8718.0,452.0,Region 3,Variant,L,M,Non-Polar,Non-Polar,,,,,,,,
VACV K3,PKR-L452S,5.870624658603294,0.905441764618959,0.1600610029328949,32,5871.0,452.0,Region 3,Variant,L,S,Non-Polar,Polar-Neutral,,,,,,,,
VACV K3,PKR-L452V,0.985798572859469,1.5129623231038436,0.24872947374943266,37,6851.0,452.0,Region 3,Variant,L,V,Non-Polar,Non-Polar,,,,,,,,
VACV K3,PKR-L452W,1.2566324916247957,1.307588515347769,0.3774682906626488,12,3064.0,452.0,Region 3,Variant,L,W,Non-Polar,Aromatic,,,,,,,,
VACV K3,PKR-L481F,3.7865596778201085,1.461967101779976,0.2625770428684014,31,6955.0,481.0,Region 4,Variant,L,F,Non-Polar,Aromatic,Conserved Kinase Residue,,,,,,,
VACV K3,PKR-L481H,1.9866347812168657,1.8864759796543351,0.48708600348143744,15,2276.0,481.0,Region 4,Variant,L,H,Non-Polar,Positive Charge,Conserved Kinase Residue,,,,,,,
VACV K3,PKR-L481I,5.40648223820567,1.3448616268877533,0.3729975041652088,13,3695.0,481.0,Region 4,Variant,L,I,Non-Polar,Non-Polar,Conserved Kinase Residue,,,,,,,
VACV K3,PKR-L481P,-5.573911574673521,1.2702312157381435,0.3666841671697414,12,2989.0,481.0,Region 4,Variant,L,P,Non-Polar,Unique,Conserved Kinase Residue,,,,,,,
VACV K3,PKR-L481R,-5.302242147267971,1.2905133410433471,0.25810266820866945,25,6089.0,481.0,Region 4,Variant,L,R,Non-Polar,Positive Charge,Conserved Kinase Residue,,,,,,,
VACV K3,PKR-L481V,4.9872621214717245,1.184377611544842,0.22793357761586017,27,5305.0,481.0,Region 4,Variant,L,V,Non-Polar,Non-Polar,Conserved Kinase Residue,,,,,,,
VACV K3,PKR-L482F,4.362479341670974,0.985957348552201,0.20558631881862924,23,4082.0,482.0,Region 4,Variant,L,F,Non-Polar,Aromatic,,,,,,,,
VACV K3,PKR-L482H,3.210193095373586,1.9536571473664657,0.5639722399681327,12,1786.0,482.0,Region 4,Variant,L,H,Non-Polar,Positive Charge,,,,,,,,
VACV K3,PKR-L482I,4.221695451955471,1.1356934326365868,0.222727806710505,26,3801.0,482.0,Region 4,Variant,L,I,Non-Polar,Non-Polar,,,,,,,,
VACV K3,PKR-L482P,-5.125493404927656,0.962714546316525,0.320904848772175,9,1718.0,482.0,Region 4,Variant,L,P,Non-Polar,Unique,,,,,,,,
VACV K3,PKR-L482R,2.6822282243194167,1.6238243595875836,0.34620051669976315,22,4466.0,482.0,Region 4,Variant,L,R,Non-Polar,Positive Charge,,,,,,,,
VACV K3,PKR-L482V,5.0764999519849905,0.9363977536125582,0.20938490310557792,20,3155.0,482.0,Region 4,Variant,L,V,Non-Polar,Non-Polar,,,,,,,,
VACV K3,PKR-L498I,4.559585867193516,1.09053893244468,0.20987431540290102,27,9405.0,498.0,Region 4,Variant,L,I,Non-Polar,Non-Polar,Conserved Kinase Residue,,,,,,,
VACV K3,PKR-L498P,2.8727440662337163,1.5005893802493164,0.5305384632754051,8,2872.0,498.0,Region 4,Variant,L,P,Non-Polar,Unique,Conserved Kinase Residue,,,,,,,
VACV K3,PKR-L498Q,3.7064568270016167,1.0138564855039789,0.21615492899122984,22,7176.0,498.0,Region 4,Variant,L,Q,Non-Polar,Polar-Neutral,Conserved Kinase Residue,,,,,,,
VACV K3,PKR-L498R,3.4041768761850024,0.8536736429253712,0.20704627056394823,17,5590.0,498.0,Region 4,Variant,L,R,Non-Polar,Positive Charge,Conserved Kinase Residue,,,,,,,
VACV K3,PKR-L498V,3.6181273197990342,1.180539999128357,0.22310108931843148,28,8061.0,498.0,Region 4,Variant,L,V,Non-Polar,Non-Polar,Conserved Kinase Residue,,,,,,,
VACV K3,PKR-M265I,3.9199901922945926,1.1284526548806846,0.1507958289913921,56,16084.0,265.0,Region 1,Variant,M,I,Non-Polar,Non-Polar,,Primate Positive Selection,,,Primate Positive Selection,,Primate Positive Selection,Primate Positive Selection
VACV K3,PKR-M265K,3.8892589052650406,1.2300135423772312,0.2564755530710553,23,6249.0,265.0,Region 1,Variant,M,K,Non-Polar,Positive Charge,,Primate Positive Selection,,,Primate Positive Selection,,Primate Positive Selection,Primate Positive Selection
VACV K3,PKR-M265L,4.206292619936737,0.8532590517608613,0.16125080391957342,28,6042.0,265.0,Region 1,Variant,M,L,Non-Polar,Non-Polar,,Primate Positive Selection,,,Primate Positive Selection,,Primate Positive Selection,Primate Positive Selection
VACV K3,PKR-M265R,3.388746059086574,1.3359456942824652,0.3570465053814877,14,2893.0,265.0,Region 1,Variant,M,R,Non-Polar,Positive Charge,,Primate Positive Selection,,,Primate Positive Selection,,Primate Positive Selection,Primate Positive Selection
VACV K3,PKR-M265T,3.792560612122782,1.2187503276223086,0.28726220707835365,18,3768.0,265.0,Region 1,Variant,M,T,Non-Polar,Polar-Neutral,,Primate Positive Selection,,,Primate Positive Selection,,Primate Positive Selection,Primate Positive Selection
VACV K3,PKR-M265V,4.093209648811925,1.2947238330701778,0.3590917821307542,13,3421.0,265.0,Region 1,Variant,M,V,Non-Polar,Non-Polar,,Primate Positive Selection,,,Primate Positive Selection,,Primate Positive Selection,Primate Positive Selection
VACV K3,PKR-M455I,4.991585917993565,1.0341262823905357,0.1272921459603655,66,18221.0,455.0,Region 3,Variant,M,I,Non-Polar,Non-Polar,,,,Conserved PKR Residue,,Conserved PKR Residue,Conserved PKR Residue,Conserved PKR Residue
VACV K3,PKR-M455K,1.6993244242917238,1.1635796936143652,0.2124396152158459,30,6516.0,455.0,Region 3,Variant,M,K,Non-Polar,Positive Charge,,,,Conserved PKR Residue,,Conserved PKR Residue,Conserved PKR Residue,Conserved PKR Residue
VACV K3,PKR-M455L,1.1826193519400958,1.1988969035752968,0.1787209982938916,45,12576.0,455.0,Region 3,Variant,M,L,Non-Polar,Non-Polar,,,,Conserved PKR Residue,,Conserved PKR Residue,Conserved PKR Residue,Conserved PKR Residue
VACV K3,PKR-M455R,5.169345718408219,1.2709273351688106,0.2118212225281351,36,8332.0,455.0,Region 3,Variant,M,R,Non-Polar,Positive Charge,,,,Conserved PKR Residue,,Conserved PKR Residue,Conserved PKR Residue,Conserved PKR Residue
VACV K3,PKR-M455T,4.390535591848028,1.1048201628516732,0.19843155903424542,31,6525.0,455.0,Region 3,Variant,M,T,Non-Polar,Polar-Neutral,,,,Conserved PKR Residue,,Conserved PKR Residue,Conserved PKR Residue,Conserved PKR Residue
VACV K3,PKR-M455V,4.223754255374007,1.0543667736761717,0.16671002470099835,40,10782.0,455.0,Region 3,Variant,M,V,Non-Polar,Non-Polar,,,,Conserved PKR Residue,,Conserved PKR Residue,Conserved PKR Residue,Conserved PKR Residue
VACV K3,PKR-Q376*,-5.601097435808105,1.0925887038049684,0.2649916841849749,17,2563.0,376.0,Region 2,Nonsense,Q,*,Polar-Neutral,Stop,,Primate Positive Selection,,,,,Primate Positive Selection,
VACV K3,PKR-Q376E,3.0074272505203017,1.6538139223108956,0.4420003627688677,14,2762.0,376.0,Region 2,Variant,Q,E,Polar-Neutral,Negative Charge,,Primate Positive Selection,,,,,Primate Positive Selection,
VACV K3,PKR-Q376H,2.9902009282272264,1.7194292018352326,0.21326894469456764,65,11087.0,376.0,Region 2,Variant,Q,H,Polar-Neutral,Positive Charge,,Primate Positive Selection,,,,,Primate Positive Selection,
VACV K3,PKR-Q376K,3.441765715727486,2.135331384555627,0.6752510734436674,10,1256.0,376.0,Region 2,Variant,Q,K,Polar-Neutral,Positive Charge,,Primate Positive Selection,,,,,Primate Positive Selection,
VACV K3,PKR-Q376L,1.9660077978439987,2.06731398617433,0.5013972897831441,17,2858.0,376.0,Region 2,Variant,Q,L,Polar-Neutral,Non-Polar,,Primate Positive Selection,,,,,Primate Positive Selection,
VACV K3,PKR-Q376P,4.537524115198517,1.370478882624206,0.41321493061545544,11,1628.0,376.0,Region 2,Variant,Q,P,Polar-Neutral,Unique,,Primate Positive Selection,,,,,Primate Positive Selection,
VACV K3,PKR-Q376R,2.6126715761656936,1.6984949997066179,0.36212035066387327,22,4916.0,376.0,Region 2,Variant,Q,R,Polar-Neutral,Positive Charge,,Primate Positive Selection,,,,,Primate Positive Selection,
VACV K3,PKR-R262G,-3.1137633462447347,1.7859579873678957,0.3723979832665693,23,6007.0,262.0,Region 1,Variant,R,G,Positive Charge,Unique,Conserved Kinase Residue,,,,,,,
VACV K3,PKR-R262K,3.605699106851911,1.0637999038404429,0.33640306708039025,10,2318.0,262.0,Region 1,Variant,R,K,Positive Charge,Positive Charge,Conserved Kinase Residue,,,,,,,
VACV K3,PKR-R262M,3.2780895350741908,1.3780034660320686,0.32479853177661405,18,4892.0,262.0,Region 1,Variant,R,M,Positive Charge,Non-Polar,Conserved Kinase Residue,,,,,,,
VACV K3,PKR-R262S,3.3509428798200442,1.2356266378666771,0.1666118618611264,55,14478.0,262.0,Region 1,Variant,R,S,Positive Charge,Polar-Neutral,Conserved Kinase Residue,,,,,,,
VACV K3,PKR-R262T,3.2051314154504906,1.0480788028132213,0.31600764905966716,11,3844.0,262.0,Region 1,Variant,R,T,Positive Charge,Polar-Neutral,Conserved Kinase Residue,,,,,,,
VACV K3,PKR-R262W,1.2203366799035233,1.0172370782690363,0.17982380902960657,32,8790.0,262.0,Region 1,Variant,R,W,Positive Charge,Aromatic,Conserved Kinase Residue,,,,,,,
VACV K3,PKR-R381G,2.6455273650488262,2.2932953371860827,0.3876376623143772,35,6504.0,381.0,Region 2,Variant,R,G,Positive Charge,Unique,,,,,,,,
VACV K3,PKR-R381I,4.528227416316614,1.8993373451939035,0.5267813990384821,13,1856.0,381.0,Region 2,Variant,R,I,Positive Charge,Non-Polar,,,,,,,,
VACV K3,PKR-R381K,2.842793648203671,2.7064775610239016,0.9568843182646143,8,1158.0,381.0,Region 2,Variant,R,K,Positive Charge,Positive Charge,,,,,,,,
VACV K3,PKR-R381S,3.542817678394608,2.351240135275504,0.397432120843309,35,4695.0,381.0,Region 2,Variant,R,S,Positive Charge,Polar-Neutral,,,,,,,,
VACV K3,PKR-R381T,4.737837462298844,2.2790375458598002,1.0192165751633615,5,934.0,381.0,Region 2,Variant,R,T,Positive Charge,Polar-Neutral,,,,,,,,
VACV K3,PKR-R382G,2.8475683721934257,2.302524116864833,0.42756799454203287,29,5099.0,382.0,Region 2,Variant,R,G,Positive Charge,Unique,,,Vertebrate Positive Selection,,,Vertebrate Positive Selection,,
VACV K3,PKR-R382I,4.728518571793518,1.2831754947686822,0.2943806478170784,19,3816.0,382.0,Region 2,Variant,R,I,Positive Charge,Non-Polar,,,Vertebrate Positive Selection,,,Vertebrate Positive Selection,,
VACV K3,PKR-R382K,5.681639820245618,1.1462142879401171,0.3820714293133724,9,1307.0,382.0,Region 2,Variant,R,K,Positive Charge,Positive Charge,,,Vertebrate Positive Selection,,,Vertebrate Positive Selection,,
VACV K3,PKR-R382S,2.713022079284286,2.1581561458924345,0.37568676306333804,33,5953.0,382.0,Region 2,Variant,R,S,Positive Charge,Polar-Neutral,,,Vertebrate Positive Selection,,,Vertebrate Positive Selection,,
VACV K3,PKR-R382T,3.4507452748744583,1.997210112419313,0.5765448980167666,12,1757.0,382.0,Region 2,Variant,R,T,Positive Charge,Polar-Neutral,,,Vertebrate Positive Selection,,,Vertebrate Positive Selection,,
VACV K3,PKR-R453*,-5.356627839237402,0.9414154129010364,0.15912824833606282,35,9652.0,453.0,Region 3,Nonsense,R,*,Positive Charge,Stop,,,,,,,,
VACV K3,PKR-R453G,-1.4397104062188857,1.4757340853802614,0.24595568089671024,36,10984.0,453.0,Region 3,Variant,R,G,Positive Charge,Unique,,,,,,,,
VACV K3,PKR-R453L,-5.272331968977182,1.133065754022133,0.17483584157293872,42,11912.0,453.0,Region 3,Variant,R,L,Positive Charge,Non-Polar,,,,,,,,
VACV K3,PKR-R453P,-3.3859694695634897,1.1806939120756474,0.32746557235514756,13,2878.0,453.0,Region 3,Variant,R,P,Positive Charge,Unique,,,,,,,,
VACV K3,PKR-R453Q,-3.9907546862066923,1.313496730500724,0.328374182625181,16,4502.0,453.0,Region 3,Variant,R,Q,Positive Charge,Polar-Neutral,,,,,,,,
VACV K3,PKR-R499G,2.242437873735566,1.0207606090768924,0.1929056228391627,28,8031.0,499.0,Region 4,Variant,R,G,Positive Charge,Unique,Conserved Kinase Residue,,,,,,,
VACV K3,PKR-R499L,0.41230882811584735,1.243321437160451,0.23927732214460626,27,9225.0,499.0,Region 4,Variant,R,L,Positive Charge,Non-Polar,Conserved Kinase Residue,,,,,,,
VACV K3,PKR-R499P,1.091608261264846,1.1375250478103875,0.2543583333012725,20,5941.0,499.0,Region 4,Variant,R,P,Positive Charge,Unique,Conserved Kinase Residue,,,,,,,
VACV K3,PKR-R499Q,3.549433484793115,1.192520346163838,0.21080980586884474,32,8545.0,499.0,Region 4,Variant,R,Q,Positive Charge,Polar-Neutral,Conserved Kinase Residue,,,,,,,
VACV K3,PKR-R499W,3.175507492551423,1.136742645541645,0.17752937525344498,41,12194.0,499.0,Region 4,Variant,R,W,Positive Charge,Aromatic,Conserved Kinase Residue,,,,,,,
VACV K3,PKR-S275*,-5.683763065185918,1.2400245109862207,0.1703304661392646,53,12369.0,275.0,Region 1,Nonsense,S,*,Polar-Neutral,Stop,,Primate Positive Selection,,,Primate Positive Selection,,Primate Positive Selection,Primate Positive Selection
VACV K3,PKR-S275A,5.18843917762729,1.2509576777655902,0.22839257953216419,30,4920.0,275.0,Region 1,Variant,S,A,Polar-Neutral,Non-Polar,,Primate Positive Selection,,,Primate Positive Selection,,Primate Positive Selection,Primate Positive Selection
VACV K3,PKR-S275L,4.89776026096727,1.3442918764199956,0.1829349534776406,54,11464.0,275.0,Region 1,Variant,S,L,Polar-Neutral,Non-Polar,,Primate Positive Selection,,,Primate Positive Selection,,Primate Positive Selection,Primate Positive Selection
VACV K3,PKR-S275P,-4.619978921876149,2.404132335224416,0.566659425702345,18,3724.0,275.0,Region 1,Variant,S,P,Polar-Neutral,Unique,,Primate Positive Selection,,,Primate Positive Selection,,Primate Positive Selection,Primate Positive Selection
VACV K3,PKR-S275T,4.272493983247231,1.3400370890168052,0.2173827209482363,38,7066.0,275.0,Region 1,Variant,S,T,Polar-Neutral,Polar-Neutral,,Primate Positive Selection,,,Primate Positive Selection,,Primate Positive Selection,Primate Positive Selection
VACV K3,PKR-S448C,3.00639150916097,1.633053094084829,0.2090910229313835,61,11976.0,448.0,Region 3,Variant,S,C,Polar-Neutral,Polar-Neutral,,,Vertebrate Positive Selection,,,Vertebrate Positive Selection,,
VACV K3,PKR-S448G,2.019121001676952,1.0655999193711652,0.18011926113898089,35,6342.0,448.0,Region 3,Variant,S,G,Polar-Neutral,Unique,,,Vertebrate Positive Selection,,,Vertebrate Positive Selection,,
VACV K3,PKR-S448I,-1.0646080281864865,1.5381364739817738,0.28082401444042515,30,6839.0,448.0,Region 3,Variant,S,I,Polar-Neutral,Non-Polar,,,Vertebrate Positive Selection,,,Vertebrate Positive Selection,,
VACV K3,PKR-S448N,2.512981017095915,1.805959660959136,0.40382485665271006,20,4090.0,448.0,Region 3,Variant,S,N,Polar-Neutral,Polar-Neutral,,,Vertebrate Positive Selection,,,Vertebrate Positive Selection,,
VACV K3,PKR-S448R,2.9734041439002823,1.7102041499435416,0.20893469073444979,67,14055.0,448.0,Region 3,Variant,S,R,Polar-Neutral,Positive Charge,,,Vertebrate Positive Selection,,,Vertebrate Positive Selection,,
VACV K3,PKR-S448T,2.3911794681553538,1.2105551894060702,0.2641647994464248,21,3839.0,448.0,Region 3,Variant,S,T,Polar-Neutral,Polar-Neutral,,,Vertebrate Positive Selection,,,Vertebrate Positive Selection,,
VACV K3,PKR-S492A,-1.3411995089312052,1.4988747553642674,0.2736558381293489,30,5698.0,492.0,Region 4,Variant,S,A,Polar-Neutral,Non-Polar,,Primate Positive Selection,,,Primate Positive Selection,,Primate Positive Selection,Primate Positive Selection
VACV K3,PKR-S492L,-2.92677123939053,1.5833538013757595,0.20790453961353264,58,11136.0,492.0,Region 4,Variant,S,L,Polar-Neutral,Non-Polar,,Primate Positive Selection,,,Primate Positive Selection,,Primate Positive Selection,Primate Positive Selection
VACV K3,PKR-S492P,-5.041881155903916,1.9578206025091112,0.4614627414603083,18,2979.0,492.0,Region 4,Variant,S,P,Polar-Neutral,Unique,,Primate Positive Selection,,,Primate Positive Selection,,Primate Positive Selection,Primate Positive Selection
VACV K3,PKR-S492T,-1.2591587938356477,1.8052183637158417,0.2819277428918969,41,10004.0,492.0,Region 4,Variant,S,T,Polar-Neutral,Polar-Neutral,,Primate Positive Selection,,,Primate Positive Selection,,Primate Positive Selection,Primate Positive Selection
VACV K3,PKR-S504A,4.340466391125233,1.2444519445730178,0.22720480059127018,30,7790.0,504.0,Region 4,Variant,S,A,Polar-Neutral,Non-Polar,,,Vertebrate Positive Selection,,,Vertebrate Positive Selection,,
VACV K3,PKR-S504L,3.5682730412473957,1.2573082758946805,0.18954635440687745,44,11370.0,504.0,Region 4,Variant,S,L,Polar-Neutral,Non-Polar,,,Vertebrate Positive Selection,,,Vertebrate Positive Selection,,
VACV K3,PKR-S504P,4.8130414626956055,1.3165820983793142,0.27452634480159666,23,5507.0,504.0,Region 4,Variant,S,P,Polar-Neutral,Unique,,,Vertebrate Positive Selection,,,Vertebrate Positive Selection,,
VACV K3,PKR-S504T,4.888808324268325,0.8169875511818347,0.2265915774770666,13,3571.0,504.0,Region 4,Variant,S,T,Polar-Neutral,Polar-Neutral,,,Vertebrate Positive Selection,,,Vertebrate Positive Selection,,
VACV K3,PKR-T255A,4.00622246108048,1.091870741543034,0.16460570769388,44,9498.0,255.0,Region 1,Variant,T,A,Polar-Neutral,Non-Polar,,Primate Positive Selection,,,Primate Positive Selection,,Primate Positive Selection,Primate Positive Selection
VACV K3,PKR-T255I,3.869318011677098,1.4390096724511507,0.25845376684003935,31,5812.0,255.0,Region 1,Variant,T,I,Polar-Neutral,Non-Polar,,Primate Positive Selection,,,Primate Positive Selection,,Primate Positive Selection,Primate Positive Selection
VACV K3,PKR-T255K,3.3951049079027134,1.0941933771750794,0.1798842831238119,37,8589.0,255.0,Region 1,Variant,T,K,Polar-Neutral,Positive Charge,,Primate Positive Selection,,,Primate Positive Selection,,Primate Positive Selection,Primate Positive Selection
VACV K3,PKR-T255P,3.987375817422124,1.6244326943770842,0.33871763144319295,23,5226.0,255.0,Region 1,Variant,T,P,Polar-Neutral,Unique,,Primate Positive Selection,,,Primate Positive Selection,,Primate Positive Selection,Primate Positive Selection
VACV K3,PKR-T255R,3.203370273913217,1.1926547123193703,0.28111141156503927,18,3527.0,255.0,Region 1,Variant,T,R,Polar-Neutral,Positive Charge,,Primate Positive Selection,,,Primate Positive Selection,,Primate Positive Selection,Primate Positive Selection
VACV K3,PKR-T255S,4.139505542523448,1.0337037996360259,0.1827347416152335,32,6836.0,255.0,Region 1,Variant,T,S,Polar-Neutral,Polar-Neutral,,Primate Positive Selection,,,Primate Positive Selection,,Primate Positive Selection,Primate Positive Selection
VACV K3,PKR-T258A,3.4477179237331423,0.7721041821899147,0.1684869456798695,21,6886.0,258.0,Region 1,Variant,T,A,Polar-Neutral,Non-Polar,,,,,,,,
VACV K3,PKR-T258I,2.6294173006556663,1.1647843399506383,0.18416857485699373,40,9884.0,258.0,Region 1,Variant,T,I,Polar-Neutral,Non-Polar,,,,,,,,
VACV K3,PKR-T258N,2.5552181261956486,1.352379187047553,0.2602654958961173,27,6749.0,258.0,Region 1,Variant,T,N,Polar-Neutral,Polar-Neutral,,,,,,,,
VACV K3,PKR-T258P,3.660159726968547,1.1522371310254944,0.25143875578395614,21,6056.0,258.0,Region 1,Variant,T,P,Polar-Neutral,Unique,,,,,,,,
VACV K3,PKR-T258S,3.2177652019871923,1.614582979077181,0.299820532314649,29,5863.0,258.0,Region 1,Variant,T,S,Polar-Neutral,Polar-Neutral,,,,,,,,
VACV K3,PKR-T373A,-0.9415329590968061,1.5796823752252116,0.2985319082369807,28,4921.0,373.0,Region 2,Variant,T,A,Polar-Neutral,Non-Polar,,,,,,,,
VACV K3,PKR-T373I,2.3771260250341046,1.320030871851264,0.21137410647526247,39,8628.0,373.0,Region 2,Variant,T,I,Polar-Neutral,Non-Polar,,,,,,,,
VACV K3,PKR-T373N,0.6005846211747314,1.4048116621871172,0.25231162287785286,31,6430.0,373.0,Region 2,Variant,T,N,Polar-Neutral,Polar-Neutral,,,,,,,,
VACV K3,PKR-T373P,-2.0172779225624113,1.6351869552324498,0.43702209641442047,14,2421.0,373.0,Region 2,Variant,T,P,Polar-Neutral,Unique,,,,,,,,
VACV K3,PKR-T373S,-3.0279782882496833,1.5306587127886786,0.3124444013897976,24,5976.0,373.0,Region 2,Variant,T,S,Polar-Neutral,Polar-Neutral,,,,,,,,
VACV K3,PKR-T451A,-3.8936534930585442,1.4975968572459457,0.2647402233105675,32,6293.0,451.0,Region 3,Variant,T,A,Polar-Neutral,Non-Polar,Conserved Kinase Residue,,,Conserved PKR Residue,,Conserved PKR Residue,Conserved PKR Residue,Conserved PKR Residue
VACV K3,PKR-T451I,-5.354795258882549,1.698630058755264,0.22904323039774557,55,11658.0,451.0,Region 3,Variant,T,I,Polar-Neutral,Non-Polar,Conserved Kinase Residue,,,Conserved PKR Residue,,Conserved PKR Residue,Conserved PKR Residue,Conserved PKR Residue
VACV K3,PKR-T451N,-5.54811199498251,1.3130524806999533,0.23583118737312114,31,5427.0,451.0,Region 3,Variant,T,N,Polar-Neutral,Polar-Neutral,Conserved Kinase Residue,,,Conserved PKR Residue,,Conserved PKR Residue,Conserved PKR Residue,Conserved PKR Residue
VACV K3,PKR-T451P,-5.424031593016528,1.5935715009128502,0.36559037535713407,19,4057.0,451.0,Region 3,Variant,T,P,Polar-Neutral,Unique,Conserved Kinase Residue,,,Conserved PKR Residue,,Conserved PKR Residue,Conserved PKR Residue,Conserved PKR Residue
VACV K3,PKR-T451S,0.021469646337153647,1.7085931112902966,0.31727777560803283,29,4843.0,451.0,Region 3,Variant,T,S,Polar-Neutral,Polar-Neutral,Conserved Kinase Residue,,,Conserved PKR Residue,,Conserved PKR Residue,Conserved PKR Residue,Conserved PKR Residue
VACV K3,PKR-T487A,-3.8164830693534593,0.8324898010729785,0.15732578447405238,28,8116.0,487.0,Region 4,Variant,T,A,Polar-Neutral,Non-Polar,Conserved Kinase Residue,,,,,,,
VACV K3,PKR-T487I,-4.693899558423139,1.4911957474380486,0.2924475467220457,26,7780.0,487.0,Region 4,Variant,T,I,Polar-Neutral,Non-Polar,Conserved Kinase Residue,,,,,,,
VACV K3,PKR-T487N,-5.135831844293001,0.8355756839040284,0.18233756287403355,21,6037.0,487.0,Region 4,Variant,T,N,Polar-Neutral,Polar-Neutral,Conserved Kinase Residue,,,,,,,
VACV K3,PKR-T487P,-5.121371231879613,1.10456145166878,0.2952064653415885,14,4458.0,487.0,Region 4,Variant,T,P,Polar-Neutral,Unique,Conserved Kinase Residue,,,,,,,
VACV K3,PKR-T487S,5.468387739820386,1.2727836945972006,0.2919966053545017,19,6074.0,487.0,Region 4,Variant,T,S,Polar-Neutral,Polar-Neutral,Conserved Kinase Residue,,,,,,,
VACV K3,PKR-T491A,4.762435334693758,1.2088282851657501,0.25772305634826204,22,5954.0,491.0,Region 4,Variant,T,A,Polar-Neutral,Non-Polar,,,Vertebrate Positive Selection,,,Vertebrate Positive Selection,,
VACV K3,PKR-T491I,5.402575115848949,1.2528804255973898,0.2801525799314631,20,4640.0,491.0,Region 4,Variant,T,I,Polar-Neutral,Non-Polar,,,Vertebrate Positive Selection,,,Vertebrate Positive Selection,,
VACV K3,PKR-T491K,5.643115696118805,0.8924527534455234,0.3155296969249678,8,2198.0,491.0,Region 4,Variant,T,K,Polar-Neutral,Positive Charge,,,Vertebrate Positive Selection,,,Vertebrate Positive Selection,,
VACV K3,PKR-T491P,-4.827069358204344,1.2851317354503284,0.38748179751518336,11,2747.0,491.0,Region 4,Variant,T,P,Polar-Neutral,Unique,,,Vertebrate Positive Selection,,,Vertebrate Positive Selection,,
VACV K3,PKR-T491R,5.9571006382649365,1.1722303514201633,0.26892808633640325,19,5324.0,491.0,Region 4,Variant,T,R,Polar-Neutral,Positive Charge,,,Vertebrate Positive Selection,,,Vertebrate Positive Selection,,
VACV K3,PKR-T491S,4.4334695829108135,0.8721065625341184,0.195008955744996,20,7813.0,491.0,Region 4,Variant,T,S,Polar-Neutral,Polar-Neutral,,,Vertebrate Positive Selection,,,Vertebrate Positive Selection,,
VACV K3,PKR-T496A,4.223999650213639,1.3827638599077852,0.3017438122036542,21,3891.0,496.0,Region 4,Variant,T,A,Polar-Neutral,Non-Polar,,Primate Positive Selection,,,Primate Positive Selection,,Primate Positive Selection,Primate Positive Selection
VACV K3,PKR-T496I,2.5800734234826255,1.6426426656271533,0.32214873099588165,26,4186.0,496.0,Region 4,Variant,T,I,Polar-Neutral,Non-Polar,,Primate Positive Selection,,,Primate Positive Selection,,Primate Positive Selection,Primate Positive Selection
VACV K3,PKR-T496K,3.328183178463438,1.457580560692986,0.2754568342454092,28,5571.0,496.0,Region 4,Variant,T,K,Polar-Neutral,Positive Charge,,Primate Positive Selection,,,Primate Positive Selection,,Primate Positive Selection,Primate Positive Selection
VACV K3,PKR-T496P,6.620261507380825,1.0218731028647305,0.2478406317111144,17,4072.0,496.0,Region 4,Variant,T,P,Polar-Neutral,Unique,,Primate Positive Selection,,,Primate Positive Selection,,Primate Positive Selection,Primate Positive Selection
VACV K3,PKR-T496R,4.054069398344733,1.2341886483028068,0.20569810805046781,36,7788.0,496.0,Region 4,Variant,T,R,Polar-Neutral,Positive Charge,,Primate Positive Selection,,,Primate Positive Selection,,Primate Positive Selection,Primate Positive Selection
VACV K3,PKR-T496S,4.603722769126925,1.2352536887847205,0.26955445387282884,21,4868.0,496.0,Region 4,Variant,T,S,Polar-Neutral,Polar-Neutral,,Primate Positive Selection,,,Primate Positive Selection,,Primate Positive Selection,Primate Positive Selection
VACV K3,PKR-V259A,3.7835886809104666,1.0128686280497001,0.19141417861419194,28,8850.0,259.0,Region 1,Variant,V,A,Non-Polar,Non-Polar,,Primate Positive Selection,,,Primate Positive Selection,,Primate Positive Selection,Primate Positive Selection
VACV K3,PKR-V259E,3.600161626005155,1.169008436408712,0.18038191787181138,42,9275.0,259.0,Region 1,Variant,V,E,Non-Polar,Negative Charge,,Primate Positive Selection,,,Primate Positive Selection,,Primate Positive Selection,Primate Positive Selection
VACV K3,PKR-V259G,4.063941523536616,1.5509459118036328,0.3233945780339501,23,4087.0,259.0,Region 1,Variant,V,G,Non-Polar,Unique,,Primate Positive Selection,,,Primate Positive Selection,,Primate Positive Selection,Primate Positive Selection
VACV K3,PKR-V259L,4.127249383439805,1.285607462206294,0.18365820888661344,49,11221.0,259.0,Region 1,Variant,V,L,Non-Polar,Non-Polar,,Primate Positive Selection,,,Primate Positive Selection,,Primate Positive Selection,Primate Positive Selection
VACV K3,PKR-V259M,4.160906585795613,1.1540995479630407,0.17808142644043315,42,11381.0,259.0,Region 1,Variant,V,M,Non-Polar,Non-Polar,,Primate Positive Selection,,,Primate Positive Selection,,Primate Positive Selection,Primate Positive Selection
VACV K3,PKR-V484A,5.39351068906828,0.9736498469927015,0.2294914697699279,18,3273.0,484.0,Region 4,Variant,V,A,Non-Polar,Non-Polar,,,,,,,,
VACV K3,PKR-V484E,5.945100431747494,1.0608184901563333,0.26520462253908333,16,3579.0,484.0,Region 4,Variant,V,E,Non-Polar,Negative Charge,,,,,,,,
VACV K3,PKR-V484G,5.515763206491949,1.0367324727375942,0.2161736640868217,23,4528.0,484.0,Region 4,Variant,V,G,Non-Polar,Unique,,,,,,,,
VACV K3,PKR-V484I,4.792649366507762,1.469071835262446,0.32849444874772016,20,4443.0,484.0,Region 4,Variant,V,I,Non-Polar,Non-Polar,,,,,,,,
VACV K3,PKR-V484L,5.413115854111041,1.195056546823317,0.17814851171020646,45,9837.0,484.0,Region 4,Variant,V,L,Non-Polar,Non-Polar,,,,,,,,
VACV K3,PKR-W377C,2.8843839980461214,1.7308511637515693,0.2609356308233613,44,6670.0,377.0,Region 2,Variant,W,C,Aromatic,Polar-Neutral,,,,Conserved PKR Residue,,Conserved PKR Residue,Conserved PKR Residue,Conserved PKR Residue
VACV K3,PKR-W377G,2.045993114710251,1.4403900738314905,0.33044814584792404,19,2862.0,377.0,Region 2,Variant,W,G,Aromatic,Unique,,,,Conserved PKR Residue,,Conserved PKR Residue,Conserved PKR Residue,Conserved PKR Residue
VACV K3,PKR-W377L,2.2816147598945635,1.0994716916901033,0.21159342572121811,27,5423.0,377.0,Region 2,Variant,W,L,Aromatic,Non-Polar,,,,Conserved PKR Residue,,Conserved PKR Residue,Conserved PKR Residue,Conserved PKR Residue
VACV K3,PKR-W377R,3.217664751084065,1.5470255960905304,0.29236035707907143,28,5395.0,377.0,Region 2,Variant,W,R,Aromatic,Positive Charge,,,,Conserved PKR Residue,,Conserved PKR Residue,Conserved PKR Residue,Conserved PKR Residue
VACV K3,PKR-W377S,3.3620261494377193,1.6302317474560344,0.355745732525591,21,4257.0,377.0,Region 2,Variant,W,S,Aromatic,Polar-Neutral,,,,Conserved PKR Residue,,Conserved PKR Residue,Conserved PKR Residue,Conserved PKR Residue
VACV K3,PKR-WT,3.953782404269282,1.22425614255086,0.07423143218453569,272,62756.0,,,WT,,,,,,,,,,,,
VACV K3,PKR-Y257C,4.208150038686725,1.0108596532941492,0.17086646738298866,35,8560.0,257.0,Region 1,Variant,Y,C,Aromatic,Polar-Neutral,,,,,,,,
VACV K3,PKR-Y257D,3.9655600197437204,1.385827738031051,0.24890200944614924,31,7788.0,257.0,Region 1,Variant,Y,D,Aromatic,Negative Charge,,,,,,,,
VACV K3,PKR-Y257F,3.987983118433797,1.2307502284789362,0.18146422122502096,46,10025.0,257.0,Region 1,Variant,Y,F,Aromatic,Aromatic,,,,,,,,
VACV K3,PKR-Y257H,3.839671095155128,1.234879516761931,0.22545712237719617,30,7006.0,257.0,Region 1,Variant,Y,H,Aromatic,Positive Charge,,,,,,,,
VACV K3,PKR-Y257N,4.503767113453274,1.1488670464260378,0.19419397448087,35,8722.0,257.0,Region 1,Variant,Y,N,Aromatic,Polar-Neutral,,,,,,,,
VACV K3,PKR-Y257S,3.85720925793794,1.3326805721575516,0.2841284526571948,22,4890.0,257.0,Region 1,Variant,Y,S,Aromatic,Polar-Neutral,,,,,,,,
VACV K3,PKR-Y454C,0.30543229701503816,0.8568880739791119,0.15390164133015985,31,8327.0,454.0,Region 3,Variant,Y,C,Aromatic,Polar-Neutral,Conserved Kinase Residue,,,Conserved PKR Residue,,Conserved PKR Residue,Conserved PKR Residue,Conserved PKR Residue
VACV K3,PKR-Y454D,-5.334014472952119,1.191888345072125,0.2337485357517914,26,9848.0,454.0,Region 3,Variant,Y,D,Aromatic,Negative Charge,Conserved Kinase Residue,,,Conserved PKR Residue,,Conserved PKR Residue,Conserved PKR Residue,Conserved PKR Residue
VACV K3,PKR-Y454F,5.465399531755212,0.8186211122998944,0.1745306075661641,22,6471.0,454.0,Region 3,Variant,Y,F,Aromatic,Aromatic,Conserved Kinase Residue,,,Conserved PKR Residue,,Conserved PKR Residue,Conserved PKR Residue,Conserved PKR Residue
VACV K3,PKR-Y454H,2.7935196928717057,0.8531644838361172,0.17063289676722343,25,7390.0,454.0,Region 3,Variant,Y,H,Aromatic,Positive Charge,Conserved Kinase Residue,,,Conserved PKR Residue,,Conserved PKR Residue,Conserved PKR Residue,Conserved PKR Residue
VACV K3,PKR-Y454N,-3.2375732879232406,1.6172630787492892,0.29046902371551797,31,7191.0,454.0,Region 3,Variant,Y,N,Aromatic,Polar-Neutral,Conserved Kinase Residue,,,Conserved PKR Residue,,Conserved PKR Residue,Conserved PKR Residue,Conserved PKR Residue
VACV K3,PKR-Y454S,-2.5877022381858334,1.0588316416955523,0.23676195275589557,20,5313.0,454.0,Region 3,Variant,Y,S,Aromatic,Polar-Neutral,Conserved Kinase Residue,,,Conserved PKR Residue,,Conserved PKR Residue,Conserved PKR Residue,Conserved PKR Residue
VARV C3,PKR-A488D,2.0228577532041894,1.1826470036057466,0.35658148821803193,11,2400.0,488.0,Region 4,Variant,A,D,Non-Polar,Negative Charge,,,Vertebrate Positive Selection,,,Vertebrate Positive Selection,,
VARV C3,PKR-A488G,4.779592349028346,1.252892671975835,0.32349549687651474,15,3609.0,488.0,Region 4,Variant,A,G,Non-Polar,Unique,,,Vertebrate Positive Selection,,,Vertebrate Positive Selection,,
VARV C3,PKR-A488P,-2.246141128029055,0.8754642900655268,0.2918214300218423,9,2216.0,488.0,Region 4,Variant,A,P,Non-Polar,Unique,,,Vertebrate Positive Selection,,,Vertebrate Positive Selection,,
VARV C3,PKR-A488S,3.129208941943804,1.4855580813676648,0.3501493977271843,18,4857.0,488.0,Region 4,Variant,A,S,Non-Polar,Polar-Neutral,,,Vertebrate Positive Selection,,,Vertebrate Positive Selection,,
VARV C3,PKR-A488T,1.1019692298223276,1.3108671118987283,0.33846443289831923,15,3414.0,488.0,Region 4,Variant,A,T,Non-Polar,Polar-Neutral,,,Vertebrate Positive Selection,,,Vertebrate Positive Selection,,
VARV C3,PKR-A488V,-1.0622113381450278,0.8503922185321554,0.16677563525011233,26,7153.0,488.0,Region 4,Variant,A,V,Non-Polar,Non-Polar,,,Vertebrate Positive Selection,,,Vertebrate Positive Selection,,
VARV C3,PKR-C485F,1.1135812900091346,1.27080000648777,0.2320152765436877,30,4075.0,485.0,Region 4,Variant,C,F,Polar-Neutral,Aromatic,,,,,,,,
VARV C3,PKR-C485G,3.378562292113037,1.5791995269725947,0.2932499902102163,29,4320.0,485.0,Region 4,Variant,C,G,Polar-Neutral,Unique,,,,,,,,
VARV C3,PKR-C485R,3.24180570584258,1.6715783289802728,0.26105667592831916,41,5469.0,485.0,Region 4,Variant,C,R,Polar-Neutral,Positive Charge,,,,,,,,
VARV C3,PKR-C485S,2.603635793647975,1.205072847742907,0.2569223943994832,22,3165.0,485.0,Region 4,Variant,C,S,Polar-Neutral,Polar-Neutral,,,,,,,,
VARV C3,PKR-C485W,0.5835690865673816,1.3007211762575828,0.13865734327851442,88,13466.0,485.0,Region 4,Variant,C,W,Polar-Neutral,Aromatic,,,,,,,,
VARV C3,PKR-C485Y,1.3884711841602528,1.972977265209089,0.44117112830691535,20,2569.0,485.0,Region 4,Variant,C,Y,Polar-Neutral,Aromatic,,,,,,,,
VARV C3,PKR-D260A,1.985615421649761,1.1126166370112853,0.49757728665088846,5,668.0,260.0,Region 1,Variant,D,A,Negative Charge,Non-Polar,,,,,,,,
VARV C3,PKR-D260E,2.365343681664044,1.5490615752235781,0.26183919622733304,35,6494.0,260.0,Region 1,Variant,D,E,Negative Charge,Negative Charge,,,,,,,,
VARV C3,PKR-D260G,1.1445825720917635,1.4202952171530132,0.3099338257994012,21,4091.0,260.0,Region 1,Variant,D,G,Negative Charge,Unique,,,,,,,,
VARV C3,PKR-D260H,1.316680085431811,0.9263900099872865,0.2569343601605199,13,2135.0,260.0,Region 1,Variant,D,H,Negative Charge,Positive Charge,,,,,,,,
VARV C3,PKR-D260N,1.9532361085366436,1.1739194135385467,0.25617021772945514,21,3480.0,260.0,Region 1,Variant,D,N,Negative Charge,Polar-Neutral,,,,,,,,
VARV C3,PKR-D260V,1.053122717109803,1.0814260176038917,0.1688903693734137,41,7825.0,260.0,Region 1,Variant,D,V,Negative Charge,Non-Polar,,,,,,,,
VARV C3,PKR-D260Y,0.4842065783593973,1.4303006016726845,0.2752614791326027,27,4799.0,260.0,Region 1,Variant,D,Y,Negative Charge,Aromatic,,,,,,,,
VARV C3,PKR-D266A,1.3051901454349375,0.885342407287679,0.20867720662171338,18,3392.0,266.0,Region 1,Variant,D,A,Negative Charge,Non-Polar,Conserved Kinase Residue,,,,,,,
VARV C3,PKR-D266E,1.4267697554716623,1.1591618624750126,0.13660853557481828,72,15549.0,266.0,Region 1,Variant,D,E,Negative Charge,Negative Charge,Conserved Kinase Residue,,,,,,,
VARV C3,PKR-D266G,1.299519605920174,1.219615236207073,0.260022842037565,22,5261.0,266.0,Region 1,Variant,D,G,Negative Charge,Unique,Conserved Kinase Residue,,,,,,,
VARV C3,PKR-D266H,0.8062720715631491,1.1433300448754815,0.3300509545907231,12,3184.0,266.0,Region 1,Variant,D,H,Negative Charge,Positive Charge,Conserved Kinase Residue,,,,,,,
VARV C3,PKR-D266N,1.5100033657150649,1.5889582971782412,0.3745210623191213,18,4112.0,266.0,Region 1,Variant,D,N,Negative Charge,Polar-Neutral,Conserved Kinase Residue,,,,,,,
VARV C3,PKR-D266V,0.9772870666096414,1.0724673987221538,0.19262083106136207,31,6298.0,266.0,Region 1,Variant,D,V,Negative Charge,Non-Polar,Conserved Kinase Residue,,,,,,,
VARV C3,PKR-D266Y,1.161674701089309,1.2960145227984026,0.21024131769446391,38,9511.0,266.0,Region 1,Variant,D,Y,Negative Charge,Aromatic,Conserved Kinase Residue,,,,,,,
VARV C3,PKR-D486A,2.0986951978969843,1.0889719051464208,0.2910399837771712,14,3772.0,486.0,Region 4,Variant,D,A,Negative Charge,Non-Polar,,,Vertebrate Positive Selection,,,Vertebrate Positive Selection,,
VARV C3,PKR-D486E,2.357027811112695,0.8353391031759587,0.13922318386265978,36,8972.0,486.0,Region 4,Variant,D,E,Negative Charge,Negative Charge,,,Vertebrate Positive Selection,,,Vertebrate Positive Selection,,
VARV C3,PKR-D486G,2.884902433601549,1.1554801802018144,0.23586140411613357,24,6520.0,486.0,Region 4,Variant,D,G,Negative Charge,Unique,,,Vertebrate Positive Selection,,,Vertebrate Positive Selection,,
VARV C3,PKR-D486H,2.6380133217887254,1.1912816770445878,0.2483994008658816,23,6166.0,486.0,Region 4,Variant,D,H,Negative Charge,Positive Charge,,,Vertebrate Positive Selection,,,Vertebrate Positive Selection,,
VARV C3,PKR-D486N,0.043334547893245576,0.7690765940553941,0.17197075442118717,20,4818.0,486.0,Region 4,Variant,D,N,Negative Charge,Polar-Neutral,,,Vertebrate Positive Selection,,,Vertebrate Positive Selection,,
VARV C3,PKR-D486V,2.1267375305895397,1.071509888186055,0.2598793204638161,17,4642.0,486.0,Region 4,Variant,D,V,Negative Charge,Non-Polar,,,Vertebrate Positive Selection,,,Vertebrate Positive Selection,,
VARV C3,PKR-D486Y,0.25134566921449464,1.1686811973613613,0.22919723963517546,26,7284.0,486.0,Region 4,Variant,D,Y,Negative Charge,Aromatic,,,Vertebrate Positive Selection,,,Vertebrate Positive Selection,,
VARV C3,PKR-D497A,1.0921259828181964,1.2222493147789553,0.3266598697944333,14,3413.0,497.0,Region 4,Variant,D,A,Negative Charge,Non-Polar,,,,,,,,
VARV C3,PKR-D497E,1.223642587606515,1.0627788126403437,0.12888086179954877,68,17712.0,497.0,Region 4,Variant,D,E,Negative Charge,Negative Charge,,,,,,,,
VARV C3,PKR-D497G,1.1948328382691644,1.2870298041067612,0.268364265477313,23,5942.0,497.0,Region 4,Variant,D,G,Negative Charge,Unique,,,,,,,,
VARV C3,PKR-D497H,1.130122642596888,0.8656646303154918,0.24989585367029354,12,2832.0,497.0,Region 4,Variant,D,H,Negative Charge,Positive Charge,,,,,,,,
VARV C3,PKR-D497N,2.0331471494523563,1.0904140772070792,0.28154370409954305,15,3681.0,497.0,Region 4,Variant,D,N,Negative Charge,Polar-Neutral,,,,,,,,
VARV C3,PKR-D497V,0.8650778101940845,1.0457278388158493,0.1909229087768557,30,7347.0,497.0,Region 4,Variant,D,V,Negative Charge,Non-Polar,,,,,,,,
VARV C3,PKR-D497Y,0.6114567276243417,0.8052676295976384,0.16105352591952768,25,5811.0,497.0,Region 4,Variant,D,Y,Negative Charge,Aromatic,,,,,,,,
VARV C3,PKR-D500A,3.215123614387851,0.9660487365545876,0.2679337118649822,13,3368.0,500.0,Region 4,Variant,D,A,Negative Charge,Non-Polar,,,Vertebrate Positive Selection,,,Vertebrate Positive Selection,,
VARV C3,PKR-D500E,2.1370928230494806,1.091590147311093,0.13539509420192639,65,14784.0,500.0,Region 4,Variant,D,E,Negative Charge,Negative Charge,,,Vertebrate Positive Selection,,,Vertebrate Positive Selection,,
VARV C3,PKR-D500G,2.0541849404326675,1.1346422153527245,0.24190653312051766,22,5410.0,500.0,Region 4,Variant,D,G,Negative Charge,Unique,,,Vertebrate Positive Selection,,,Vertebrate Positive Selection,,
VARV C3,PKR-D500H,2.0325124764381157,1.0326439230445017,0.2201604241333556,22,5587.0,500.0,Region 4,Variant,D,H,Negative Charge,Positive Charge,,,Vertebrate Positive Selection,,,Vertebrate Positive Selection,,
VARV C3,PKR-D500N,2.0519819841260016,1.3293555466104874,0.34323812621405836,15,3357.0,500.0,Region 4,Variant,D,N,Negative Charge,Polar-Neutral,,,Vertebrate Positive Selection,,,Vertebrate Positive Selection,,
VARV C3,PKR-D500V,1.9353057840635888,1.294254830954612,0.2698707877170393,23,5834.0,500.0,Region 4,Variant,D,V,Negative Charge,Non-Polar,,,Vertebrate Positive Selection,,,Vertebrate Positive Selection,,
VARV C3,PKR-D500Y,2.3365781953261777,1.0250674273845024,0.2646712716666572,15,4522.0,500.0,Region 4,Variant,D,Y,Negative Charge,Aromatic,,,Vertebrate Positive Selection,,,Vertebrate Positive Selection,,
VARV C3,PKR-D505A,1.8911675493906814,1.4579591751392145,0.5154664097170419,8,1086.0,505.0,Region 4,Variant,D,A,Negative Charge,Non-Polar,,,Vertebrate Positive Selection,,,Vertebrate Positive Selection,,
VARV C3,PKR-D505E,1.8183036811787288,1.062581841504979,0.17237353639668038,38,7626.0,505.0,Region 4,Variant,D,E,Negative Charge,Negative Charge,,,Vertebrate Positive Selection,,,Vertebrate Positive Selection,,
VARV C3,PKR-D505G,2.576056316727319,1.1833102544805443,0.2645962167491072,20,4623.0,505.0,Region 4,Variant,D,G,Negative Charge,Unique,,,Vertebrate Positive Selection,,,Vertebrate Positive Selection,,
VARV C3,PKR-D505H,2.0262222866673203,0.9035660254631686,0.21297255461826106,18,4357.0,505.0,Region 4,Variant,D,H,Negative Charge,Positive Charge,,,Vertebrate Positive Selection,,,Vertebrate Positive Selection,,
VARV C3,PKR-D505N,1.830079831902894,1.2381561229530023,0.2701878169335801,21,4341.0,505.0,Region 4,Variant,D,N,Negative Charge,Polar-Neutral,,,Vertebrate Positive Selection,,,Vertebrate Positive Selection,,
VARV C3,PKR-D505V,1.2433182932767404,1.491015490632922,0.3420624129959275,19,4203.0,505.0,Region 4,Variant,D,V,Negative Charge,Non-Polar,,,Vertebrate Positive Selection,,,Vertebrate Positive Selection,,
VARV C3,PKR-D505Y,-0.2674006341789608,1.5891832194132705,0.3745740769983309,18,3152.0,505.0,Region 4,Variant,D,Y,Negative Charge,Aromatic,,,Vertebrate Positive Selection,,,Vertebrate Positive Selection,,
VARV C3,PKR-E269A,1.223333673621133,1.0084913281799435,0.26953064482728206,14,3421.0,269.0,Region 1,Variant,E,A,Negative Charge,Non-Polar,,,Vertebrate Positive Selection,,,Vertebrate Positive Selection,,
VARV C3,PKR-E269D,1.6855411714342352,1.2738784849768394,0.17335290458349684,54,12743.0,269.0,Region 1,Variant,E,D,Negative Charge,Negative Charge,,,Vertebrate Positive Selection,,,Vertebrate Positive Selection,,
VARV C3,PKR-E269G,1.8112400849185983,1.9947787556191365,0.601448424741884,11,2283.0,269.0,Region 1,Variant,E,G,Negative Charge,Unique,,,Vertebrate Positive Selection,,,Vertebrate Positive Selection,,
VARV C3,PKR-E269K,1.9178672799692116,1.2661934400636947,0.2140257546358337,35,8371.0,269.0,Region 1,Variant,E,K,Negative Charge,Positive Charge,,,Vertebrate Positive Selection,,,Vertebrate Positive Selection,,
VARV C3,PKR-E269Q,1.980073980331498,1.669968319596011,0.3734162682887775,20,4645.0,269.0,Region 1,Variant,E,Q,Negative Charge,Polar-Neutral,,,Vertebrate Positive Selection,,,Vertebrate Positive Selection,,
VARV C3,PKR-E269V,1.3783333895097751,1.2335051654560567,0.25178818753788984,24,5257.0,269.0,Region 1,Variant,E,V,Negative Charge,Non-Polar,,,Vertebrate Positive Selection,,,Vertebrate Positive Selection,,
VARV C3,PKR-E271A,1.9549293818483993,1.0141039082513525,0.27103066994749975,14,3393.0,271.0,Region 1,Variant,E,A,Negative Charge,Non-Polar,,,Vertebrate Positive Selection,,,Vertebrate Positive Selection,,
VARV C3,PKR-E271D,1.6146932836600187,1.428728839965221,0.18760128749964256,58,12164.0,271.0,Region 1,Variant,E,D,Negative Charge,Negative Charge,,,Vertebrate Positive Selection,,,Vertebrate Positive Selection,,
VARV C3,PKR-E271G,2.326394225905122,1.2569893254452198,0.24190770847142792,27,6394.0,271.0,Region 1,Variant,E,G,Negative Charge,Unique,,,Vertebrate Positive Selection,,,Vertebrate Positive Selection,,
VARV C3,PKR-E271K,2.0373979714869157,1.026773919157113,0.19404203162691855,28,5686.0,271.0,Region 1,Variant,E,K,Negative Charge,Positive Charge,,,Vertebrate Positive Selection,,,Vertebrate Positive Selection,,
VARV C3,PKR-E271Q,2.0648029438799678,1.0930952445358926,0.18476681934860356,35,7324.0,271.0,Region 1,Variant,E,Q,Negative Charge,Polar-Neutral,,,Vertebrate Positive Selection,,,Vertebrate Positive Selection,,
VARV C3,PKR-E271V,1.7310611858211005,1.3566588719796027,0.2436631264492003,31,6542.0,271.0,Region 1,Variant,E,V,Negative Charge,Non-Polar,,,Vertebrate Positive Selection,,,Vertebrate Positive Selection,,
VARV C3,PKR-E375A,1.9543964951338282,1.4651895081641855,0.32762633401746016,20,2903.0,375.0,Region 2,Variant,E,A,Negative Charge,Non-Polar,,,Vertebrate Positive Selection,,,Vertebrate Positive Selection,,
VARV C3,PKR-E375D,0.2691575918750969,1.4397198693132727,0.15435417185457914,87,13219.0,375.0,Region 2,Variant,E,D,Negative Charge,Negative Charge,,,Vertebrate Positive Selection,,,Vertebrate Positive Selection,,
VARV C3,PKR-E375G,1.9090287935581542,1.971702825763408,0.4782081772324321,17,2485.0,375.0,Region 2,Variant,E,G,Negative Charge,Unique,,,Vertebrate Positive Selection,,,Vertebrate Positive Selection,,
VARV C3,PKR-E375K,4.419118966521279,1.5713581462624926,0.234244242136066,45,6682.0,375.0,Region 2,Variant,E,K,Negative Charge,Positive Charge,,,Vertebrate Positive Selection,,,Vertebrate Positive Selection,,
VARV C3,PKR-E375Q,1.8454110281094815,1.6570810143221677,0.24432326625880152,46,6048.0,375.0,Region 2,Variant,E,Q,Negative Charge,Polar-Neutral,,,Vertebrate Positive Selection,,,Vertebrate Positive Selection,,
VARV C3,PKR-E375V,2.0558287324732256,1.5295664944605631,0.2280143105146583,45,6536.0,375.0,Region 2,Variant,E,V,Negative Charge,Non-Polar,,,Vertebrate Positive Selection,,,Vertebrate Positive Selection,,
VARV C3,PKR-E379A,2.513682054022442,1.9241118079455695,0.5336525987133439,13,1406.0,379.0,Region 2,Variant,E,A,Negative Charge,Non-Polar,,,Vertebrate Positive Selection,,,Vertebrate Positive Selection,,
VARV C3,PKR-E379D,-1.5177602061067605,1.5493302576042496,0.18651744477328214,69,8346.0,379.0,Region 2,Variant,E,D,Negative Charge,Negative Charge,,,Vertebrate Positive Selection,,,Vertebrate Positive Selection,,
VARV C3,PKR-E379G,3.415084942714946,1.8677333893686978,0.40757283975135655,21,2787.0,379.0,Region 2,Variant,E,G,Negative Charge,Unique,,,Vertebrate Positive Selection,,,Vertebrate Positive Selection,,
VARV C3,PKR-E379K,5.249272298241613,2.1576471511066644,0.33696787241656145,41,5528.0,379.0,Region 2,Variant,E,K,Negative Charge,Positive Charge,,,Vertebrate Positive Selection,,,Vertebrate Positive Selection,,
VARV C3,PKR-E379Q,3.3758758883406785,1.650743562145156,0.257802832013607,41,4823.0,379.0,Region 2,Variant,E,Q,Negative Charge,Polar-Neutral,,,Vertebrate Positive Selection,,,Vertebrate Positive Selection,,
VARV C3,PKR-E379V,4.261659525465064,1.914145165442921,0.34379062056246684,31,4023.0,379.0,Region 2,Variant,E,V,Negative Charge,Non-Polar,,,Vertebrate Positive Selection,,,Vertebrate Positive Selection,,
VARV C3,PKR-E384A,-0.389860466736354,0.9407884114844923,0.2514362792301624,14,1470.0,384.0,Region 2,Variant,E,A,Negative Charge,Non-Polar,,,,,,,,
VARV C3,PKR-E384D,0.9763865357808237,2.2443549843210207,0.2805443730401276,64,6735.0,384.0,Region 2,Variant,E,D,Negative Charge,Negative Charge,,,,,,,,
VARV C3,PKR-E384G,0.30882401874041093,1.964572140321819,0.4630540941839093,18,1874.0,384.0,Region 2,Variant,E,G,Negative Charge,Unique,,,,,,,,
VARV C3,PKR-E384K,0.05755950383921448,2.292120216570359,0.4256360387584902,29,2811.0,384.0,Region 2,Variant,E,K,Negative Charge,Positive Charge,,,,,,,,
VARV C3,PKR-E384Q,0.6867909015853824,1.830146432276296,0.34586516590251376,28,3267.0,384.0,Region 2,Variant,E,Q,Negative Charge,Polar-Neutral,,,,,,,,
VARV C3,PKR-E384V,0.89579629398608,1.9424707357690343,0.4050331472918951,23,2271.0,384.0,Region 2,Variant,E,V,Negative Charge,Non-Polar,,,,,,,,
VARV C3,PKR-E480*,-2.970956186030964,1.2193767933599877,0.20912139481684724,34,4499.0,480.0,Region 4,Nonsense,E,*,Negative Charge,Stop,Conserved Kinase Residue,,,Conserved PKR Residue,,Conserved PKR Residue,Conserved PKR Residue,Conserved PKR Residue
VARV C3,PKR-E480A,2.370936199998984,1.4612781461792363,0.2865802223905622,26,4237.0,480.0,Region 4,Variant,E,A,Negative Charge,Non-Polar,Conserved Kinase Residue,,,Conserved PKR Residue,,Conserved PKR Residue,Conserved PKR Residue,Conserved PKR Residue
VARV C3,PKR-E480D,3.1595263484793046,1.4414291027227397,0.17352767219393186,69,10022.0,480.0,Region 4,Variant,E,D,Negative Charge,Negative Charge,Conserved Kinase Residue,,,Conserved PKR Residue,,Conserved PKR Residue,Conserved PKR Residue,Conserved PKR Residue
VARV C3,PKR-E480G,2.54975497079466,1.2212147948916894,0.23949992574772827,26,4790.0,480.0,Region 4,Variant,E,G,Negative Charge,Unique,Conserved Kinase Residue,,,Conserved PKR Residue,,Conserved PKR Residue,Conserved PKR Residue,Conserved PKR Residue
VARV C3,PKR-E480K,0.8552931478664367,1.3898295019662559,0.24193826188036077,33,4765.0,480.0,Region 4,Variant,E,K,Negative Charge,Positive Charge,Conserved Kinase Residue,,,Conserved PKR Residue,,Conserved PKR Residue,Conserved PKR Residue,Conserved PKR Residue
VARV C3,PKR-E480Q,3.4204895746519237,1.5354316331172364,0.2595353155147574,35,4889.0,480.0,Region 4,Variant,E,Q,Negative Charge,Polar-Neutral,Conserved Kinase Residue,,,Conserved PKR Residue,,Conserved PKR Residue,Conserved PKR Residue,Conserved PKR Residue
VARV C3,PKR-E480V,2.3318619622193166,1.984443746725052,0.3750246174736953,28,4072.0,480.0,Region 4,Variant,E,V,Negative Charge,Non-Polar,Conserved Kinase Residue,,,Conserved PKR Residue,,Conserved PKR Residue,Conserved PKR Residue,Conserved PKR Residue
VARV C3,PKR-E490A,3.480011792417705,1.0918632528085432,0.36395441760284775,9,2315.0,490.0,Region 4,Variant,E,A,Negative Charge,Non-Polar,Conserved Kinase Residue,,,Conserved PKR Residue,,Conserved PKR Residue,Conserved PKR Residue,Conserved PKR Residue
VARV C3,PKR-E490D,2.8780518487438966,1.4223231197653035,0.18839129943308439,57,14618.0,490.0,Region 4,Variant,E,D,Negative Charge,Negative Charge,Conserved Kinase Residue,,,Conserved PKR Residue,,Conserved PKR Residue,Conserved PKR Residue,Conserved PKR Residue
VARV C3,PKR-E490G,4.695842264701591,1.307454242316673,0.27875018106409655,22,6048.0,490.0,Region 4,Variant,E,G,Negative Charge,Unique,Conserved Kinase Residue,,,Conserved PKR Residue,,Conserved PKR Residue,Conserved PKR Residue,Conserved PKR Residue
VARV C3,PKR-E490K,1.1477870624892097,1.3598833909155577,0.27197667818311155,25,6479.0,490.0,Region 4,Variant,E,K,Negative Charge,Positive Charge,Conserved Kinase Residue,,,Conserved PKR Residue,,Conserved PKR Residue,Conserved PKR Residue,Conserved PKR Residue
VARV C3,PKR-E490Q,4.003839151240464,1.130558469138338,0.2826396172845845,16,4695.0,490.0,Region 4,Variant,E,Q,Negative Charge,Polar-Neutral,Conserved Kinase Residue,,,Conserved PKR Residue,,Conserved PKR Residue,Conserved PKR Residue,Conserved PKR Residue
VARV C3,PKR-E490V,-0.23902207965548036,1.1193455479719843,0.20785725006763506,29,6609.0,490.0,Region 4,Variant,E,V,Negative Charge,Non-Polar,Conserved Kinase Residue,,,Conserved PKR Residue,,Conserved PKR Residue,Conserved PKR Residue,Conserved PKR Residue
VARV C3,PKR-F263C,0.8856000937541458,1.3034450972629494,0.336548076959674,15,2551.0,263.0,Region 1,Variant,F,C,Aromatic,Polar-Neutral,Conserved Kinase Residue,,,Conserved PKR Residue,,Conserved PKR Residue,Conserved PKR Residue,Conserved PKR Residue
VARV C3,PKR-F263I,1.7948423013793353,1.3578203281510517,0.24790294092246598,30,5659.0,263.0,Region 1,Variant,F,I,Aromatic,Non-Polar,Conserved Kinase Residue,,,Conserved PKR Residue,,Conserved PKR Residue,Conserved PKR Residue,Conserved PKR Residue
VARV C3,PKR-F263L,1.4660602097540132,1.337784637053373,0.18551735017015075,52,10421.0,263.0,Region 1,Variant,F,L,Aromatic,Non-Polar,Conserved Kinase Residue,,,Conserved PKR Residue,,Conserved PKR Residue,Conserved PKR Residue,Conserved PKR Residue
VARV C3,PKR-F263S,0.6909311677690632,0.971093176187176,0.2595355682804654,14,2864.0,263.0,Region 1,Variant,F,S,Aromatic,Polar-Neutral,Conserved Kinase Residue,,,Conserved PKR Residue,,Conserved PKR Residue,Conserved PKR Residue,Conserved PKR Residue
VARV C3,PKR-F263V,1.2381746224677044,1.220920398928325,0.2545795015928697,23,5682.0,263.0,Region 1,Variant,F,V,Aromatic,Non-Polar,Conserved Kinase Residue,,,Conserved PKR Residue,,Conserved PKR Residue,Conserved PKR Residue,Conserved PKR Residue
VARV C3,PKR-F263Y,1.0747218416994069,1.1169018620806672,0.30977284103023495,13,3075.0,263.0,Region 1,Variant,F,Y,Aromatic,Aromatic,Conserved Kinase Residue,,,Conserved PKR Residue,,Conserved PKR Residue,Conserved PKR Residue,Conserved PKR Residue
VARV C3,PKR-F267C,0.6537291321899598,1.0897441401063015,0.17677984307696504,38,8029.0,267.0,Region 1,Variant,F,C,Aromatic,Polar-Neutral,Conserved Kinase Residue,,,Conserved PKR Residue,,Conserved PKR Residue,Conserved PKR Residue,Conserved PKR Residue
VARV C3,PKR-F267I,-3.6578024326222516,0.8125556670437449,0.1658622309886664,24,5166.0,267.0,Region 1,Variant,F,I,Aromatic,Non-Polar,Conserved Kinase Residue,,,Conserved PKR Residue,,Conserved PKR Residue,Conserved PKR Residue,Conserved PKR Residue
VARV C3,PKR-F267L,0.842301297358824,1.1668994684610376,0.1394711628921729,70,15877.0,267.0,Region 1,Variant,F,L,Aromatic,Non-Polar,Conserved Kinase Residue,,,Conserved PKR Residue,,Conserved PKR Residue,Conserved PKR Residue,Conserved PKR Residue
VARV C3,PKR-F267S,-3.130155794399998,1.0685693875520794,0.25186422003547715,18,3683.0,267.0,Region 1,Variant,F,S,Aromatic,Polar-Neutral,Conserved Kinase Residue,,,Conserved PKR Residue,,Conserved PKR Residue,Conserved PKR Residue,Conserved PKR Residue
VARV C3,PKR-F267V,-2.936446044632435,1.581748991884781,0.2712677141588296,34,7054.0,267.0,Region 1,Variant,F,V,Aromatic,Non-Polar,Conserved Kinase Residue,,,Conserved PKR Residue,,Conserved PKR Residue,Conserved PKR Residue,Conserved PKR Residue
VARV C3,PKR-F267Y,1.4296571011674977,1.0083794360192464,0.23767731240609183,18,4406.0,267.0,Region 1,Variant,F,Y,Aromatic,Aromatic,Conserved Kinase Residue,,,Conserved PKR Residue,,Conserved PKR Residue,Conserved PKR Residue,Conserved PKR Residue
VARV C3,PKR-F278C,-2.1706663116542457,1.3518785718102408,0.1689848214762801,64,8292.0,278.0,Region 1,Variant,F,C,Aromatic,Polar-Neutral,Conserved Kinase Residue,,,Conserved PKR Residue,,Conserved PKR Residue,Conserved PKR Residue,Conserved PKR Residue
VARV C3,PKR-F278I,-2.644302695663262,1.6203477888208473,0.2127620881422045,58,7128.0,278.0,Region 1,Variant,F,I,Aromatic,Non-Polar,Conserved Kinase Residue,,,Conserved PKR Residue,,Conserved PKR Residue,Conserved PKR Residue,Conserved PKR Residue
VARV C3,PKR-F278L,-2.5433787103097996,1.3392375259738427,0.10620844436268002,159,20841.0,278.0,Region 1,Variant,F,L,Aromatic,Non-Polar,Conserved Kinase Residue,,,Conserved PKR Residue,,Conserved PKR Residue,Conserved PKR Residue,Conserved PKR Residue
VARV C3,PKR-F278S,-1.8102830548506834,1.5809081104067721,0.2531478970549253,39,4417.0,278.0,Region 1,Variant,F,S,Aromatic,Polar-Neutral,Conserved Kinase Residue,,,Conserved PKR Residue,,Conserved PKR Residue,Conserved PKR Residue,Conserved PKR Residue
VARV C3,PKR-F278V,-2.7627831910590452,1.3254475314963994,0.14129318160340393,88,11863.0,278.0,Region 1,Variant,F,V,Aromatic,Non-Polar,Conserved Kinase Residue,,,Conserved PKR Residue,,Conserved PKR Residue,Conserved PKR Residue,Conserved PKR Residue
VARV C3,PKR-F278Y,1.964880701111676,1.271936533856358,0.18170521912233686,49,6070.0,278.0,Region 1,Variant,F,Y,Aromatic,Aromatic,Conserved Kinase Residue,,,Conserved PKR Residue,,Conserved PKR Residue,Conserved PKR Residue,Conserved PKR Residue
VARV C3,PKR-F489C,-2.8062262896930457,0.6513123825400958,0.14563787619470014,20,5271.0,489.0,Region 4,Variant,F,C,Aromatic,Polar-Neutral,,Primate Positive Selection,,,Primate Positive Selection,,Primate Positive Selection,Primate Positive Selection
VARV C3,PKR-F489I,3.182200401470005,1.0657974087520035,0.2272287710358805,22,6137.0,489.0,Region 4,Variant,F,I,Aromatic,Non-Polar,,Primate Positive Selection,,,Primate Positive Selection,,Primate Positive Selection,Primate Positive Selection
VARV C3,PKR-F489L,-2.0218607704763087,0.8353983578121414,0.11065121559611825,57,14123.0,489.0,Region 4,Variant,F,L,Aromatic,Non-Polar,,Primate Positive Selection,,,Primate Positive Selection,,Primate Positive Selection,Primate Positive Selection
VARV C3,PKR-F489S,2.0810240918305727,1.1647653251645669,0.2745378199716064,18,5187.0,489.0,Region 4,Variant,F,S,Aromatic,Polar-Neutral,,Primate Positive Selection,,,Primate Positive Selection,,Primate Positive Selection,Primate Positive Selection
VARV C3,PKR-F489V,-2.7733050146916556,0.8852653650319855,0.1770530730063971,25,6465.0,489.0,Region 4,Variant,F,V,Aromatic,Non-Polar,,Primate Positive Selection,,,Primate Positive Selection,,Primate Positive Selection,Primate Positive Selection
VARV C3,PKR-F489Y,1.4605792149260481,1.2265965140667916,0.36983276421067607,11,3432.0,489.0,Region 4,Variant,F,Y,Aromatic,Aromatic,,Primate Positive Selection,,,Primate Positive Selection,,Primate Positive Selection,Primate Positive Selection
VARV C3,PKR-F494C,-0.8010228775462653,1.296493809098646,0.22569060324896628,33,4481.0,494.0,Region 4,Variant,F,C,Aromatic,Polar-Neutral,,,,,,,,
VARV C3,PKR-F494I,-2.003770281181197,1.3193793527114197,0.20605243687109645,41,5428.0,494.0,Region 4,Variant,F,I,Aromatic,Non-Polar,,,,,,,,
VARV C3,PKR-F494L,-0.2289019062498369,1.1598191218831562,0.152291711656973,58,8807.0,494.0,Region 4,Variant,F,L,Aromatic,Non-Polar,,,,,,,,
VARV C3,PKR-F494S,0.8076791995949139,1.315838430238235,0.30187403912819266,19,2543.0,494.0,Region 4,Variant,F,S,Aromatic,Polar-Neutral,,,,,,,,
VARV C3,PKR-F494V,-1.7503068001573214,1.1775932376631775,0.1546255673972833,58,7032.0,494.0,Region 4,Variant,F,V,Aromatic,Non-Polar,,,,,,,,
VARV C3,PKR-F494Y,-0.5976448926424717,1.1661265700526147,0.22442116304301735,27,3905.0,494.0,Region 4,Variant,F,Y,Aromatic,Aromatic,,,,,,,,
VARV C3,PKR-F495C,1.841207441282557,2.0221114407987257,0.3237969718032447,39,5164.0,495.0,Region 4,Variant,F,C,Aromatic,Polar-Neutral,Conserved Kinase Residue,,,,,,,
VARV C3,PKR-F495I,-1.1813025228043443,1.0900741871856532,0.16820209878995074,42,6051.0,495.0,Region 4,Variant,F,I,Aromatic,Non-Polar,Conserved Kinase Residue,,,,,,,
VARV C3,PKR-F495L,-2.221677709583637,1.1160943005611643,0.10690244578629991,109,15692.0,495.0,Region 4,Variant,F,L,Aromatic,Non-Polar,Conserved Kinase Residue,,,,,,,
VARV C3,PKR-F495S,4.23008286213901,1.3108358234474675,0.27947113658359657,22,3329.0,495.0,Region 4,Variant,F,S,Aromatic,Polar-Neutral,Conserved Kinase Residue,,,,,,,
VARV C3,PKR-F495V,-0.5372171945715718,1.2314179675727432,0.20814762692864927,35,4765.0,495.0,Region 4,Variant,F,V,Aromatic,Non-Polar,Conserved Kinase Residue,,,,,,,
VARV C3,PKR-F495Y,0.5018555929969805,1.5353037168892412,0.3070607433778482,25,3404.0,495.0,Region 4,Variant,F,Y,Aromatic,Aromatic,Conserved Kinase Residue,,,,,,,
VARV C3,PKR-G264A,1.5926953239369737,1.5098766169666618,0.3898484661559917,15,2033.0,264.0,Region 1,Variant,G,A,Unique,Non-Polar,,,,,,,,
VARV C3,PKR-G264C,1.73602562887959,1.0802533384678215,0.23031078560687923,22,4308.0,264.0,Region 1,Variant,G,C,Unique,Polar-Neutral,,,,,,,,
VARV C3,PKR-G264D,1.0626333856206862,1.4332095888260168,0.30556131102543665,22,4561.0,264.0,Region 1,Variant,G,D,Unique,Negative Charge,,,,,,,,
VARV C3,PKR-G264R,1.6157966050905253,1.1233273082058872,0.2577089587888963,19,3692.0,264.0,Region 1,Variant,G,R,Unique,Positive Charge,,,,,,,,
VARV C3,PKR-G264S,2.148036045303188,1.616145244278838,0.34456332381496124,22,4197.0,264.0,Region 1,Variant,G,S,Unique,Polar-Neutral,,,,,,,,
VARV C3,PKR-G264V,2.2275729677182166,0.7846921278879184,0.22652110563353497,12,2782.0,264.0,Region 1,Variant,G,V,Unique,Non-Polar,,,,,,,,
VARV C3,PKR-G274A,1.2326649147514295,2.0484346067674677,0.6176262725660817,11,2244.0,274.0,Region 1,Variant,G,A,Unique,Non-Polar,Conserved Kinase Residue,,,,,,,
VARV C3,PKR-G274C,-0.2609531860233891,1.151532532443173,0.2574905020845417,20,3997.0,274.0,Region 1,Variant,G,C,Unique,Polar-Neutral,Conserved Kinase Residue,,,,,,,
VARV C3,PKR-G274D,1.4308219619289297,1.1601711678115632,0.22752828552995732,26,5570.0,274.0,Region 1,Variant,G,D,Unique,Negative Charge,Conserved Kinase Residue,,,,,,,
VARV C3,PKR-G274R,-2.69424256461378,0.8075140300411857,0.21581720253051406,14,2725.0,274.0,Region 1,Variant,G,R,Unique,Positive Charge,Conserved Kinase Residue,,,,,,,
VARV C3,PKR-G274S,-0.7450944916161975,1.0074575514233877,0.1870801707105906,29,6638.0,274.0,Region 1,Variant,G,S,Unique,Polar-Neutral,Conserved Kinase Residue,,,,,,,
VARV C3,PKR-G274V,-1.7247000351568704,1.0868367419476954,0.23716722085878578,21,4524.0,274.0,Region 1,Variant,G,V,Unique,Non-Polar,Conserved Kinase Residue,,,,,,,
VARV C3,PKR-G276A,-2.552460605810224,1.0310395543039421,0.194848160897079,28,3953.0,276.0,Region 1,Variant,G,A,Unique,Non-Polar,Conserved Kinase Residue,,,Conserved PKR Residue,,Conserved PKR Residue,Conserved PKR Residue,Conserved PKR Residue
VARV C3,PKR-G276C,-2.600537479852791,1.2575813087884518,0.15719766359855647,64,8004.0,276.0,Region 1,Variant,G,C,Unique,Polar-Neutral,Conserved Kinase Residue,,,Conserved PKR Residue,,Conserved PKR Residue,Conserved PKR Residue,Conserved PKR Residue
VARV C3,PKR-G276D,-3.1881959373088176,1.161241178250286,0.17708761949451796,43,4983.0,276.0,Region 1,Variant,G,D,Unique,Negative Charge,Conserved Kinase Residue,,,Conserved PKR Residue,,Conserved PKR Residue,Conserved PKR Residue,Conserved PKR Residue
VARV C3,PKR-G276R,-3.60556115042258,1.3432978478070847,0.22388297463451412,36,4172.0,276.0,Region 1,Variant,G,R,Unique,Positive Charge,Conserved Kinase Residue,,,Conserved PKR Residue,,Conserved PKR Residue,Conserved PKR Residue,Conserved PKR Residue
VARV C3,PKR-G276S,-2.995492490962713,1.3687192870733855,0.17382752328593015,62,7421.0,276.0,Region 1,Variant,G,S,Unique,Polar-Neutral,Conserved Kinase Residue,,,Conserved PKR Residue,,Conserved PKR Residue,Conserved PKR Residue,Conserved PKR Residue
VARV C3,PKR-G276V,-2.9677213071517716,1.0044049244750617,0.14204430663069564,50,6755.0,276.0,Region 1,Variant,G,V,Unique,Non-Polar,Conserved Kinase Residue,,,Conserved PKR Residue,,Conserved PKR Residue,Conserved PKR Residue,Conserved PKR Residue
VARV C3,PKR-G277A,1.7875090816872488,1.4551135383013738,0.21936661972327717,44,5434.0,277.0,Region 1,Variant,G,A,Unique,Non-Polar,,,,Conserved PKR Residue,,Conserved PKR Residue,Conserved PKR Residue,Conserved PKR Residue
VARV C3,PKR-G277E,-3.163081256678966,1.0965168487514905,0.16530613470961708,44,4717.0,277.0,Region 1,Variant,G,E,Unique,Negative Charge,,,,Conserved PKR Residue,,Conserved PKR Residue,Conserved PKR Residue,Conserved PKR Residue
VARV C3,PKR-G277R,-2.6285428902847885,1.3638516177846614,0.11568038439310688,139,17540.0,277.0,Region 1,Variant,G,R,Unique,Positive Charge,,,,Conserved PKR Residue,,Conserved PKR Residue,Conserved PKR Residue,Conserved PKR Residue
VARV C3,PKR-G277V,-2.91719860178519,1.2534651159262935,0.18092210552496277,48,5897.0,277.0,Region 1,Variant,G,V,Unique,Non-Polar,,,,Conserved PKR Residue,,Conserved PKR Residue,Conserved PKR Residue,Conserved PKR Residue
VARV C3,PKR-G372A,0.9247482938414802,1.4854836406050411,0.33216423998567385,20,2821.0,372.0,Region 2,Variant,G,A,Unique,Non-Polar,,,,,,,,
VARV C3,PKR-G372E,0.22564852603204882,1.4459655982997823,0.2597030880029587,31,4473.0,372.0,Region 2,Variant,G,E,Unique,Negative Charge,,,,,,,,
VARV C3,PKR-G372R,0.27923347703124424,1.3748860646636538,0.2147211288867441,41,5327.0,372.0,Region 2,Variant,G,R,Unique,Positive Charge,,,,,,,,
VARV C3,PKR-G372V,-1.3820534397618436,1.4209303910329563,0.25942520927112883,30,3392.0,372.0,Region 2,Variant,G,V,Unique,Non-Polar,,,,,,,,
VARV C3,PKR-G372W,0.03899933965436031,1.516897956203979,0.24289806923765309,39,5520.0,372.0,Region 2,Variant,G,W,Unique,Aromatic,,,,,,,,
VARV C3,PKR-G383A,1.8175818375311754,2.270326845779321,0.586195870943395,15,1325.0,383.0,Region 2,Variant,G,A,Unique,Non-Polar,,,,,,,,
VARV C3,PKR-G383C,2.444796762467941,2.3026591434531474,0.4909285789070073,22,2323.0,383.0,Region 2,Variant,G,C,Unique,Polar-Neutral,,,,,,,,
VARV C3,PKR-G383D,1.040665633898073,2.5136883085023163,0.5766796480169099,19,2009.0,383.0,Region 2,Variant,G,D,Unique,Negative Charge,,,,,,,,
VARV C3,PKR-G383R,2.0968773186848595,2.6084119998299613,0.697127430493826,14,1812.0,383.0,Region 2,Variant,G,R,Unique,Positive Charge,,,,,,,,
VARV C3,PKR-G383S,1.278922251280283,1.4935273187135114,0.3856270954988831,15,1874.0,383.0,Region 2,Variant,G,S,Unique,Polar-Neutral,,,,,,,,
VARV C3,PKR-G383V,1.5306065564215485,2.298614834892478,0.41284341166408883,31,2936.0,383.0,Region 2,Variant,G,V,Unique,Non-Polar,,,,,,,,
VARV C3,PKR-G450A,-2.660426528022087,1.3147760762632947,0.24846932339499786,28,4098.0,450.0,Region 3,Variant,G,A,Unique,Non-Polar,Conserved Kinase Residue,,,Conserved PKR Residue,,Conserved PKR Residue,Conserved PKR Residue,Conserved PKR Residue
VARV C3,PKR-G450E,-3.2500463930612757,0.851030121629846,0.1669007383402241,26,3713.0,450.0,Region 3,Variant,G,E,Unique,Negative Charge,Conserved Kinase Residue,,,Conserved PKR Residue,,Conserved PKR Residue,Conserved PKR Residue,Conserved PKR Residue
VARV C3,PKR-G450R,-3.0568913662112864,1.1898254642346746,0.10475829083547254,129,18200.0,450.0,Region 3,Variant,G,R,Unique,Positive Charge,Conserved Kinase Residue,,,Conserved PKR Residue,,Conserved PKR Residue,Conserved PKR Residue,Conserved PKR Residue
VARV C3,PKR-G450V,-3.0422168291158913,1.020411195821684,0.16775456722813348,37,5753.0,450.0,Region 3,Variant,G,V,Unique,Non-Polar,Conserved Kinase Residue,,,Conserved PKR Residue,,Conserved PKR Residue,Conserved PKR Residue,Conserved PKR Residue
VARV C3,PKR-G501A,1.7330961100365223,1.0594517225295275,0.3194367133751056,11,2667.0,501.0,Region 4,Variant,G,A,Unique,Non-Polar,,,,,,,,
VARV C3,PKR-G501C,2.5109361318973944,1.0195181090927206,0.2173619911960854,22,5630.0,501.0,Region 4,Variant,G,C,Unique,Polar-Neutral,,,,,,,,
VARV C3,PKR-G501D,2.4014676988468993,1.4182692479823296,0.3661955451915786,15,3336.0,501.0,Region 4,Variant,G,D,Unique,Negative Charge,,,,,,,,
VARV C3,PKR-G501R,2.442802701411533,1.4094332151678173,0.3909064405099719,13,3047.0,501.0,Region 4,Variant,G,R,Unique,Positive Charge,,,,,,,,
VARV C3,PKR-G501S,2.1217644257312576,1.2006331268831563,0.29119630586793316,17,3632.0,501.0,Region 4,Variant,G,S,Unique,Polar-Neutral,,,,,,,,
VARV C3,PKR-G501V,2.6322952958664527,0.9504963414510391,0.17962692439687025,28,8404.0,501.0,Region 4,Variant,G,V,Unique,Non-Polar,,,,,,,,
VARV C3,PKR-H483D,3.1618066658487836,1.4656244479209322,0.27215962749723244,29,4223.0,483.0,Region 4,Variant,H,D,Positive Charge,Negative Charge,,,Vertebrate Positive Selection,,,Vertebrate Positive Selection,,
VARV C3,PKR-H483L,-0.8239750079934701,1.2316922818496332,0.21773449120775198,32,4031.0,483.0,Region 4,Variant,H,L,Positive Charge,Non-Polar,,,Vertebrate Positive Selection,,,Vertebrate Positive Selection,,
VARV C3,PKR-H483N,1.7564831216828765,1.6847262118279438,0.33694524236558876,25,2780.0,483.0,Region 4,Variant,H,N,Positive Charge,Polar-Neutral,,,Vertebrate Positive Selection,,,Vertebrate Positive Selection,,
VARV C3,PKR-H483P,1.2051960280368372,1.3060930233763213,0.2425353856665541,29,4289.0,483.0,Region 4,Variant,H,P,Positive Charge,Unique,,,Vertebrate Positive Selection,,,Vertebrate Positive Selection,,
VARV C3,PKR-H483R,2.7866847074853696,1.4500971873125246,0.2740426096073705,28,4165.0,483.0,Region 4,Variant,H,R,Positive Charge,Positive Charge,,,Vertebrate Positive Selection,,,Vertebrate Positive Selection,,
VARV C3,PKR-H483Y,1.678342765576737,1.767989076621545,0.29065561376351573,37,5709.0,483.0,Region 4,Variant,H,Y,Positive Charge,Aromatic,,,Vertebrate Positive Selection,,,Vertebrate Positive Selection,,
VARV C3,PKR-I270K,2.356471622545159,1.6855176364440183,0.37689320123636016,20,3871.0,270.0,Region 1,Variant,I,K,Non-Polar,Positive Charge,,,Vertebrate Positive Selection,,,Vertebrate Positive Selection,,
VARV C3,PKR-I270L,1.5990540471896786,1.2887727391475317,0.2118729331826056,37,7966.0,270.0,Region 1,Variant,I,L,Non-Polar,Non-Polar,,,Vertebrate Positive Selection,,,Vertebrate Positive Selection,,
VARV C3,PKR-I270M,1.4223651585980945,1.3203745140006993,0.1545381478471752,73,14052.0,270.0,Region 1,Variant,I,M,Non-Polar,Non-Polar,,,Vertebrate Positive Selection,,,Vertebrate Positive Selection,,
VARV C3,PKR-I270R,1.4512386130907144,1.411675363718954,0.23861668798850003,35,7876.0,270.0,Region 1,Variant,I,R,Non-Polar,Positive Charge,,,Vertebrate Positive Selection,,,Vertebrate Positive Selection,,
VARV C3,PKR-I270T,1.8399696407671864,1.0761338067364512,0.2778565541187378,15,3146.0,270.0,Region 1,Variant,I,T,Non-Polar,Polar-Neutral,,,Vertebrate Positive Selection,,,Vertebrate Positive Selection,,
VARV C3,PKR-I270V,1.5651323273285063,1.5845214029275725,0.28929270507772126,30,6532.0,270.0,Region 1,Variant,I,V,Non-Polar,Non-Polar,,,Vertebrate Positive Selection,,,Vertebrate Positive Selection,,
VARV C3,PKR-I273F,2.3647045670175806,1.345257952620429,0.22739009647290573,35,7684.0,273.0,Region 1,Variant,I,F,Non-Polar,Aromatic,Conserved Kinase Residue,,,,,,,
VARV C3,PKR-I273L,0.6545673736158809,1.3389190898854288,0.34570742246969716,15,3114.0,273.0,Region 1,Variant,I,L,Non-Polar,Non-Polar,Conserved Kinase Residue,,,,,,,
VARV C3,PKR-I273M,-0.16678387136908873,1.5136167232836757,0.20048343261839952,57,11908.0,273.0,Region 1,Variant,I,M,Non-Polar,Non-Polar,Conserved Kinase Residue,,,,,,,
VARV C3,PKR-I273N,0.12909262887467346,0.9252312124717863,0.15639261916563085,35,7387.0,273.0,Region 1,Variant,I,N,Non-Polar,Polar-Neutral,Conserved Kinase Residue,,,,,,,
VARV C3,PKR-I273S,0.2892590571287793,0.7912870568788476,0.1865081479280595,18,3736.0,273.0,Region 1,Variant,I,S,Non-Polar,Polar-Neutral,Conserved Kinase Residue,,,,,,,
VARV C3,PKR-I273T,1.128855385312398,1.0601558007741296,0.2650389501935324,16,3686.0,273.0,Region 1,Variant,I,T,Non-Polar,Polar-Neutral,Conserved Kinase Residue,,,,,,,
VARV C3,PKR-I273V,1.5878731439797062,1.2910041699818422,0.269192978049004,23,4591.0,273.0,Region 1,Variant,I,V,Non-Polar,Non-Polar,Conserved Kinase Residue,,,,,,,
VARV C3,PKR-I378F,2.101418368941226,1.6650829789264536,0.2990577313297278,31,3725.0,378.0,Region 2,Variant,I,F,Non-Polar,Aromatic,,,Vertebrate Positive Selection,,,Vertebrate Positive Selection,,
VARV C3,PKR-I378L,1.084984344947213,1.9332591184924859,0.5580838362374677,12,1541.0,378.0,Region 2,Variant,I,L,Non-Polar,Non-Polar,,,Vertebrate Positive Selection,,,Vertebrate Positive Selection,,
VARV C3,PKR-I378M,2.9473728602916234,1.683941307592783,0.17097833489744244,97,12107.0,378.0,Region 2,Variant,I,M,Non-Polar,Non-Polar,,,Vertebrate Positive Selection,,,Vertebrate Positive Selection,,
VARV C3,PKR-I378N,2.81370398455734,1.2969340516556334,0.27650726887896526,22,2378.0,378.0,Region 2,Variant,I,N,Non-Polar,Polar-Neutral,,,Vertebrate Positive Selection,,,Vertebrate Positive Selection,,
VARV C3,PKR-I378S,2.9309326672183134,1.6271118520792216,0.29706862165593295,30,3895.0,378.0,Region 2,Variant,I,S,Non-Polar,Polar-Neutral,,,Vertebrate Positive Selection,,,Vertebrate Positive Selection,,
VARV C3,PKR-I378T,2.5469362339053996,1.3269561192511823,0.3218341317783723,17,1893.0,378.0,Region 2,Variant,I,T,Non-Polar,Polar-Neutral,,,Vertebrate Positive Selection,,,Vertebrate Positive Selection,,
VARV C3,PKR-I378V,1.387863375426555,1.8721910546956466,0.32590663030264383,33,4258.0,378.0,Region 2,Variant,I,V,Non-Polar,Non-Polar,,,Vertebrate Positive Selection,,,Vertebrate Positive Selection,,
VARV C3,PKR-I502F,2.017111942604752,1.5805057757205887,0.29349255451321843,29,6123.0,502.0,Region 4,Variant,I,F,Non-Polar,Aromatic,,Primate Positive Selection,Vertebrate Positive Selection,,Primate Positive Selection,Vertebrate Positive Selection,Primate Positive Selection,Primate Positive Selection
VARV C3,PKR-I502L,1.5958194699855408,1.430656536287325,0.3823590426382779,14,2197.0,502.0,Region 4,Variant,I,L,Non-Polar,Non-Polar,,Primate Positive Selection,Vertebrate Positive Selection,,Primate Positive Selection,Vertebrate Positive Selection,Primate Positive Selection,Primate Positive Selection
VARV C3,PKR-I502M,2.3623656083623117,1.4884279620829517,0.20069958546455394,55,11139.0,502.0,Region 4,Variant,I,M,Non-Polar,Non-Polar,,Primate Positive Selection,Vertebrate Positive Selection,,Primate Positive Selection,Vertebrate Positive Selection,Primate Positive Selection,Primate Positive Selection
VARV C3,PKR-I502N,2.501623682728725,1.3079855157033962,0.2349211335945554,31,6550.0,502.0,Region 4,Variant,I,N,Non-Polar,Polar-Neutral,,Primate Positive Selection,Vertebrate Positive Selection,,Primate Positive Selection,Vertebrate Positive Selection,Primate Positive Selection,Primate Positive Selection
VARV C3,PKR-I502S,2.4732750294269965,1.323671229704,0.25474064692938914,27,5515.0,502.0,Region 4,Variant,I,S,Non-Polar,Polar-Neutral,,Primate Positive Selection,Vertebrate Positive Selection,,Primate Positive Selection,Vertebrate Positive Selection,Primate Positive Selection,Primate Positive Selection
VARV C3,PKR-I502T,2.9177599599532207,1.5998322506446023,0.3265643906773067,24,4429.0,502.0,Region 4,Variant,I,T,Non-Polar,Polar-Neutral,,Primate Positive Selection,Vertebrate Positive Selection,,Primate Positive Selection,Vertebrate Positive Selection,Primate Positive Selection,Primate Positive Selection
VARV C3,PKR-I502V,2.956687847821163,1.2297786707953047,0.2821305762588688,19,3785.0,502.0,Region 4,Variant,I,V,Non-Polar,Non-Polar,,Primate Positive Selection,Vertebrate Positive Selection,,Primate Positive Selection,Vertebrate Positive Selection,Primate Positive Selection,Primate Positive Selection
VARV C3,PKR-I503F,1.2416359105706891,0.9314395384919542,0.22590727065169963,17,3647.0,503.0,Region 4,Variant,I,F,Non-Polar,Aromatic,,,,,,,,
VARV C3,PKR-I503L,1.2558541372991452,1.3580120345197977,0.3200865061806296,18,2985.0,503.0,Region 4,Variant,I,L,Non-Polar,Non-Polar,,,,,,,,
VARV C3,PKR-I503M,1.4754336684644414,1.1051154475023546,0.14510876730971017,58,11765.0,503.0,Region 4,Variant,I,M,Non-Polar,Non-Polar,,,,,,,,
VARV C3,PKR-I503N,1.947105941503349,1.0600226727539352,0.24318587938927838,19,4129.0,503.0,Region 4,Variant,I,N,Non-Polar,Polar-Neutral,,,,,,,,
VARV C3,PKR-I503S,1.3362078245834434,1.3721765011014797,0.29254901300117053,22,4010.0,503.0,Region 4,Variant,I,S,Non-Polar,Polar-Neutral,,,,,,,,
VARV C3,PKR-I503T,1.8492905023827162,0.9310268296116825,0.2582203825382766,13,3194.0,503.0,Region 4,Variant,I,T,Non-Polar,Polar-Neutral,,,,,,,,
VARV C3,PKR-I503V,2.6637633268112975,1.7315868635428142,0.4199715022540599,17,3837.0,503.0,Region 4,Variant,I,V,Non-Polar,Non-Polar,,,,,,,,
VARV C3,PKR-I506K,2.966197591152227,1.8213246767675355,0.4292903432282404,18,3435.0,506.0,Region 4,Variant,I,K,Non-Polar,Positive Charge,,Primate Positive Selection,,,Primate Positive Selection,,Primate Positive Selection,Primate Positive Selection
VARV C3,PKR-I506L,2.8077613159106414,1.3172058573818446,0.2032492763837081,42,7218.0,506.0,Region 4,Variant,I,L,Non-Polar,Non-Polar,,Primate Positive Selection,,,Primate Positive Selection,,Primate Positive Selection,Primate Positive Selection
VARV C3,PKR-I506M,2.457111573133721,1.0776137119502642,0.1571861149316399,47,9803.0,506.0,Region 4,Variant,I,M,Non-Polar,Non-Polar,,Primate Positive Selection,,,Primate Positive Selection,,Primate Positive Selection,Primate Positive Selection
VARV C3,PKR-I506R,3.535987887781542,1.069105928601609,0.2857305782140017,14,2888.0,506.0,Region 4,Variant,I,R,Non-Polar,Positive Charge,,Primate Positive Selection,,,Primate Positive Selection,,Primate Positive Selection,Primate Positive Selection
VARV C3,PKR-I506T,3.070283964871047,1.0921880308364125,0.23833496783012492,21,4661.0,506.0,Region 4,Variant,I,T,Non-Polar,Polar-Neutral,,Primate Positive Selection,,,Primate Positive Selection,,Primate Positive Selection,Primate Positive Selection
VARV C3,PKR-I506V,1.8896419150222812,1.8453402754642616,0.43495087412581035,18,3418.0,506.0,Region 4,Variant,I,V,Non-Polar,Non-Polar,,Primate Positive Selection,,,Primate Positive Selection,,Primate Positive Selection,Primate Positive Selection
VARV C3,PKR-K256E,1.403465395928965,1.4744079069266525,0.19880912161293315,55,8697.0,256.0,Region 1,Variant,K,E,Positive Charge,Negative Charge,,,,,,,,
VARV C3,PKR-K256M,1.2757180200107292,1.3360012554764715,0.23995290899800215,31,4737.0,256.0,Region 1,Variant,K,M,Positive Charge,Non-Polar,,,,,,,,
VARV C3,PKR-K256N,1.0999630196331813,1.3790304111091114,0.13208715758796374,109,16347.0,256.0,Region 1,Variant,K,N,Positive Charge,Polar-Neutral,,,,,,,,
VARV C3,PKR-K256Q,1.4608649738313837,1.209957451667907,0.16620043791502237,53,8199.0,256.0,Region 1,Variant,K,Q,Positive Charge,Polar-Neutral,,,,,,,,
VARV C3,PKR-K256R,2.181803666112425,1.689204197679954,0.24905957125099595,46,7011.0,256.0,Region 1,Variant,K,R,Positive Charge,Positive Charge,,,,,,,,
VARV C3,PKR-K256T,1.3563655766057297,1.4661706007781112,0.26768490373235765,30,4707.0,256.0,Region 1,Variant,K,T,Positive Charge,Polar-Neutral,,,,,,,,
VARV C3,PKR-K261E,1.8002965054628153,0.9353592807333488,0.16534972256308064,32,7066.0,261.0,Region 1,Variant,K,E,Positive Charge,Negative Charge,,Primate Positive Selection,Vertebrate Positive Selection,,Primate Positive Selection,Vertebrate Positive Selection,Primate Positive Selection,Primate Positive Selection
VARV C3,PKR-K261M,1.9521227550022664,1.0954145751084363,0.20341337996883266,29,5260.0,261.0,Region 1,Variant,K,M,Positive Charge,Non-Polar,,Primate Positive Selection,Vertebrate Positive Selection,,Primate Positive Selection,Vertebrate Positive Selection,Primate Positive Selection,Primate Positive Selection
VARV C3,PKR-K261N,1.9848585985170895,1.4518432135983455,0.18291505170657385,63,11827.0,261.0,Region 1,Variant,K,N,Positive Charge,Polar-Neutral,,Primate Positive Selection,Vertebrate Positive Selection,,Primate Positive Selection,Vertebrate Positive Selection,Primate Positive Selection,Primate Positive Selection
VARV C3,PKR-K261Q,1.793553591667245,1.3523874525562878,0.20160201838890873,45,8572.0,261.0,Region 1,Variant,K,Q,Positive Charge,Polar-Neutral,,Primate Positive Selection,Vertebrate Positive Selection,,Primate Positive Selection,Vertebrate Positive Selection,Primate Positive Selection,Primate Positive Selection
VARV C3,PKR-K261R,1.528983288402584,1.0409200661081996,0.24534721247275246,18,3609.0,261.0,Region 1,Variant,K,R,Positive Charge,Positive Charge,,Primate Positive Selection,Vertebrate Positive Selection,,Primate Positive Selection,Vertebrate Positive Selection,Primate Positive Selection,Primate Positive Selection
VARV C3,PKR-K261T,1.7585475124729177,1.2344325386444623,0.372195414517234,11,1802.0,261.0,Region 1,Variant,K,T,Positive Charge,Polar-Neutral,,Primate Positive Selection,Vertebrate Positive Selection,,Primate Positive Selection,Vertebrate Positive Selection,Primate Positive Selection,Primate Positive Selection
VARV C3,PKR-K268E,1.8210513537096855,0.9726617932999291,0.15008497308631485,42,8399.0,268.0,Region 1,Variant,K,E,Positive Charge,Negative Charge,,,,,,,,
VARV C3,PKR-K268I,1.1182151253623973,1.0177106176498367,0.21220733311891937,23,4489.0,268.0,Region 1,Variant,K,I,Positive Charge,Non-Polar,,,,,,,,
VARV C3,PKR-K268N,1.8694797914970251,1.2172999893938268,0.1360982762647185,80,18383.0,268.0,Region 1,Variant,K,N,Positive Charge,Polar-Neutral,,,,,,,,
VARV C3,PKR-K268Q,2.027123179525073,1.2842583700551893,0.21404306167586487,36,8420.0,268.0,Region 1,Variant,K,Q,Positive Charge,Polar-Neutral,,,,,,,,
VARV C3,PKR-K268R,1.9217754724868603,1.4213028059080015,0.36697880647997083,15,3361.0,268.0,Region 1,Variant,K,R,Positive Charge,Positive Charge,,,,,,,,
VARV C3,PKR-K268T,1.5904333774921164,1.5367028440633868,0.3967749682084713,15,2848.0,268.0,Region 1,Variant,K,T,Positive Charge,Polar-Neutral,,,,,,,,
VARV C3,PKR-K371E,1.5006666076563102,1.5295320273423025,0.25853810013037615,35,4128.0,371.0,Region 2,Variant,K,E,Positive Charge,Negative Charge,,,,,,,,
VARV C3,PKR-K371I,1.0845159481490212,1.4345087344447363,0.2213495032747037,42,5890.0,371.0,Region 2,Variant,K,I,Positive Charge,Non-Polar,,,,,,,,
VARV C3,PKR-K371N,1.5895901915864534,1.4000996429766543,0.18878939734593894,55,8162.0,371.0,Region 2,Variant,K,N,Positive Charge,Polar-Neutral,,,,,,,,
VARV C3,PKR-K371Q,1.4650928342544651,1.4528759337406263,0.22690110012969478,41,5416.0,371.0,Region 2,Variant,K,Q,Positive Charge,Polar-Neutral,,,,,,,,
VARV C3,PKR-K371R,1.475256163221838,1.1858220255797778,0.2528181053238696,22,3154.0,371.0,Region 2,Variant,K,R,Positive Charge,Positive Charge,,,,,,,,
VARV C3,PKR-K371T,1.5307481446850713,1.190763299919417,0.2731798363171449,19,2684.0,371.0,Region 2,Variant,K,T,Positive Charge,Polar-Neutral,,,,,,,,
VARV C3,PKR-K380E,1.6365037128556514,1.8094886143525761,0.250930922362173,52,5958.0,380.0,Region 2,Variant,K,E,Positive Charge,Negative Charge,,Primate Positive Selection,,,Primate Positive Selection,,Primate Positive Selection,Primate Positive Selection
VARV C3,PKR-K380I,1.6278759836228942,1.3584162303779326,0.21752068306928427,39,5001.0,380.0,Region 2,Variant,K,I,Positive Charge,Non-Polar,,Primate Positive Selection,,,Primate Positive Selection,,Primate Positive Selection,Primate Positive Selection
VARV C3,PKR-K380N,1.9758037722507555,1.636274319334375,0.1852715833342893,78,9904.0,380.0,Region 2,Variant,K,N,Positive Charge,Polar-Neutral,,Primate Positive Selection,,,Primate Positive Selection,,Primate Positive Selection,Primate Positive Selection
VARV C3,PKR-K380Q,1.7879484040532252,1.7908309596699108,0.27633121629289514,42,4998.0,380.0,Region 2,Variant,K,Q,Positive Charge,Polar-Neutral,,Primate Positive Selection,,,Primate Positive Selection,,Primate Positive Selection,Primate Positive Selection
VARV C3,PKR-K380R,0.7790885184909937,1.5743540137330234,0.3087562245126081,26,3478.0,380.0,Region 2,Variant,K,R,Positive Charge,Positive Charge,,Primate Positive Selection,,,Primate Positive Selection,,Primate Positive Selection,Primate Positive Selection
VARV C3,PKR-K380T,2.1895369988118674,1.3623140140552898,0.33040968089465544,17,2021.0,380.0,Region 2,Variant,K,T,Positive Charge,Polar-Neutral,,Primate Positive Selection,,,Primate Positive Selection,,Primate Positive Selection,Primate Positive Selection
VARV C3,PKR-K385E,3.1175600744246323,1.523581339119793,0.2575322502364128,35,3381.0,385.0,Region 2,Variant,K,E,Positive Charge,Negative Charge,,,Vertebrate Positive Selection,,,Vertebrate Positive Selection,,
VARV C3,PKR-K385I,2.714989015852644,1.822596174259149,0.38857880997904554,22,2208.0,385.0,Region 2,Variant,K,I,Positive Charge,Non-Polar,,,Vertebrate Positive Selection,,,Vertebrate Positive Selection,,
VARV C3,PKR-K385N,2.9917003818347445,1.7133190461936354,0.20931523587855128,67,7145.0,385.0,Region 2,Variant,K,N,Positive Charge,Polar-Neutral,,,Vertebrate Positive Selection,,,Vertebrate Positive Selection,,
VARV C3,PKR-K385Q,2.481262328390306,1.4827767473738427,0.24712945789564045,36,3411.0,385.0,Region 2,Variant,K,Q,Positive Charge,Polar-Neutral,,,Vertebrate Positive Selection,,,Vertebrate Positive Selection,,
VARV C3,PKR-K385R,1.5272090071750126,1.5659641126909232,0.3592568061279512,19,2156.0,385.0,Region 2,Variant,K,R,Positive Charge,Positive Charge,,,Vertebrate Positive Selection,,,Vertebrate Positive Selection,,
VARV C3,PKR-K385T,2.22232164686547,1.6352859856181396,0.4930572762928987,11,1305.0,385.0,Region 2,Variant,K,T,Positive Charge,Polar-Neutral,,,Vertebrate Positive Selection,,,Vertebrate Positive Selection,,
VARV C3,PKR-K449E,-2.0269636182178883,1.301771021282472,0.1724237839178242,57,7468.0,449.0,Region 3,Variant,K,E,Positive Charge,Negative Charge,,,Vertebrate Positive Selection,,Primate Positive Selection,Vertebrate Positive Selection,,Primate Positive Selection
VARV C3,PKR-K449M,-1.5701506729032249,1.4650214496042557,0.19936416743127594,54,6499.0,449.0,Region 3,Variant,K,M,Positive Charge,Non-Polar,,,Vertebrate Positive Selection,,Primate Positive Selection,Vertebrate Positive Selection,,Primate Positive Selection
VARV C3,PKR-K449N,-1.8951523189058657,1.3082351529432863,0.12199355704286168,115,15613.0,449.0,Region 3,Variant,K,N,Positive Charge,Polar-Neutral,,,Vertebrate Positive Selection,,Primate Positive Selection,Vertebrate Positive Selection,,Primate Positive Selection
VARV C3,PKR-K449Q,-2.0231504766451893,1.3153695793803526,0.17271648736062775,58,8553.0,449.0,Region 3,Variant,K,Q,Positive Charge,Polar-Neutral,,,Vertebrate Positive Selection,,Primate Positive Selection,Vertebrate Positive Selection,,Primate Positive Selection
VARV C3,PKR-K449R,0.5805023670854191,1.0680026202787698,0.17101728784423492,39,5031.0,449.0,Region 3,Variant,K,R,Positive Charge,Positive Charge,,,Vertebrate Positive Selection,,Primate Positive Selection,Vertebrate Positive Selection,,Primate Positive Selection
VARV C3,PKR-K449T,-0.4519144144678374,1.182776689801265,0.20589499367964376,33,4073.0,449.0,Region 3,Variant,K,T,Positive Charge,Polar-Neutral,,,Vertebrate Positive Selection,,Primate Positive Selection,Vertebrate Positive Selection,,Primate Positive Selection
VARV C3,PKR-K493E,3.5825793063343667,1.8141136112220229,0.23039265901797112,62,8076.0,493.0,Region 4,Variant,K,E,Positive Charge,Negative Charge,,,Vertebrate Positive Selection,,,Vertebrate Positive Selection,,
VARV C3,PKR-K493M,0.5247459047083378,1.2747084544408724,0.20678501700679622,38,4924.0,493.0,Region 4,Variant,K,M,Positive Charge,Non-Polar,,,Vertebrate Positive Selection,,,Vertebrate Positive Selection,,
VARV C3,PKR-K493N,3.4674708270040955,1.6433868546540262,0.19367499817311554,72,9672.0,493.0,Region 4,Variant,K,N,Positive Charge,Polar-Neutral,,,Vertebrate Positive Selection,,,Vertebrate Positive Selection,,
VARV C3,PKR-K493Q,2.2878813425313385,1.3234580099129103,0.21469323917496314,38,5058.0,493.0,Region 4,Variant,K,Q,Positive Charge,Polar-Neutral,,,Vertebrate Positive Selection,,,Vertebrate Positive Selection,,
VARV C3,PKR-K493R,3.184249216688407,1.704732103059988,0.2729756043952594,39,5272.0,493.0,Region 4,Variant,K,R,Positive Charge,Positive Charge,,,Vertebrate Positive Selection,,,Vertebrate Positive Selection,,
VARV C3,PKR-K493T,3.16222529930574,1.4273185582842511,0.3191581321870581,20,2523.0,493.0,Region 4,Variant,K,T,Positive Charge,Polar-Neutral,,,Vertebrate Positive Selection,,,Vertebrate Positive Selection,,
VARV C3,PKR-L272F,-0.6847842848435195,1.2916725302013752,0.14351917002237502,81,18089.0,272.0,Region 1,Variant,L,F,Non-Polar,Aromatic,,,Vertebrate Positive Selection,,,Vertebrate Positive Selection,,
VARV C3,PKR-L272I,1.7262121941337951,1.6732098015617742,0.3346419603123548,25,4529.0,272.0,Region 1,Variant,L,I,Non-Polar,Non-Polar,,,Vertebrate Positive Selection,,,Vertebrate Positive Selection,,
VARV C3,PKR-L272S,2.0581779836869414,1.3254043977442416,0.17871749253346877,55,12490.0,272.0,Region 1,Variant,L,S,Non-Polar,Polar-Neutral,,,Vertebrate Positive Selection,,,Vertebrate Positive Selection,,
VARV C3,PKR-L272V,1.2457549638244891,1.1850972674828646,0.1728642028455661,47,9703.0,272.0,Region 1,Variant,L,V,Non-Polar,Non-Polar,,,Vertebrate Positive Selection,,,Vertebrate Positive Selection,,
VARV C3,PKR-L374F,1.4325877932706932,1.3082732790134393,0.1301780567576342,101,13265.0,374.0,Region 2,Variant,L,F,Non-Polar,Aromatic,,,,Conserved PKR Residue,,Conserved PKR Residue,Conserved PKR Residue,Conserved PKR Residue
VARV C3,PKR-L374M,1.4200233272929323,1.7507989233768473,0.24760035824277507,50,7105.0,374.0,Region 2,Variant,L,M,Non-Polar,Non-Polar,,,,Conserved PKR Residue,,Conserved PKR Residue,Conserved PKR Residue,Conserved PKR Residue
VARV C3,PKR-L374S,-2.094016391597389,1.498808635890163,0.2312711934699654,42,5372.0,374.0,Region 2,Variant,L,S,Non-Polar,Polar-Neutral,,,,Conserved PKR Residue,,Conserved PKR Residue,Conserved PKR Residue,Conserved PKR Residue
VARV C3,PKR-L374V,1.11194139301823,1.5304043977619,0.27053983190378844,32,4880.0,374.0,Region 2,Variant,L,V,Non-Polar,Non-Polar,,,,Conserved PKR Residue,,Conserved PKR Residue,Conserved PKR Residue,Conserved PKR Residue
VARV C3,PKR-L374W,0.37560142585631245,1.488142578848715,0.19710929976113414,57,7620.0,374.0,Region 2,Variant,L,W,Non-Polar,Aromatic,,,,Conserved PKR Residue,,Conserved PKR Residue,Conserved PKR Residue,Conserved PKR Residue
VARV C3,PKR-L452F,0.7001865264308084,1.2497029608043806,0.11603200696371622,116,21376.0,452.0,Region 3,Variant,L,F,Non-Polar,Aromatic,,,,,,,,
VARV C3,PKR-L452M,2.749436224582459,1.82807254200576,0.2487691633725933,54,8952.0,452.0,Region 3,Variant,L,M,Non-Polar,Non-Polar,,,,,,,,
VARV C3,PKR-L452S,6.397425748703182,2.1099448911469154,0.34227825874944473,38,6329.0,452.0,Region 3,Variant,L,S,Non-Polar,Polar-Neutral,,,,,,,,
VARV C3,PKR-L452V,2.437374034903473,1.4867602949651952,0.21025965731376023,50,9434.0,452.0,Region 3,Variant,L,V,Non-Polar,Non-Polar,,,,,,,,
VARV C3,PKR-L452W,0.8528948177389457,1.23214621343906,0.308036553359765,16,3051.0,452.0,Region 3,Variant,L,W,Non-Polar,Aromatic,,,,,,,,
VARV C3,PKR-L481F,2.606718027727861,1.8137817809952614,0.30229696349921026,36,4743.0,481.0,Region 4,Variant,L,F,Non-Polar,Aromatic,Conserved Kinase Residue,,,,,,,
VARV C3,PKR-L481H,-1.1006563425567708,1.5902914674505964,0.3470300488873695,21,2592.0,481.0,Region 4,Variant,L,H,Non-Polar,Positive Charge,Conserved Kinase Residue,,,,,,,
VARV C3,PKR-L481I,1.8597106878463487,1.2366794805987422,0.3193092688636911,15,2420.0,481.0,Region 4,Variant,L,I,Non-Polar,Non-Polar,Conserved Kinase Residue,,,,,,,
VARV C3,PKR-L481P,-2.998418737487472,0.8870833521711508,0.20351087824270253,19,2392.0,481.0,Region 4,Variant,L,P,Non-Polar,Unique,Conserved Kinase Residue,,,,,,,
VARV C3,PKR-L481R,-3.0297318246528615,1.1734251674035814,0.207434223271508,32,4649.0,481.0,Region 4,Variant,L,R,Non-Polar,Positive Charge,Conserved Kinase Residue,,,,,,,
VARV C3,PKR-L481V,1.397005014555926,1.145585757803179,0.20915438703515032,30,4470.0,481.0,Region 4,Variant,L,V,Non-Polar,Non-Polar,Conserved Kinase Residue,,,,,,,
VARV C3,PKR-L482F,2.2279105893696975,1.6665176587168882,0.2993154074268005,31,4009.0,482.0,Region 4,Variant,L,F,Non-Polar,Aromatic,,,,,,,,
VARV C3,PKR-L482H,0.3079760048234457,1.0787653032256455,0.24748573371361052,19,2284.0,482.0,Region 4,Variant,L,H,Non-Polar,Positive Charge,,,,,,,,
VARV C3,PKR-L482I,2.0254015541959887,1.3887157540241415,0.2723495664847237,26,3659.0,482.0,Region 4,Variant,L,I,Non-Polar,Non-Polar,,,,,,,,
VARV C3,PKR-L482P,-1.1272035338645945,2.1056996699992325,0.5627719088985771,14,1824.0,482.0,Region 4,Variant,L,P,Non-Polar,Unique,,,,,,,,
VARV C3,PKR-L482R,-0.44660486552703643,1.5344354927628092,0.295302248266908,27,3863.0,482.0,Region 4,Variant,L,R,Non-Polar,Positive Charge,,,,,,,,
VARV C3,PKR-L482V,2.3409412344606646,1.4390324818382563,0.28780649636765127,25,3688.0,482.0,Region 4,Variant,L,V,Non-Polar,Non-Polar,,,,,,,,
VARV C3,PKR-L498I,1.8919144783805844,0.8031632330792412,0.15751326915658928,26,6646.0,498.0,Region 4,Variant,L,I,Non-Polar,Non-Polar,Conserved Kinase Residue,,,,,,,
VARV C3,PKR-L498P,0.9105021799414215,0.8927609833411572,0.26917756447375873,11,2767.0,498.0,Region 4,Variant,L,P,Non-Polar,Unique,Conserved Kinase Residue,,,,,,,
VARV C3,PKR-L498Q,1.1879998921388613,1.4436770463627617,0.30102747340997965,23,6701.0,498.0,Region 4,Variant,L,Q,Non-Polar,Polar-Neutral,Conserved Kinase Residue,,,,,,,
VARV C3,PKR-L498R,0.9999314992734158,0.9762127573205417,0.21828780858712366,20,5015.0,498.0,Region 4,Variant,L,R,Non-Polar,Positive Charge,Conserved Kinase Residue,,,,,,,
VARV C3,PKR-L498V,1.9165254197770618,1.311429476483421,0.22167204036527086,35,8428.0,498.0,Region 4,Variant,L,V,Non-Polar,Non-Polar,Conserved Kinase Residue,,,,,,,
VARV C3,PKR-M265I,1.8223768740606217,1.7619445127558058,0.2219841430784159,63,12764.0,265.0,Region 1,Variant,M,I,Non-Polar,Non-Polar,,Primate Positive Selection,,,Primate Positive Selection,,Primate Positive Selection,Primate Positive Selection
VARV C3,PKR-M265K,1.5471123625551169,1.1986941203962205,0.24468241272042052,24,6218.0,265.0,Region 1,Variant,M,K,Non-Polar,Positive Charge,,Primate Positive Selection,,,Primate Positive Selection,,Primate Positive Selection,Primate Positive Selection
VARV C3,PKR-M265L,1.9707028500791492,1.641869178985133,0.29976292860088144,30,6209.0,265.0,Region 1,Variant,M,L,Non-Polar,Non-Polar,,Primate Positive Selection,,,Primate Positive Selection,,Primate Positive Selection,Primate Positive Selection
VARV C3,PKR-M265R,1.0266636482365585,1.2595868604669016,0.3148967151167254,16,3316.0,265.0,Region 1,Variant,M,R,Non-Polar,Positive Charge,,Primate Positive Selection,,,Primate Positive Selection,,Primate Positive Selection,Primate Positive Selection
VARV C3,PKR-M265T,1.533791106804293,1.3243005832495927,0.2889860793150203,21,3872.0,265.0,Region 1,Variant,M,T,Non-Polar,Polar-Neutral,,Primate Positive Selection,,,Primate Positive Selection,,Primate Positive Selection,Primate Positive Selection
VARV C3,PKR-M265V,1.4120797469437634,1.2214321944946556,0.28789432916224567,18,3282.0,265.0,Region 1,Variant,M,V,Non-Polar,Non-Polar,,Primate Positive Selection,,,Primate Positive Selection,,Primate Positive Selection,Primate Positive Selection
VARV C3,PKR-M455I,2.259785081565689,1.2765055926449282,0.14453579665089888,78,15991.0,455.0,Region 3,Variant,M,I,Non-Polar,Non-Polar,,,,Conserved PKR Residue,,Conserved PKR Residue,Conserved PKR Residue,Conserved PKR Residue
VARV C3,PKR-M455K,2.610112766824575,1.3489477168715582,0.22482461947859303,36,6827.0,455.0,Region 3,Variant,M,K,Non-Polar,Positive Charge,,,,Conserved PKR Residue,,Conserved PKR Residue,Conserved PKR Residue,Conserved PKR Residue
VARV C3,PKR-M455L,0.6412633929427679,1.5579517870776605,0.22032765468086277,50,9520.0,455.0,Region 3,Variant,M,L,Non-Polar,Non-Polar,,,,Conserved PKR Residue,,Conserved PKR Residue,Conserved PKR Residue,Conserved PKR Residue
VARV C3,PKR-M455R,4.754209485852791,1.5728938989380792,0.23447317862801528,45,7592.0,455.0,Region 3,Variant,M,R,Non-Polar,Positive Charge,,,,Conserved PKR Residue,,Conserved PKR Residue,Conserved PKR Residue,Conserved PKR Residue
VARV C3,PKR-M455T,2.8346283437732356,1.5052231815731112,0.24417944363375793,38,6830.0,455.0,Region 3,Variant,M,T,Non-Polar,Polar-Neutral,,,,Conserved PKR Residue,,Conserved PKR Residue,Conserved PKR Residue,Conserved PKR Residue
VARV C3,PKR-M455V,1.9912682741256738,1.5656055644319682,0.23875261028064573,43,7602.0,455.0,Region 3,Variant,M,V,Non-Polar,Non-Polar,,,,Conserved PKR Residue,,Conserved PKR Residue,Conserved PKR Residue,Conserved PKR Residue
VARV C3,PKR-Q376*,-3.234802020872222,1.091984332760244,0.2229003685313459,24,3175.0,376.0,Region 2,Nonsense,Q,*,Polar-Neutral,Stop,,Primate Positive Selection,,,,,Primate Positive Selection,
VARV C3,PKR-Q376E,1.3478189476740285,1.4766901264413534,0.3812797511477524,15,2136.0,376.0,Region 2,Variant,Q,E,Polar-Neutral,Negative Charge,,Primate Positive Selection,,,,,Primate Positive Selection,
VARV C3,PKR-Q376H,1.0161079103094566,1.6959826587319409,0.17778729044920175,91,11075.0,376.0,Region 2,Variant,Q,H,Polar-Neutral,Positive Charge,,Primate Positive Selection,,,,,Primate Positive Selection,
VARV C3,PKR-Q376K,1.6614988403290887,1.2119645653591755,0.29394458338127527,17,2124.0,376.0,Region 2,Variant,Q,K,Polar-Neutral,Positive Charge,,Primate Positive Selection,,,,,Primate Positive Selection,
VARV C3,PKR-Q376L,0.7861958632370377,1.5561975038777185,0.3479763405086071,20,2702.0,376.0,Region 2,Variant,Q,L,Polar-Neutral,Non-Polar,,Primate Positive Selection,,,,,Primate Positive Selection,
VARV C3,PKR-Q376P,1.8957457517610194,1.5706247185582878,0.3809324478130489,17,1822.0,376.0,Region 2,Variant,Q,P,Polar-Neutral,Unique,,Primate Positive Selection,,,,,Primate Positive Selection,
VARV C3,PKR-Q376R,1.1230616996269014,2.087157853194656,0.36896086785017446,32,4525.0,376.0,Region 2,Variant,Q,R,Polar-Neutral,Positive Charge,,Primate Positive Selection,,,,,Primate Positive Selection,
VARV C3,PKR-R262G,0.6513581497099229,1.5129094709146027,0.29670595824972673,26,4964.0,262.0,Region 1,Variant,R,G,Positive Charge,Unique,Conserved Kinase Residue,,,,,,,
VARV C3,PKR-R262K,1.9723035070836425,1.1138047588662352,0.27013733336006446,17,2947.0,262.0,Region 1,Variant,R,K,Positive Charge,Positive Charge,Conserved Kinase Residue,,,,,,,
VARV C3,PKR-R262M,1.3379570858920546,1.5862302659444607,0.31724605318889215,25,4377.0,262.0,Region 1,Variant,R,M,Positive Charge,Non-Polar,Conserved Kinase Residue,,,,,,,
VARV C3,PKR-R262S,0.9551136404854993,1.0879755301860057,0.14538684568392013,56,10559.0,262.0,Region 1,Variant,R,S,Positive Charge,Polar-Neutral,Conserved Kinase Residue,,,,,,,
VARV C3,PKR-R262T,1.2949560146004364,1.0681589313749864,0.296253984416718,13,3151.0,262.0,Region 1,Variant,R,T,Positive Charge,Polar-Neutral,Conserved Kinase Residue,,,,,,,
VARV C3,PKR-R262W,0.2532295664323969,1.3485214711249383,0.20808138049038635,42,8248.0,262.0,Region 1,Variant,R,W,Positive Charge,Aromatic,Conserved Kinase Residue,,,,,,,
VARV C3,PKR-R381G,1.64066141419465,2.3240415333015356,0.2975630267583922,61,6265.0,381.0,Region 2,Variant,R,G,Positive Charge,Unique,,,,,,,,
VARV C3,PKR-R381I,1.039155037080219,1.808282844369004,0.3616565688738008,25,2688.0,381.0,Region 2,Variant,R,I,Positive Charge,Non-Polar,,,,,,,,
VARV C3,PKR-R381K,0.19704047794435875,2.6385919473691577,0.761695885547581,12,1355.0,381.0,Region 2,Variant,R,K,Positive Charge,Positive Charge,,,,,,,,
VARV C3,PKR-R381S,2.1215583289844058,2.4867935465730517,0.3707092944096755,45,4252.0,381.0,Region 2,Variant,R,S,Positive Charge,Polar-Neutral,,,,,,,,
VARV C3,PKR-R381T,2.1777391404417648,1.7312785468147986,0.6543617835790361,7,544.0,381.0,Region 2,Variant,R,T,Positive Charge,Polar-Neutral,,,,,,,,
VARV C3,PKR-R382G,2.710865456203285,2.3457296475298257,0.3577204176351031,43,4588.0,382.0,Region 2,Variant,R,G,Positive Charge,Unique,,,Vertebrate Positive Selection,,,Vertebrate Positive Selection,,
VARV C3,PKR-R382I,3.5454822864674367,2.2699507276229705,0.42898036526146394,28,3132.0,382.0,Region 2,Variant,R,I,Positive Charge,Non-Polar,,,Vertebrate Positive Selection,,,Vertebrate Positive Selection,,
VARV C3,PKR-R382K,5.124103112013897,2.649176928621681,0.7347494810708982,13,1641.0,382.0,Region 2,Variant,R,K,Positive Charge,Positive Charge,,,Vertebrate Positive Selection,,,Vertebrate Positive Selection,,
VARV C3,PKR-R382S,3.0438401386538008,2.3366976556444117,0.35227042601252734,44,3953.0,382.0,Region 2,Variant,R,S,Positive Charge,Polar-Neutral,,,Vertebrate Positive Selection,,,Vertebrate Positive Selection,,
VARV C3,PKR-R382T,3.9717906092475768,1.8792975987545135,0.5212233733973654,13,1233.0,382.0,Region 2,Variant,R,T,Positive Charge,Polar-Neutral,,,Vertebrate Positive Selection,,,Vertebrate Positive Selection,,
VARV C3,PKR-R453*,-3.1003994757831106,0.8354750410168457,0.1218665597546253,47,7839.0,453.0,Region 3,Nonsense,R,*,Positive Charge,Stop,,,,,,,,
VARV C3,PKR-R453G,0.5455606734231665,1.4046469646332942,0.2071038961725715,46,8415.0,453.0,Region 3,Variant,R,G,Positive Charge,Unique,,,,,,,,
VARV C3,PKR-R453L,-1.962569586414159,0.9895528256633259,0.13994390267376944,50,10126.0,453.0,Region 3,Variant,R,L,Positive Charge,Non-Polar,,,,,,,,
VARV C3,PKR-R453P,-0.5868776657562715,1.2378217111978707,0.3196041915362213,15,2463.0,453.0,Region 3,Variant,R,P,Positive Charge,Unique,,,,,,,,
VARV C3,PKR-R453Q,-1.7925152271126414,1.6890556036167048,0.37768431474638914,20,3731.0,453.0,Region 3,Variant,R,Q,Positive Charge,Polar-Neutral,,,,,,,,
VARV C3,PKR-R499G,3.104817908958454,1.3887943207977202,0.24943482343994428,31,7818.0,499.0,Region 4,Variant,R,G,Positive Charge,Unique,Conserved Kinase Residue,,,,,,,
VARV C3,PKR-R499L,2.607995397130656,1.3740674483907045,0.25086924567238483,30,7232.0,499.0,Region 4,Variant,R,L,Positive Charge,Non-Polar,Conserved Kinase Residue,,,,,,,
VARV C3,PKR-R499P,1.7475215480833703,1.1315030198851108,0.24691420179498302,21,6206.0,499.0,Region 4,Variant,R,P,Positive Charge,Unique,Conserved Kinase Residue,,,,,,,
VARV C3,PKR-R499Q,3.3263565208335693,1.3511646554829044,0.23520757603665204,33,9052.0,499.0,Region 4,Variant,R,Q,Positive Charge,Polar-Neutral,Conserved Kinase Residue,,,,,,,
VARV C3,PKR-R499W,2.7085530545578136,1.506531683619928,0.22458048365542435,45,11254.0,499.0,Region 4,Variant,R,W,Positive Charge,Aromatic,Conserved Kinase Residue,,,,,,,
VARV C3,PKR-S275*,-3.092798647595709,1.1766931037786477,0.14484090856921245,66,9236.0,275.0,Region 1,Nonsense,S,*,Polar-Neutral,Stop,,Primate Positive Selection,,,Primate Positive Selection,,Primate Positive Selection,Primate Positive Selection
VARV C3,PKR-S275A,1.7933437447135114,1.833810153226319,0.30997049067271526,35,4309.0,275.0,Region 1,Variant,S,A,Polar-Neutral,Non-Polar,,Primate Positive Selection,,,Primate Positive Selection,,Primate Positive Selection,Primate Positive Selection
VARV C3,PKR-S275L,2.733300656020319,1.686323495858544,0.18509805062614074,83,10574.0,275.0,Region 1,Variant,S,L,Polar-Neutral,Non-Polar,,Primate Positive Selection,,,Primate Positive Selection,,Primate Positive Selection,Primate Positive Selection
VARV C3,PKR-S275P,-2.4232035802833205,1.6325374523045169,0.3480581543086862,22,3160.0,275.0,Region 1,Variant,S,P,Polar-Neutral,Unique,,Primate Positive Selection,,,Primate Positive Selection,,Primate Positive Selection,Primate Positive Selection
VARV C3,PKR-S275T,1.507133679469876,1.8773779558413237,0.2655013366851077,50,6302.0,275.0,Region 1,Variant,S,T,Polar-Neutral,Polar-Neutral,,Primate Positive Selection,,,Primate Positive Selection,,Primate Positive Selection,Primate Positive Selection
VARV C3,PKR-S448C,1.802099587392712,1.6754016541482215,0.19609093161580265,73,10192.0,448.0,Region 3,Variant,S,C,Polar-Neutral,Polar-Neutral,,,Vertebrate Positive Selection,,,Vertebrate Positive Selection,,
VARV C3,PKR-S448G,0.5012688059581415,1.3250805577781255,0.18375561135344057,52,6831.0,448.0,Region 3,Variant,S,G,Polar-Neutral,Unique,,,Vertebrate Positive Selection,,,Vertebrate Positive Selection,,
VARV C3,PKR-S448I,0.5711195323876461,1.4680313308856823,0.23211613410435233,40,5098.0,448.0,Region 3,Variant,S,I,Polar-Neutral,Non-Polar,,,Vertebrate Positive Selection,,,Vertebrate Positive Selection,,
VARV C3,PKR-S448N,1.833995385888011,1.3988458137421789,0.2982349295608793,22,3224.0,448.0,Region 3,Variant,S,N,Polar-Neutral,Polar-Neutral,,,Vertebrate Positive Selection,,,Vertebrate Positive Selection,,
VARV C3,PKR-S448R,0.86829431321217,1.7511986304606586,0.18257507816402802,92,10916.0,448.0,Region 3,Variant,S,R,Polar-Neutral,Positive Charge,,,Vertebrate Positive Selection,,,Vertebrate Positive Selection,,
VARV C3,PKR-S448T,1.9499236229446242,1.4053162924040745,0.27045324657201975,27,3805.0,448.0,Region 3,Variant,S,T,Polar-Neutral,Polar-Neutral,,,Vertebrate Positive Selection,,,Vertebrate Positive Selection,,
VARV C3,PKR-S492A,0.2089007300297296,1.9292594539453862,0.32154324232423104,36,4975.0,492.0,Region 4,Variant,S,A,Polar-Neutral,Non-Polar,,Primate Positive Selection,,,Primate Positive Selection,,Primate Positive Selection,Primate Positive Selection
VARV C3,PKR-S492L,2.8928150683665184,1.6068542137357815,0.1807852234426127,79,10714.0,492.0,Region 4,Variant,S,L,Polar-Neutral,Non-Polar,,Primate Positive Selection,,,Primate Positive Selection,,Primate Positive Selection,Primate Positive Selection
VARV C3,PKR-S492P,-1.491775156709076,0.9906365849467056,0.1981273169893411,25,3502.0,492.0,Region 4,Variant,S,P,Polar-Neutral,Unique,,Primate Positive Selection,,,Primate Positive Selection,,Primate Positive Selection,Primate Positive Selection
VARV C3,PKR-S492T,-0.8746786880255961,1.539951075637448,0.22705339897482327,46,6317.0,492.0,Region 4,Variant,S,T,Polar-Neutral,Polar-Neutral,,Primate Positive Selection,,,Primate Positive Selection,,Primate Positive Selection,Primate Positive Selection
VARV C3,PKR-S504A,1.8276749916534707,1.2463763897075901,0.2106760617509075,35,6114.0,504.0,Region 4,Variant,S,A,Polar-Neutral,Non-Polar,,,Vertebrate Positive Selection,,,Vertebrate Positive Selection,,
VARV C3,PKR-S504L,1.7707657358031026,1.380986460333197,0.19337678367169128,51,10723.0,504.0,Region 4,Variant,S,L,Polar-Neutral,Non-Polar,,,Vertebrate Positive Selection,,,Vertebrate Positive Selection,,
VARV C3,PKR-S504P,2.0206456795381023,1.2097497496227534,0.25791951323059137,22,4381.0,504.0,Region 4,Variant,S,P,Polar-Neutral,Unique,,,Vertebrate Positive Selection,,,Vertebrate Positive Selection,,
VARV C3,PKR-S504T,2.667776642330684,1.9230355255488936,0.513952862799909,14,2376.0,504.0,Region 4,Variant,S,T,Polar-Neutral,Polar-Neutral,,,Vertebrate Positive Selection,,,Vertebrate Positive Selection,,
VARV C3,PKR-T255A,1.7719985787198533,1.4533324069671427,0.19596730177812405,55,9510.0,255.0,Region 1,Variant,T,A,Polar-Neutral,Non-Polar,,Primate Positive Selection,,,Primate Positive Selection,,Primate Positive Selection,Primate Positive Selection
VARV C3,PKR-T255I,2.345358448775425,1.3921041659196365,0.21741014453246987,41,7404.0,255.0,Region 1,Variant,T,I,Polar-Neutral,Non-Polar,,Primate Positive Selection,,,Primate Positive Selection,,Primate Positive Selection,Primate Positive Selection
VARV C3,PKR-T255K,1.6939471594829172,0.9212711790452311,0.14566576342258586,40,7451.0,255.0,Region 1,Variant,T,K,Polar-Neutral,Positive Charge,,Primate Positive Selection,,,Primate Positive Selection,,Primate Positive Selection,Primate Positive Selection
VARV C3,PKR-T255P,1.8347073993833238,1.697492024154444,0.35395155478312174,23,4108.0,255.0,Region 1,Variant,T,P,Polar-Neutral,Unique,,Primate Positive Selection,,,Primate Positive Selection,,Primate Positive Selection,Primate Positive Selection
VARV C3,PKR-T255R,2.212121259221135,1.1846371773179862,0.25256549482568297,22,3131.0,255.0,Region 1,Variant,T,R,Polar-Neutral,Positive Charge,,Primate Positive Selection,,,Primate Positive Selection,,Primate Positive Selection,Primate Positive Selection
VARV C3,PKR-T255S,1.5247731450690827,1.460907393514583,0.22815540341605062,41,7026.0,255.0,Region 1,Variant,T,S,Polar-Neutral,Polar-Neutral,,Primate Positive Selection,,,Primate Positive Selection,,Primate Positive Selection,Primate Positive Selection
VARV C3,PKR-T258A,0.7710250396423978,1.7355177202259706,0.316860734772568,30,5001.0,258.0,Region 1,Variant,T,A,Polar-Neutral,Non-Polar,,,,,,,,
VARV C3,PKR-T258I,0.714961431644085,1.2839448271643812,0.19579975052851134,43,6537.0,258.0,Region 1,Variant,T,I,Polar-Neutral,Non-Polar,,,,,,,,
VARV C3,PKR-T258N,0.6437092433882665,1.450845669158432,0.24881797952080753,34,5387.0,258.0,Region 1,Variant,T,N,Polar-Neutral,Polar-Neutral,,,,,,,,
VARV C3,PKR-T258P,0.5787444463486419,1.3612812868637778,0.2619787058045341,27,4467.0,258.0,Region 1,Variant,T,P,Polar-Neutral,Unique,,,,,,,,
VARV C3,PKR-T258S,1.783819917379304,1.5658471139089467,0.26097451898482443,36,6046.0,258.0,Region 1,Variant,T,S,Polar-Neutral,Polar-Neutral,,,,,,,,
VARV C3,PKR-T373A,0.6307325735365369,1.5784939498153794,0.25950280681728183,37,4835.0,373.0,Region 2,Variant,T,A,Polar-Neutral,Non-Polar,,,,,,,,
VARV C3,PKR-T373I,0.5531863014685308,1.2833705267454805,0.1833386466779258,49,7226.0,373.0,Region 2,Variant,T,I,Polar-Neutral,Non-Polar,,,,,,,,
VARV C3,PKR-T373N,1.517094295480227,2.1854006595651945,0.3499441729405943,39,5292.0,373.0,Region 2,Variant,T,N,Polar-Neutral,Polar-Neutral,,,,,,,,
VARV C3,PKR-T373P,-0.9693064370793734,1.201094346924777,0.30027358673119425,16,1838.0,373.0,Region 2,Variant,T,P,Polar-Neutral,Unique,,,,,,,,
VARV C3,PKR-T373S,-1.1975213217665999,1.9524732341111064,0.3300282122105097,35,4558.0,373.0,Region 2,Variant,T,S,Polar-Neutral,Polar-Neutral,,,,,,,,
VARV C3,PKR-T451A,-2.952229077176563,0.9386409414917377,0.14483544168374704,42,5503.0,451.0,Region 3,Variant,T,A,Polar-Neutral,Non-Polar,Conserved Kinase Residue,,,Conserved PKR Residue,,Conserved PKR Residue,Conserved PKR Residue,Conserved PKR Residue
VARV C3,PKR-T451I,-2.572725313437647,1.654674502960148,0.2068343128700185,64,8255.0,451.0,Region 3,Variant,T,I,Polar-Neutral,Non-Polar,Conserved Kinase Residue,,,Conserved PKR Residue,,Conserved PKR Residue,Conserved PKR Residue,Conserved PKR Residue
VARV C3,PKR-T451N,-2.691383762126256,1.7617699124219282,0.2751422348050926,41,5267.0,451.0,Region 3,Variant,T,N,Polar-Neutral,Polar-Neutral,Conserved Kinase Residue,,,Conserved PKR Residue,,Conserved PKR Residue,Conserved PKR Residue,Conserved PKR Residue
VARV C3,PKR-T451P,-2.9164176046937467,0.9060048116686421,0.165413090853045,30,3389.0,451.0,Region 3,Variant,T,P,Polar-Neutral,Unique,Conserved Kinase Residue,,,Conserved PKR Residue,,Conserved PKR Residue,Conserved PKR Residue,Conserved PKR Residue
VARV C3,PKR-T451S,0.0041147461650516545,1.3692903267830516,0.2192619320509345,39,4956.0,451.0,Region 3,Variant,T,S,Polar-Neutral,Polar-Neutral,Conserved Kinase Residue,,,Conserved PKR Residue,,Conserved PKR Residue,Conserved PKR Residue,Conserved PKR Residue
VARV C3,PKR-T487A,-1.7414475916500918,0.8874463186014844,0.16479464424668236,29,7167.0,487.0,Region 4,Variant,T,A,Polar-Neutral,Non-Polar,Conserved Kinase Residue,,,,,,,
VARV C3,PKR-T487I,-2.3837313909481987,0.8671897450164443,0.16388345748707325,28,7742.0,487.0,Region 4,Variant,T,I,Polar-Neutral,Non-Polar,Conserved Kinase Residue,,,,,,,
VARV C3,PKR-T487N,-2.6503168638242034,0.8381814585820028,0.16763629171640054,25,5872.0,487.0,Region 4,Variant,T,N,Polar-Neutral,Polar-Neutral,Conserved Kinase Residue,,,,,,,
VARV C3,PKR-T487P,-2.3415754201236747,0.8835417319123574,0.20825278336551153,18,4728.0,487.0,Region 4,Variant,T,P,Polar-Neutral,Unique,Conserved Kinase Residue,,,,,,,
VARV C3,PKR-T487S,3.153611630006991,1.3173612530095153,0.2874717933103798,21,4725.0,487.0,Region 4,Variant,T,S,Polar-Neutral,Polar-Neutral,Conserved Kinase Residue,,,,,,,
VARV C3,PKR-T491A,2.4817908383056593,1.3954144050547121,0.2909640170367849,23,5685.0,491.0,Region 4,Variant,T,A,Polar-Neutral,Non-Polar,,,Vertebrate Positive Selection,,,Vertebrate Positive Selection,,
VARV C3,PKR-T491I,3.5892158998730164,1.6002960488809894,0.3138438761834461,26,5693.0,491.0,Region 4,Variant,T,I,Polar-Neutral,Non-Polar,,,Vertebrate Positive Selection,,,Vertebrate Positive Selection,,
VARV C3,PKR-T491K,3.7679376204553012,1.2120023611037878,0.4040007870345959,9,2531.0,491.0,Region 4,Variant,T,K,Polar-Neutral,Positive Charge,,,Vertebrate Positive Selection,,,Vertebrate Positive Selection,,
VARV C3,PKR-T491P,-3.097940422957182,0.6703347168462015,0.17915448892132915,14,3229.0,491.0,Region 4,Variant,T,P,Polar-Neutral,Unique,,,Vertebrate Positive Selection,,,Vertebrate Positive Selection,,
VARV C3,PKR-T491R,4.530048750748527,1.2208574769996159,0.2664129429096928,21,4846.0,491.0,Region 4,Variant,T,R,Polar-Neutral,Positive Charge,,,Vertebrate Positive Selection,,,Vertebrate Positive Selection,,
VARV C3,PKR-T491S,1.2081601350667117,1.1081690074772634,0.2310692112703317,23,6168.0,491.0,Region 4,Variant,T,S,Polar-Neutral,Polar-Neutral,,,Vertebrate Positive Selection,,,Vertebrate Positive Selection,,
VARV C3,PKR-T496A,0.9277176681671497,1.6099201459172074,0.30424630976926775,28,3733.0,496.0,Region 4,Variant,T,A,Polar-Neutral,Non-Polar,,Primate Positive Selection,,,Primate Positive Selection,,Primate Positive Selection,Primate Positive Selection
VARV C3,PKR-T496I,-0.1683653077579357,1.394041417327136,0.25886699242337924,29,3293.0,496.0,Region 4,Variant,T,I,Polar-Neutral,Non-Polar,,Primate Positive Selection,,,Primate Positive Selection,,Primate Positive Selection,Primate Positive Selection
VARV C3,PKR-T496K,0.8211164898156272,1.327342721457155,0.22436186970448854,35,5007.0,496.0,Region 4,Variant,T,K,Polar-Neutral,Positive Charge,,Primate Positive Selection,,,Primate Positive Selection,,Primate Positive Selection,Primate Positive Selection
VARV C3,PKR-T496P,3.2570908663909326,1.6436926474928273,0.35868314173229754,21,2948.0,496.0,Region 4,Variant,T,P,Polar-Neutral,Unique,,Primate Positive Selection,,,Primate Positive Selection,,Primate Positive Selection,Primate Positive Selection
VARV C3,PKR-T496R,0.25345219154019116,1.5580240676159658,0.2322565150513352,45,5849.0,496.0,Region 4,Variant,T,R,Polar-Neutral,Positive Charge,,Primate Positive Selection,,,Primate Positive Selection,,Primate Positive Selection,Primate Positive Selection
VARV C3,PKR-T496S,1.9837456330660836,1.7688006958760367,0.3342719114375703,28,3739.0,496.0,Region 4,Variant,T,S,Polar-Neutral,Polar-Neutral,,Primate Positive Selection,,,Primate Positive Selection,,Primate Positive Selection,Primate Positive Selection
VARV C3,PKR-V259A,1.7462007935523691,1.8538268378977305,0.3007304241741176,38,6046.0,259.0,Region 1,Variant,V,A,Non-Polar,Non-Polar,,Primate Positive Selection,,,Primate Positive Selection,,Primate Positive Selection,Primate Positive Selection
VARV C3,PKR-V259E,1.5150850582268438,1.1981665520389582,0.16944633878753032,50,8496.0,259.0,Region 1,Variant,V,E,Non-Polar,Negative Charge,,Primate Positive Selection,,,Primate Positive Selection,,Primate Positive Selection,Primate Positive Selection
VARV C3,PKR-V259G,2.0636533345972308,1.7260397565477235,0.3452079513095447,25,3784.0,259.0,Region 1,Variant,V,G,Non-Polar,Unique,,Primate Positive Selection,,,Primate Positive Selection,,Primate Positive Selection,Primate Positive Selection
VARV C3,PKR-V259L,1.8296883171087857,1.7243318063623465,0.22261027897923735,60,9869.0,259.0,Region 1,Variant,V,L,Non-Polar,Non-Polar,,Primate Positive Selection,,,Primate Positive Selection,,Primate Positive Selection,Primate Positive Selection
VARV C3,PKR-V259M,1.7981227921924436,1.302769691686395,0.18803860804680647,48,8468.0,259.0,Region 1,Variant,V,M,Non-Polar,Non-Polar,,Primate Positive Selection,,,Primate Positive Selection,,Primate Positive Selection,Primate Positive Selection
VARV C3,PKR-V484A,3.970851488681921,1.7620317450131606,0.3217015112612997,30,4389.0,484.0,Region 4,Variant,V,A,Non-Polar,Non-Polar,,,,,,,,
VARV C3,PKR-V484E,4.538548222831661,1.438095532821165,0.3215679369526905,20,3093.0,484.0,Region 4,Variant,V,E,Non-Polar,Negative Charge,,,,,,,,
VARV C3,PKR-V484G,4.334467230859558,1.6507210339819742,0.31195695284712177,28,4002.0,484.0,Region 4,Variant,V,G,Non-Polar,Unique,,,,,,,,
VARV C3,PKR-V484I,2.2147473666854656,1.5296161026064095,0.2890702720640298,28,3843.0,484.0,Region 4,Variant,V,I,Non-Polar,Non-Polar,,,,,,,,
VARV C3,PKR-V484L,3.433271282069513,1.726511154447392,0.22477260699375096,59,8685.0,484.0,Region 4,Variant,V,L,Non-Polar,Non-Polar,,,,,,,,
VARV C3,PKR-W377C,0.9612731879477201,1.4475621621696488,0.1900742238572038,58,7489.0,377.0,Region 2,Variant,W,C,Aromatic,Polar-Neutral,,,,Conserved PKR Residue,,Conserved PKR Residue,Conserved PKR Residue,Conserved PKR Residue
VARV C3,PKR-W377G,0.19008961359611595,1.4205097346101818,0.2637820355522319,29,3556.0,377.0,Region 2,Variant,W,G,Aromatic,Unique,,,,Conserved PKR Residue,,Conserved PKR Residue,Conserved PKR Residue,Conserved PKR Residue
VARV C3,PKR-W377L,1.019168078607788,1.7637772276266024,0.2939628712711004,36,4893.0,377.0,Region 2,Variant,W,L,Aromatic,Non-Polar,,,,Conserved PKR Residue,,Conserved PKR Residue,Conserved PKR Residue,Conserved PKR Residue
VARV C3,PKR-W377R,2.142337535982992,1.749426951966798,0.2732145882379726,41,5183.0,377.0,Region 2,Variant,W,R,Aromatic,Positive Charge,,,,Conserved PKR Residue,,Conserved PKR Residue,Conserved PKR Residue,Conserved PKR Residue
VARV C3,PKR-W377S,0.8009780199115928,2.0640467101842668,0.376841647637417,30,3224.0,377.0,Region 2,Variant,W,S,Aromatic,Polar-Neutral,,,,Conserved PKR Residue,,Conserved PKR Residue,Conserved PKR Residue,Conserved PKR Residue
VARV C3,PKR-WT,1.9017689783622673,1.5739443029082978,0.08677435834643857,329,54508.0,,,WT,,,,,,,,,,,,
VARV C3,PKR-Y257C,1.1795653957504677,1.7617078377852176,0.2686579266059899,43,7244.0,257.0,Region 1,Variant,Y,C,Aromatic,Polar-Neutral,,,,,,,,
VARV C3,PKR-Y257D,1.130506072244909,1.2628515278873758,0.21983423379470596,33,5872.0,257.0,Region 1,Variant,Y,D,Aromatic,Negative Charge,,,,,,,,
VARV C3,PKR-Y257F,1.7978459421797193,1.2887779558574284,0.1737787841169473,55,9686.0,257.0,Region 1,Variant,Y,F,Aromatic,Aromatic,,,,,,,,
VARV C3,PKR-Y257H,2.134572502450235,1.6909658243359835,0.2943593670016023,33,5743.0,257.0,Region 1,Variant,Y,H,Aromatic,Positive Charge,,,,,,,,
VARV C3,PKR-Y257N,1.316725208306964,1.5973196940484835,0.22366949554018054,51,9457.0,257.0,Region 1,Variant,Y,N,Aromatic,Polar-Neutral,,,,,,,,
VARV C3,PKR-Y257S,1.4309080551475621,1.2406977465667994,0.23877239265443456,27,4356.0,257.0,Region 1,Variant,Y,S,Aromatic,Polar-Neutral,,,,,,,,
VARV C3,PKR-Y454C,0.10093140353630087,1.2003904361271411,0.19734297207033819,37,7018.0,454.0,Region 3,Variant,Y,C,Aromatic,Polar-Neutral,Conserved Kinase Residue,,,Conserved PKR Residue,,Conserved PKR Residue,Conserved PKR Residue,Conserved PKR Residue
VARV C3,PKR-Y454D,-2.8964934193704743,0.8172341207595666,0.14015449544044786,34,6573.0,454.0,Region 3,Variant,Y,D,Aromatic,Negative Charge,Conserved Kinase Residue,,,Conserved PKR Residue,,Conserved PKR Residue,Conserved PKR Residue,Conserved PKR Residue
VARV C3,PKR-Y454F,3.0708231153677192,1.7196828169143987,0.32498950481903705,28,5726.0,454.0,Region 3,Variant,Y,F,Aromatic,Aromatic,Conserved Kinase Residue,,,Conserved PKR Residue,,Conserved PKR Residue,Conserved PKR Residue,Conserved PKR Residue
VARV C3,PKR-Y454H,2.8212078923976347,1.764118704744258,0.32758861946194767,29,5427.0,454.0,Region 3,Variant,Y,H,Aromatic,Positive Charge,Conserved Kinase Residue,,,Conserved PKR Residue,,Conserved PKR Residue,Conserved PKR Residue,Conserved PKR Residue
VARV C3,PKR-Y454N,-1.9606417503970532,0.881931190611405,0.14907357962460305,35,7477.0,454.0,Region 3,Variant,Y,N,Aromatic,Polar-Neutral,Conserved Kinase Residue,,,Conserved PKR Residue,,Conserved PKR Residue,Conserved PKR Residue,Conserved PKR Residue
VARV C3,PKR-Y454S,-1.568138552510063,1.1999981674492448,0.28284228053826377,18,3243.0,454.0,Region 3,Variant,Y,S,Aromatic,Polar-Neutral,Conserved Kinase Residue,,,Conserved PKR Residue,,Conserved PKR Residue,Conserved PKR Residue,Conserved PKR Residue
